ID_REGISTRO;CD_PERSONA;NU_DOCUMENTO;NOMBRE;ID_MATRICULA;NU_MATRICULA;ORIGEN_NU_MATRICULA;CATEGORIA_ORIGINAL;CATEGORIA_VERIFICADA;NIVEL_EVIDENCIA;MOTIVO;MATRICULA_RELACIONADA;PERSONA_RELACIONADA;CASO_RELACIONADO;REGISTRO_RELACIONADO;RECOMENDACION;BANDA_ID;DT_ALTA;CD_USER_STORE;NU_CASO_ORIGEN;RECIENTE;GRUPO_COPIAS
184-3;1605172;24154268;JURY, MARIELA ANABEL;184;500000184;NU_MATRICULA real = depto + ID huérfano (R18);5-ORIGINAL_CON_TITULARIDAD_EN_OTRA;MATRICULACION_CON_NUMERO_DE_PROCEDENCIA + GRUPO_C;MEDIO;"El trámite de matriculación (R18 86194, 2018-12-21, ACHIARELLO, anexado al mismo caso 00CASO034630418000) generó la matrícula ID 1568507 (500000184) desde la procedencia ""MAT 184"" del depto 05. La fila B2 quedó con ID_MATRICULA = 184 (número de procedencia) en vez de 1568507. En esa matrícula la MISMA persona figura como titular HISTÓRICO (B4): la titularidad ya está registrada y cerrada, y el huérfano la sigue mostrando como activa. El grupo (2 filas) cambian datos relevantes: NU_ASIEN_2: pueden ser actos distintos (otra fecha de adquisición u otro porcentaje), así que hay que compararlo con la matrícula real antes de tocarlo.";1568507;1605172;00CASO034630418000;B4 de 1568507;REVISAR;A;2018-12-21 14:11:02;ACHIARELLO;00CASO034630418000;0;2 filas, tipo C, representante 184-3
184-7;1605172;24154268;JURY, MARIELA ANABEL;184;500000184;NU_MATRICULA real = depto + ID huérfano (R18);3-COPIA_REGRABADO;MATRICULACION_CON_NUMERO_DE_PROCEDENCIA + COPIA_C;MEDIO;"El trámite de matriculación (R18 86194, 2018-12-21, ACHIARELLO) generó la matrícula ID 1568507 (500000184) desde la procedencia ""MAT 184"" del depto 05. La fila B2 quedó con ID_MATRICULA = 184 (número de procedencia) en vez de 1568507. En esa matrícula la MISMA persona figura como titular HISTÓRICO (B4): la titularidad ya está registrada y cerrada, y el huérfano la sigue mostrando como activa. Además es la copia n.º 2 de 2 de la misma titularidad en el mismo ID (tipo C: cambian datos relevantes: NU_ASIEN_2); se conserva como representante 184-3. El grupo (2 filas) cambian datos relevantes: NU_ASIEN_2: pueden ser actos distintos (otra fecha de adquisición u otro porcentaje), así que hay que compararlo con la matrícula real antes de tocarlo.";1568507;1605172;R18 86194;B4 de 1568507;REVISAR;A;2018-12-21 14:13:06;ACHIARELLO;;1;2 filas, tipo C, representante 184-3
184-2;1605173;20112093;JURY, VIVIANA CLAUDIA;184;500000184;NU_MATRICULA real = depto + ID huérfano (R18);5-ORIGINAL_CON_TITULARIDAD_EN_OTRA;MATRICULACION_CON_NUMERO_DE_PROCEDENCIA + GRUPO_C;MEDIO;"El trámite de matriculación (R18 86194, 2018-12-21, ACHIARELLO, anexado al mismo caso 00CASO034630418000) generó la matrícula ID 1568507 (500000184) desde la procedencia ""MAT 184"" del depto 05. La fila B2 quedó con ID_MATRICULA = 184 (número de procedencia) en vez de 1568507. En esa matrícula la MISMA persona figura como titular HISTÓRICO (B4): la titularidad ya está registrada y cerrada, y el huérfano la sigue mostrando como activa. El grupo (2 filas) cambian datos relevantes: NU_ASIEN_2: pueden ser actos distintos (otra fecha de adquisición u otro porcentaje), así que hay que compararlo con la matrícula real antes de tocarlo.";1568507;1605173;00CASO034630418000;B4 de 1568507;REVISAR;A;2018-12-21 14:10:47;ACHIARELLO;00CASO034630418000;0;2 filas, tipo C, representante 184-2
184-6;1605173;20112093;JURY, VIVIANA CLAUDIA;184;500000184;NU_MATRICULA real = depto + ID huérfano (R18);3-COPIA_REGRABADO;MATRICULACION_CON_NUMERO_DE_PROCEDENCIA + COPIA_C;MEDIO;"El trámite de matriculación (R18 86194, 2018-12-21, ACHIARELLO) generó la matrícula ID 1568507 (500000184) desde la procedencia ""MAT 184"" del depto 05. La fila B2 quedó con ID_MATRICULA = 184 (número de procedencia) en vez de 1568507. En esa matrícula la MISMA persona figura como titular HISTÓRICO (B4): la titularidad ya está registrada y cerrada, y el huérfano la sigue mostrando como activa. Además es la copia n.º 2 de 2 de la misma titularidad en el mismo ID (tipo C: cambian datos relevantes: NU_ASIEN_2); se conserva como representante 184-2. El grupo (2 filas) cambian datos relevantes: NU_ASIEN_2: pueden ser actos distintos (otra fecha de adquisición u otro porcentaje), así que hay que compararlo con la matrícula real antes de tocarlo.";1568507;1605173;R18 86194;B4 de 1568507;REVISAR;A;2018-12-21 14:12:48;ACHIARELLO;;1;2 filas, tipo C, representante 184-2
184-1;1605174;25180525;JURY, ALFREDO JORGE;184;500000184;NU_MATRICULA real = depto + ID huérfano (R18);5-ORIGINAL_CON_TITULARIDAD_EN_OTRA;MATRICULACION_CON_NUMERO_DE_PROCEDENCIA + GRUPO_C;MEDIO;"El trámite de matriculación (R18 86194, 2018-12-21, ACHIARELLO, anexado al mismo caso 00CASO034630418000) generó la matrícula ID 1568507 (500000184) desde la procedencia ""MAT 184"" del depto 05. La fila B2 quedó con ID_MATRICULA = 184 (número de procedencia) en vez de 1568507. En esa matrícula la MISMA persona figura como titular HISTÓRICO (B4): la titularidad ya está registrada y cerrada, y el huérfano la sigue mostrando como activa. El grupo (2 filas) cambian datos relevantes: NU_ASIEN_2: pueden ser actos distintos (otra fecha de adquisición u otro porcentaje), así que hay que compararlo con la matrícula real antes de tocarlo.";1568507;1605174;00CASO034630418000;B4 de 1568507;REVISAR;A;2018-12-21 14:10:29;ACHIARELLO;00CASO034630418000;0;2 filas, tipo C, representante 184-1
184-5;1605174;25180525;JURY, ALFREDO JORGE;184;500000184;NU_MATRICULA real = depto + ID huérfano (R18);3-COPIA_REGRABADO;MATRICULACION_CON_NUMERO_DE_PROCEDENCIA + COPIA_C;MEDIO;"El trámite de matriculación (R18 86194, 2018-12-21, ACHIARELLO) generó la matrícula ID 1568507 (500000184) desde la procedencia ""MAT 184"" del depto 05. La fila B2 quedó con ID_MATRICULA = 184 (número de procedencia) en vez de 1568507. En esa matrícula la MISMA persona figura como titular HISTÓRICO (B4): la titularidad ya está registrada y cerrada, y el huérfano la sigue mostrando como activa. Además es la copia n.º 2 de 2 de la misma titularidad en el mismo ID (tipo C: cambian datos relevantes: NU_ASIEN_2); se conserva como representante 184-1. El grupo (2 filas) cambian datos relevantes: NU_ASIEN_2: pueden ser actos distintos (otra fecha de adquisición u otro porcentaje), así que hay que compararlo con la matrícula real antes de tocarlo.";1568507;1605174;R18 86194;B4 de 1568507;REVISAR;A;2018-12-21 14:12:28;ACHIARELLO;;1;2 filas, tipo C, representante 184-1
184-0;1605175;17598181;JURY, GUSTAVO ENRIQUE;184;500000184;NU_MATRICULA real = depto + ID huérfano (R18);6-ORIGINAL_UNICO;MATRICULACION_CON_NUMERO_DE_PROCEDENCIA;MEDIO;"El trámite de matriculación (R18 86194, 2018-12-21, ACHIARELLO, anexado al mismo caso 00CASO034630418000) generó la matrícula ID 1568507 (500000184) desde la procedencia ""MAT 184"" del depto 05. La fila B2 quedó con ID_MATRICULA = 184 (número de procedencia) en vez de 1568507. En esa matrícula la MISMA persona figura como titular HISTÓRICO (B4): la titularidad ya está registrada y cerrada, y el huérfano la sigue mostrando como activa.";1568507;1605175;00CASO034630418000;B4 de 1568507;CANDIDATO_ELIMINACION;A;2018-12-21 14:10:10;ACHIARELLO;00CASO034630418000;0;2 filas, tipo B, representante 184-0
184-4;1605175;17598181;JURY, GUSTAVO ENRIQUE;184;500000184;NU_MATRICULA real = depto + ID huérfano (R18);3-COPIA_REGRABADO;MATRICULACION_CON_NUMERO_DE_PROCEDENCIA + COPIA_B;MEDIO;"El trámite de matriculación (R18 86194, 2018-12-21, ACHIARELLO) generó la matrícula ID 1568507 (500000184) desde la procedencia ""MAT 184"" del depto 05. La fila B2 quedó con ID_MATRICULA = 184 (número de procedencia) en vez de 1568507. En esa matrícula la MISMA persona figura como titular HISTÓRICO (B4): la titularidad ya está registrada y cerrada, y el huérfano la sigue mostrando como activa. Además es la copia n.º 2 de 2 de la misma titularidad en el mismo ID (tipo B: diferencias menores: NU_CASO_ORIGEN, RECIENTE); se conserva como representante 184-0.";1568507;1605175;R18 86194;B4 de 1568507;CANDIDATO_ELIMINACION;A;2018-12-21 14:12:10;ACHIARELLO;;1;2 filas, tipo B, representante 184-0
2083-0;1502427;216034;BENITO, RICARDO;2083;400002083;NU_MATRICULA real = depto + ID huérfano (R18);5-ORIGINAL_CON_TITULARIDAD_EN_OTRA;MATRICULACION_CON_NUMERO_DE_PROCEDENCIA;MEDIO;"El trámite de matriculación (R18 152722, 2020-11-06, CMIRANDA, anexado al mismo caso 00CASO020843220000) generó la matrícula ID 1492543 (400002083) desde la procedencia ""MAT 2083"" del depto 04. La fila B2 quedó con ID_MATRICULA = 2083 (número de procedencia) en vez de 1492543. En esa matrícula la MISMA persona figura como titular HISTÓRICO (B4): la titularidad ya está registrada y cerrada, y el huérfano la sigue mostrando como activa.";1492543;1502427;00CASO020843220000;B4 de 1492543;CANDIDATO_ELIMINACION;A;2020-11-06 15:06:17;CMIRANDA;00CASO020843220000;0;4 filas, tipo B, representante 2083-0
2083-2;1502427;216034;BENITO, RICARDO;2083;400002083;NU_MATRICULA real = depto + ID huérfano (R18);3-COPIA_REGRABADO;MATRICULACION_CON_NUMERO_DE_PROCEDENCIA + COPIA_B;MEDIO;"El trámite de matriculación (R18 152722, 2020-11-06, CMIRANDA) generó la matrícula ID 1492543 (400002083) desde la procedencia ""MAT 2083"" del depto 04. La fila B2 quedó con ID_MATRICULA = 2083 (número de procedencia) en vez de 1492543. En esa matrícula la MISMA persona figura como titular HISTÓRICO (B4): la titularidad ya está registrada y cerrada, y el huérfano la sigue mostrando como activa. Además es la copia n.º 2 de 4 de la misma titularidad en el mismo ID (tipo B: diferencias menores: DT_DESDE vacío en alguna, NU_CASO_ORIGEN, RECIENTE); se conserva como representante 2083-0.";1492543;1502427;R18 152722;B4 de 1492543;CANDIDATO_ELIMINACION;A;2020-11-09 10:15:51;CMIRANDA;;1;4 filas, tipo B, representante 2083-0
2083-3;1502427;216034;BENITO, RICARDO;2083;400002083;NU_MATRICULA real = depto + ID huérfano (R18);3-COPIA_REGRABADO;MATRICULACION_CON_NUMERO_DE_PROCEDENCIA + COPIA_B;MEDIO;"El trámite de matriculación (R18 152722, 2020-11-06, CMIRANDA) generó la matrícula ID 1492543 (400002083) desde la procedencia ""MAT 2083"" del depto 04. La fila B2 quedó con ID_MATRICULA = 2083 (número de procedencia) en vez de 1492543. En esa matrícula la MISMA persona figura como titular HISTÓRICO (B4): la titularidad ya está registrada y cerrada, y el huérfano la sigue mostrando como activa. Además es la copia n.º 3 de 4 de la misma titularidad en el mismo ID (tipo B: diferencias menores: DT_DESDE vacío en alguna, NU_CASO_ORIGEN, RECIENTE); se conserva como representante 2083-0.";1492543;1502427;R18 152722;B4 de 1492543;CANDIDATO_ELIMINACION;A;2020-11-09 10:22:10;CMIRANDA;;1;4 filas, tipo B, representante 2083-0
2083-6;1502427;216034;BENITO, RICARDO;2083;400002083;NU_MATRICULA real = depto + ID huérfano (R18);3-COPIA_REGRABADO;MATRICULACION_CON_NUMERO_DE_PROCEDENCIA + COPIA_B;MEDIO;"El trámite de matriculación (R18 152722, 2020-11-06, CMIRANDA) generó la matrícula ID 1492543 (400002083) desde la procedencia ""MAT 2083"" del depto 04. La fila B2 quedó con ID_MATRICULA = 2083 (número de procedencia) en vez de 1492543. En esa matrícula la MISMA persona figura como titular HISTÓRICO (B4): la titularidad ya está registrada y cerrada, y el huérfano la sigue mostrando como activa. Además es la copia n.º 4 de 4 de la misma titularidad en el mismo ID (tipo B: diferencias menores: DT_DESDE vacío en alguna, NU_CASO_ORIGEN, RECIENTE); se conserva como representante 2083-0.";1492543;1502427;R18 152722;B4 de 1492543;CANDIDATO_ELIMINACION;A;2020-11-10 09:48:39;CMIRANDA;;1;4 filas, tipo B, representante 2083-0
2083-1;5600266;216034;BENITO, RICARDO;2083;400002083;NU_MATRICULA real = depto + ID huérfano (R18);5-ORIGINAL_CON_TITULARIDAD_EN_OTRA;MATRICULACION_CON_NUMERO_DE_PROCEDENCIA;MEDIO;"El trámite de matriculación (R18 152722, 2020-11-06, CMIRANDA) generó la matrícula ID 1492543 (400002083) desde la procedencia ""MAT 2083"" del depto 04. La fila B2 quedó con ID_MATRICULA = 2083 (número de procedencia) en vez de 1492543. En esa matrícula figura como histórico (B4) otro registro de persona con el mismo documento y nombre compatible (BENITO, RICARDO).";1492543;;R18 152722;B4 de 1492543;REVISAR;A;2020-11-09 10:15:37;CMIRANDA;;1;3 filas, tipo A, representante 2083-1
2083-4;5600266;216034;BENITO, RICARDO;2083;400002083;NU_MATRICULA real = depto + ID huérfano (R18);3-COPIA_REGRABADO;COPIA_REGRABADO_A / MATRICULACION_CON_NUMERO_DE_PROCEDENCIA;ALTO;"El trámite de matriculación (R18 152722, 2020-11-06, CMIRANDA) generó la matrícula ID 1492543 (400002083) desde la procedencia ""MAT 2083"" del depto 04. La fila B2 quedó con ID_MATRICULA = 2083 (número de procedencia) en vez de 1492543. En esa matrícula figura como histórico (B4) otro registro de persona con el mismo documento y nombre compatible (BENITO, RICARDO). Además es la copia n.º 2 de 3 de la misma titularidad en el mismo ID (tipo A: idénticas salvo DT_ALTA / TM_DESDE / NU_SEQUENCE); se conserva como representante 2083-1.";1492543;;R18 152722;B4 de 1492543;CANDIDATO_ELIMINACION;A;2020-11-09 11:45:34;CMIRANDA;;1;3 filas, tipo A, representante 2083-1
2083-5;5600266;216034;BENITO, RICARDO;2083;400002083;NU_MATRICULA real = depto + ID huérfano (R18);3-COPIA_REGRABADO;COPIA_REGRABADO_A / MATRICULACION_CON_NUMERO_DE_PROCEDENCIA;ALTO;"El trámite de matriculación (R18 152722, 2020-11-06, CMIRANDA) generó la matrícula ID 1492543 (400002083) desde la procedencia ""MAT 2083"" del depto 04. La fila B2 quedó con ID_MATRICULA = 2083 (número de procedencia) en vez de 1492543. En esa matrícula figura como histórico (B4) otro registro de persona con el mismo documento y nombre compatible (BENITO, RICARDO). Además es la copia n.º 3 de 3 de la misma titularidad en el mismo ID (tipo A: idénticas salvo DT_ALTA / TM_DESDE / NU_SEQUENCE); se conserva como representante 2083-1.";1492543;;R18 152722;B4 de 1492543;CANDIDATO_ELIMINACION;A;2020-11-09 11:46:57;CMIRANDA;;1;3 filas, tipo A, representante 2083-1
8668-0;1619412;36890166;GONZALEZ, MARIA CAROLINA;8668;700008668;NU_MATRICULA real = depto + ID huérfano (R18);5-ORIGINAL_CON_TITULARIDAD_EN_OTRA;MATRICULACION_CON_NUMERO_DE_PROCEDENCIA;MEDIO;"El trámite de matriculación (R18 113196, 2019-08-21, GARCE, anexado al mismo caso 00CASO021450419000) generó la matrícula ID 1419367 (700008668) desde la procedencia ""MAT 8668"" del depto 07. La fila B2 quedó con ID_MATRICULA = 8668 (número de procedencia) en vez de 1419367. En esa matrícula la MISMA persona figura como titular HISTÓRICO (B4): la titularidad ya está registrada y cerrada, y el huérfano la sigue mostrando como activa.";1419367;1619412;00CASO021450419000;B4 de 1419367;CANDIDATO_ELIMINACION;A;2019-08-21 16:19:29;GARCE;00CASO021450419000;0;
8668-1;1619413;34675387;GONZALEZ, JESUS EMMANUEL;8668;700008668;NU_MATRICULA real = depto + ID huérfano (R18);5-ORIGINAL_CON_TITULARIDAD_EN_OTRA;MATRICULACION_CON_NUMERO_DE_PROCEDENCIA;MEDIO;"El trámite de matriculación (R18 113196, 2019-08-21, GARCE, anexado al mismo caso 00CASO021450419000) generó la matrícula ID 1419367 (700008668) desde la procedencia ""MAT 8668"" del depto 07. La fila B2 quedó con ID_MATRICULA = 8668 (número de procedencia) en vez de 1419367. En esa matrícula la MISMA persona figura como titular HISTÓRICO (B4): la titularidad ya está registrada y cerrada, y el huérfano la sigue mostrando como activa.";1419367;1619413;00CASO021450419000;B4 de 1419367;CANDIDATO_ELIMINACION;A;2019-08-21 16:20:42;GARCE;00CASO021450419000;0;
9353-0;1453267;3342236;GAYA, COSME MIGUEL;9353;100009353;NU_MATRICULA real = depto + ID huérfano (R18);6-ORIGINAL_UNICO;MATRICULACION_CON_NUMERO_DE_PROCEDENCIA;MEDIO;"El trámite de matriculación (R18 282823, 2023-12-22, MEGUAJARDO, anexado al mismo caso 00CASO035427523000) generó la matrícula ID 1555105 (100009353) desde la procedencia ""MAT 9353"" del depto 01. La fila B2 quedó con ID_MATRICULA = 9353 (número de procedencia) en vez de 1555105. En esa matrícula la MISMA persona figura como titular HISTÓRICO (B4): la titularidad ya está registrada y cerrada, y el huérfano la sigue mostrando como activa.";1555105;1453267;00CASO035427523000;B4 de 1555105;CANDIDATO_ELIMINACION;A;2023-12-22 15:19:17;MEGUAJARDO;00CASO035427523000;0;
19307-0;1573020;295137;MANZANARES, JOSE;19307;400019307;NU_MATRICULA real = depto + ID huérfano (R18);5-ORIGINAL_CON_TITULARIDAD_EN_OTRA;MATRICULACION_CON_NUMERO_DE_PROCEDENCIA;MEDIO;"El trámite de matriculación (R18 195146, 2021-12-14, ESOTELO) generó la matrícula ID 1635773 (400019307) desde la procedencia ""MAT 19307"" del depto 04. La fila B2 quedó con ID_MATRICULA = 19307 (número de procedencia) en vez de 1635773. En esa matrícula figura como histórico (B4) otro registro de persona con el mismo documento y nombre compatible (MANZANARES PLAZA, JOSE).";1635773;;00CASO031758621000;B4 de 1635773;REVISAR;A;2021-12-13 13:16:23;DELOPEZ;00CASO031758621000;0;
19307-1;5620636;295137;MANZANARES PLAZA, JOSE;19307;400019307;NU_MATRICULA real = depto + ID huérfano (R18);5-ORIGINAL_CON_TITULARIDAD_EN_OTRA;MATRICULACION_CON_NUMERO_DE_PROCEDENCIA;MEDIO;"El trámite de matriculación (R18 195146, 2021-12-14, ESOTELO) generó la matrícula ID 1635773 (400019307) desde la procedencia ""MAT 19307"" del depto 04. La fila B2 quedó con ID_MATRICULA = 19307 (número de procedencia) en vez de 1635773. En esa matrícula figura como histórico (B4) otro registro de persona con el mismo documento y nombre compatible (MANZANARES PLAZA, JOSE).";1635773;;R18 195146;B4 de 1635773;REVISAR;A;2021-12-13 13:20:28;DELOPEZ;;1;2 filas, tipo B, representante 19307-1
19307-5;5620636;295137;MANZANARES PLAZA, JOSE;19307;400019307;NU_MATRICULA real = depto + ID huérfano (R18);3-COPIA_REGRABADO;COPIA_REGRABADO_B / MATRICULACION_CON_NUMERO_DE_PROCEDENCIA;MEDIO;"El trámite de matriculación (R18 195146, 2021-12-14, ESOTELO) generó la matrícula ID 1635773 (400019307) desde la procedencia ""MAT 19307"" del depto 04. La fila B2 quedó con ID_MATRICULA = 19307 (número de procedencia) en vez de 1635773. En esa matrícula figura como histórico (B4) otro registro de persona con el mismo documento y nombre compatible (MANZANARES PLAZA, JOSE). Además es la copia n.º 2 de 2 de la misma titularidad en el mismo ID (tipo B: diferencias menores: CD_USER_STORE); se conserva como representante 19307-1.";1635773;;R18 195146;B4 de 1635773;CANDIDATO_ELIMINACION;A;2021-12-14 11:57:26;FVELASCO;;1;2 filas, tipo B, representante 19307-1
19307-2;5620638;295137;MANZANARES PLAZA, JOSE;19307;400019307;NU_MATRICULA real = depto + ID huérfano (R18);5-ORIGINAL_CON_TITULARIDAD_EN_OTRA;MATRICULACION_CON_NUMERO_DE_PROCEDENCIA;MEDIO;"El trámite de matriculación (R18 195146, 2021-12-14, ESOTELO) generó la matrícula ID 1635773 (400019307) desde la procedencia ""MAT 19307"" del depto 04. La fila B2 quedó con ID_MATRICULA = 19307 (número de procedencia) en vez de 1635773. En esa matrícula la MISMA persona figura como titular HISTÓRICO (B4): la titularidad ya está registrada y cerrada, y el huérfano la sigue mostrando como activa.";1635773;5620638;R18 195146;B4 de 1635773;CANDIDATO_ELIMINACION;A;2021-12-14 07:22:03;DELOPEZ;;1;3 filas, tipo B, representante 19307-2
19307-3;5620638;295137;MANZANARES PLAZA, JOSE;19307;400019307;NU_MATRICULA real = depto + ID huérfano (R18);3-COPIA_REGRABADO;MATRICULACION_CON_NUMERO_DE_PROCEDENCIA + COPIA_B;MEDIO;"El trámite de matriculación (R18 195146, 2021-12-14, ESOTELO) generó la matrícula ID 1635773 (400019307) desde la procedencia ""MAT 19307"" del depto 04. La fila B2 quedó con ID_MATRICULA = 19307 (número de procedencia) en vez de 1635773. En esa matrícula la MISMA persona figura como titular HISTÓRICO (B4): la titularidad ya está registrada y cerrada, y el huérfano la sigue mostrando como activa. Además es la copia n.º 2 de 3 de la misma titularidad en el mismo ID (tipo B: diferencias menores: CD_USER_STORE); se conserva como representante 19307-2.";1635773;5620638;R18 195146;B4 de 1635773;CANDIDATO_ELIMINACION;A;2021-12-14 09:55:52;FVELASCO;;1;3 filas, tipo B, representante 19307-2
19307-4;5620638;295137;MANZANARES PLAZA, JOSE;19307;400019307;NU_MATRICULA real = depto + ID huérfano (R18);3-COPIA_REGRABADO;MATRICULACION_CON_NUMERO_DE_PROCEDENCIA + COPIA_B;MEDIO;"El trámite de matriculación (R18 195146, 2021-12-14, ESOTELO) generó la matrícula ID 1635773 (400019307) desde la procedencia ""MAT 19307"" del depto 04. La fila B2 quedó con ID_MATRICULA = 19307 (número de procedencia) en vez de 1635773. En esa matrícula la MISMA persona figura como titular HISTÓRICO (B4): la titularidad ya está registrada y cerrada, y el huérfano la sigue mostrando como activa. Además es la copia n.º 3 de 3 de la misma titularidad en el mismo ID (tipo B: diferencias menores: CD_USER_STORE); se conserva como representante 19307-2.";1635773;5620638;R18 195146;B4 de 1635773;CANDIDATO_ELIMINACION;A;2021-12-14 10:01:37;FVELASCO;;1;3 filas, tipo B, representante 19307-2
25845-0;1610972;13522839;VACCARO, ANTONIO HORACIO;25845;500025845;NU_MATRICULA real = depto + ID huérfano (R18);6-ORIGINAL_UNICO;MATRICULACION_CON_NUMERO_DE_PROCEDENCIA;MEDIO;"El trámite de matriculación (R18 196959, 2021-12-27, ESOTELO, anexado al mismo caso 00CASO033230221000) generó la matrícula ID 1609187 (500025845) desde la procedencia ""MAT 25845"" del depto 05. La fila B2 quedó con ID_MATRICULA = 25845 (número de procedencia) en vez de 1609187. En esa matrícula la MISMA persona figura como titular HISTÓRICO (B4): la titularidad ya está registrada y cerrada, y el huérfano la sigue mostrando como activa.";1609187;1610972;00CASO033230221000;B4 de 1609187;CANDIDATO_ELIMINACION;A;2021-12-27 12:09:12;ESOTELO;00CASO033230221000;0;
29634-0;1425590;6061020;CORATOLO, BEATRIZ LIDIA;29634;100029634;NU_MATRICULA real = depto + ID huérfano (R18);5-ORIGINAL_CON_TITULARIDAD_EN_OTRA;MATRICULACION_CON_NUMERO_DE_PROCEDENCIA;MEDIO;"El trámite de matriculación (R18 228105, 2022-09-07, GARCE, anexado al mismo caso 00CASO026666122000) generó la matrícula ID 1423166 (100029634) desde la procedencia ""MAT 29634"" del depto 01. La fila B2 quedó con ID_MATRICULA = 29634 (número de procedencia) en vez de 1423166. En esa matrícula la MISMA persona figura como titular HISTÓRICO (B4): la titularidad ya está registrada y cerrada, y el huérfano la sigue mostrando como activa.";1423166;1425590;00CASO026666122000;B4 de 1423166;CANDIDATO_ELIMINACION;A;2022-09-07 09:17:20;GARCE;00CASO026666122000;0;
30686-0;1428958;8343244;SELIA JAHAN, ORLANDO ANTONIO;30686;400030686;NU_MATRICULA real = depto + ID huérfano (R18);5-ORIGINAL_CON_TITULARIDAD_EN_OTRA;MATRICULACION_CON_NUMERO_DE_PROCEDENCIA;ALTO;"El trámite de matriculación (R18 295827, 2024-06-04, GARCE, anexado al mismo caso 00CASO013101824000) generó la matrícula ID 1425941 (400030686) desde la procedencia ""MAT 30686"" del depto 04. La fila B2 quedó con ID_MATRICULA = 30686 (número de procedencia) en vez de 1425941. En esa matrícula la MISMA persona (CD_PERSONA) ya es titular ACTIVA: la fila huérfana repite una titularidad existente.";1425941;1428958;00CASO013101824000;1425941-0;CANDIDATO_ELIMINACION;A;2024-06-04 15:13:58;GARCE;00CASO013101824000;0;
31479-0;1429154;5542541;PAVESI, ALDO RAMON;31479;500031479;NU_MATRICULA real = depto + ID huérfano (R18);5-ORIGINAL_CON_TITULARIDAD_EN_OTRA;MATRICULACION_CON_NUMERO_DE_PROCEDENCIA;MEDIO;"El trámite de matriculación (R18 130863, 2020-01-20, ESOTELO, anexado al mismo caso 00CASO001109120000) generó la matrícula ID 1427046 (500031479) desde la procedencia ""MAT 31479"" del depto 05. La fila B2 quedó con ID_MATRICULA = 31479 (número de procedencia) en vez de 1427046. En esa matrícula la MISMA persona figura como titular HISTÓRICO (B4): la titularidad ya está registrada y cerrada, y el huérfano la sigue mostrando como activa.";1427046;1429154;00CASO001109120000;B4 de 1427046;CANDIDATO_ELIMINACION;A;2020-01-20 10:55:35;ESOTELO;00CASO001109120000;0;5 filas, tipo B, representante 31479-0
31479-1;1429154;5542541;PAVESI, ALDO RAMON;31479;500031479;NU_MATRICULA real = depto + ID huérfano (R18);3-COPIA_REGRABADO;MATRICULACION_CON_NUMERO_DE_PROCEDENCIA + COPIA_B;MEDIO;"El trámite de matriculación (R18 130863, 2020-01-20, ESOTELO) generó la matrícula ID 1427046 (500031479) desde la procedencia ""MAT 31479"" del depto 05. La fila B2 quedó con ID_MATRICULA = 31479 (número de procedencia) en vez de 1427046. En esa matrícula la MISMA persona figura como titular HISTÓRICO (B4): la titularidad ya está registrada y cerrada, y el huérfano la sigue mostrando como activa. Además es la copia n.º 2 de 5 de la misma titularidad en el mismo ID (tipo B: diferencias menores: NU_CASO_ORIGEN, RECIENTE); se conserva como representante 31479-0.";1427046;1429154;R18 130863;B4 de 1427046;CANDIDATO_ELIMINACION;A;2020-01-20 10:58:08;ESOTELO;;1;5 filas, tipo B, representante 31479-0
31479-2;1429154;5542541;PAVESI, ALDO RAMON;31479;500031479;NU_MATRICULA real = depto + ID huérfano (R18);3-COPIA_REGRABADO;MATRICULACION_CON_NUMERO_DE_PROCEDENCIA + COPIA_B;MEDIO;"El trámite de matriculación (R18 130863, 2020-01-20, ESOTELO) generó la matrícula ID 1427046 (500031479) desde la procedencia ""MAT 31479"" del depto 05. La fila B2 quedó con ID_MATRICULA = 31479 (número de procedencia) en vez de 1427046. En esa matrícula la MISMA persona figura como titular HISTÓRICO (B4): la titularidad ya está registrada y cerrada, y el huérfano la sigue mostrando como activa. Además es la copia n.º 3 de 5 de la misma titularidad en el mismo ID (tipo B: diferencias menores: NU_CASO_ORIGEN, RECIENTE); se conserva como representante 31479-0.";1427046;1429154;R18 130863;B4 de 1427046;CANDIDATO_ELIMINACION;A;2020-01-20 11:00:50;ESOTELO;;1;5 filas, tipo B, representante 31479-0
31479-4;1429154;5542541;PAVESI, ALDO RAMON;31479;500031479;NU_MATRICULA real = depto + ID huérfano (R18);3-COPIA_REGRABADO;MATRICULACION_CON_NUMERO_DE_PROCEDENCIA + COPIA_B;MEDIO;"El trámite de matriculación (R18 130863, 2020-01-20, ESOTELO) generó la matrícula ID 1427046 (500031479) desde la procedencia ""MAT 31479"" del depto 05. La fila B2 quedó con ID_MATRICULA = 31479 (número de procedencia) en vez de 1427046. En esa matrícula la MISMA persona figura como titular HISTÓRICO (B4): la titularidad ya está registrada y cerrada, y el huérfano la sigue mostrando como activa. Además es la copia n.º 4 de 5 de la misma titularidad en el mismo ID (tipo B: diferencias menores: NU_CASO_ORIGEN, RECIENTE); se conserva como representante 31479-0.";1427046;1429154;R18 130863;B4 de 1427046;CANDIDATO_ELIMINACION;A;2020-01-20 11:05:56;ESOTELO;;1;5 filas, tipo B, representante 31479-0
31479-5;1429154;5542541;PAVESI, ALDO RAMON;31479;500031479;NU_MATRICULA real = depto + ID huérfano (R18);3-COPIA_REGRABADO;MATRICULACION_CON_NUMERO_DE_PROCEDENCIA + COPIA_B;MEDIO;"El trámite de matriculación (R18 130863, 2020-01-20, ESOTELO) generó la matrícula ID 1427046 (500031479) desde la procedencia ""MAT 31479"" del depto 05. La fila B2 quedó con ID_MATRICULA = 31479 (número de procedencia) en vez de 1427046. En esa matrícula la MISMA persona figura como titular HISTÓRICO (B4): la titularidad ya está registrada y cerrada, y el huérfano la sigue mostrando como activa. Además es la copia n.º 5 de 5 de la misma titularidad en el mismo ID (tipo B: diferencias menores: NU_CASO_ORIGEN, RECIENTE); se conserva como representante 31479-0.";1427046;1429154;R18 130863;B4 de 1427046;CANDIDATO_ELIMINACION;A;2020-01-20 11:09:02;ESOTELO;;1;5 filas, tipo B, representante 31479-0
31479-3;5588822;5542541;PAVESI, ALDO RAMON;31479;500031479;NU_MATRICULA real = depto + ID huérfano (R18);5-ORIGINAL_CON_TITULARIDAD_EN_OTRA;MATRICULACION_CON_NUMERO_DE_PROCEDENCIA;MEDIO;"El trámite de matriculación (R18 130863, 2020-01-20, ESOTELO) generó la matrícula ID 1427046 (500031479) desde la procedencia ""MAT 31479"" del depto 05. La fila B2 quedó con ID_MATRICULA = 31479 (número de procedencia) en vez de 1427046. En esa matrícula figura como histórico (B4) otro registro de persona con el mismo documento y nombre compatible (PAVESI, ALDO RAMON).";1427046;;R18 130863;B4 de 1427046;REVISAR;A;2020-01-20 11:03:45;ESOTELO;;1;
33625-0;1417735;3356139;NASI, SIGIFREDO;33625;400033625;NU_MATRICULA real = depto + ID huérfano (R18);5-ORIGINAL_CON_TITULARIDAD_EN_OTRA;MATRICULACION_CON_NUMERO_DE_PROCEDENCIA;MEDIO;"El trámite de matriculación (R18 280442, 2023-11-29, CMIRANDA, anexado al mismo caso 00CASO032847923000) generó la matrícula ID 1430442 (400033625) desde la procedencia ""MAT 33625"" del depto 04. La fila B2 quedó con ID_MATRICULA = 33625 (número de procedencia) en vez de 1430442. En esa matrícula la MISMA persona figura como titular HISTÓRICO (B4): la titularidad ya está registrada y cerrada, y el huérfano la sigue mostrando como activa.";1430442;1417735;00CASO032847923000;B4 de 1430442;CANDIDATO_ELIMINACION;A;2023-11-29 11:02:47;CMIRANDA;00CASO032847923000;0;
35660-0;5620865;3612509;CANNIZZO, OLGA;35660;500035660;NU_MATRICULA real = depto + ID huérfano (R18);6-ORIGINAL_UNICO;MATRICULACION_CON_NUMERO_DE_PROCEDENCIA + GRUPO_C;MEDIO;"El trámite de matriculación (R18 195394, 2021-12-15, FALEGRE) generó la matrícula ID 1600913 (500035660) desde la procedencia ""MAT 35660"" del depto 05. La fila B2 quedó con ID_MATRICULA = 35660 (número de procedencia) en vez de 1600913. En esa matrícula la MISMA persona figura como titular HISTÓRICO (B4): la titularidad ya está registrada y cerrada, y el huérfano la sigue mostrando como activa. El grupo (3 filas) cambian datos relevantes: DS_PORCENTAJE, NU_ASIEN_2: pueden ser actos distintos (otra fecha de adquisición u otro porcentaje), así que hay que compararlo con la matrícula real antes de tocarlo.";1600913;5620865;R18 195394;B4 de 1600913;REVISAR;A;2021-12-15 12:54:12;FALEGRE;;1;3 filas, tipo C, representante 35660-0
35660-1;5620865;3612509;CANNIZZO, OLGA;35660;500035660;NU_MATRICULA real = depto + ID huérfano (R18);3-COPIA_REGRABADO;MATRICULACION_CON_NUMERO_DE_PROCEDENCIA + COPIA_C;MEDIO;"El trámite de matriculación (R18 195394, 2021-12-15, FALEGRE) generó la matrícula ID 1600913 (500035660) desde la procedencia ""MAT 35660"" del depto 05. La fila B2 quedó con ID_MATRICULA = 35660 (número de procedencia) en vez de 1600913. En esa matrícula la MISMA persona figura como titular HISTÓRICO (B4): la titularidad ya está registrada y cerrada, y el huérfano la sigue mostrando como activa. Además es la copia n.º 2 de 3 de la misma titularidad en el mismo ID (tipo C: cambian datos relevantes: DS_PORCENTAJE, NU_ASIEN_2); se conserva como representante 35660-0. El grupo (3 filas) cambian datos relevantes: DS_PORCENTAJE, NU_ASIEN_2: pueden ser actos distintos (otra fecha de adquisición u otro porcentaje), así que hay que compararlo con la matrícula real antes de tocarlo.";1600913;5620865;R18 195394;B4 de 1600913;REVISAR;A;2021-12-15 12:54:53;FALEGRE;;1;3 filas, tipo C, representante 35660-0
35660-2;5620865;3612509;CANNIZZO, OLGA;35660;500035660;NU_MATRICULA real = depto + ID huérfano (R18);3-COPIA_REGRABADO;MATRICULACION_CON_NUMERO_DE_PROCEDENCIA + COPIA_C;MEDIO;"El trámite de matriculación (R18 195394, 2021-12-15, FALEGRE) generó la matrícula ID 1600913 (500035660) desde la procedencia ""MAT 35660"" del depto 05. La fila B2 quedó con ID_MATRICULA = 35660 (número de procedencia) en vez de 1600913. En esa matrícula la MISMA persona figura como titular HISTÓRICO (B4): la titularidad ya está registrada y cerrada, y el huérfano la sigue mostrando como activa. Además es la copia n.º 3 de 3 de la misma titularidad en el mismo ID (tipo C: cambian datos relevantes: DS_PORCENTAJE, NU_ASIEN_2); se conserva como representante 35660-0. El grupo (3 filas) cambian datos relevantes: DS_PORCENTAJE, NU_ASIEN_2: pueden ser actos distintos (otra fecha de adquisición u otro porcentaje), así que hay que compararlo con la matrícula real antes de tocarlo.";1600913;5620865;R18 195394;B4 de 1600913;REVISAR;A;2021-12-15 13:02:55;FALEGRE;;1;3 filas, tipo C, representante 35660-0
39263-0;1636222;12044656;ESPINA, MARIA DEL VALLE;39263;500039263;NU_MATRICULA real = depto + ID huérfano (R18);5-ORIGINAL_CON_TITULARIDAD_EN_OTRA;MATRICULACION_CON_NUMERO_DE_PROCEDENCIA;ALTO;"El trámite de matriculación (R18 56097, 2018-05-21, TEALVAREZ, anexado al mismo caso 00CASO013379818000) generó la matrícula ID 1442649 (500039263) desde la procedencia ""MAT 39263"" del depto 05. La fila B2 quedó con ID_MATRICULA = 39263 (número de procedencia) en vez de 1442649. En esa matrícula la MISMA persona (CD_PERSONA) ya es titular ACTIVA: la fila huérfana repite una titularidad existente.";1442649;1636222;00CASO013379818000;1442649-0;CANDIDATO_ELIMINACION;A;2018-05-21 19:37:16;TEALVAREZ;00CASO013379818000;0;8 filas, tipo B, representante 39263-0
39263-1;1636222;12044656;ESPINA, MARIA DEL VALLE;39263;500039263;NU_MATRICULA real = depto + ID huérfano (R18);3-COPIA_REGRABADO;MATRICULACION_CON_NUMERO_DE_PROCEDENCIA + COPIA_B;ALTO;"El trámite de matriculación (R18 56097, 2018-05-21, TEALVAREZ) generó la matrícula ID 1442649 (500039263) desde la procedencia ""MAT 39263"" del depto 05. La fila B2 quedó con ID_MATRICULA = 39263 (número de procedencia) en vez de 1442649. En esa matrícula la MISMA persona (CD_PERSONA) ya es titular ACTIVA: la fila huérfana repite una titularidad existente. Además es la copia n.º 2 de 8 de la misma titularidad en el mismo ID (tipo B: diferencias menores: DT_DESDE vacío en alguna, NU_CASO_ORIGEN, RECIENTE); se conserva como representante 39263-0.";1442649;1636222;R18 56097;1442649-0;CANDIDATO_ELIMINACION;A;2018-05-22 17:37:02;TEALVAREZ;;1;8 filas, tipo B, representante 39263-0
39263-2;1636222;12044656;ESPINA, MARIA DEL VALLE;39263;500039263;NU_MATRICULA real = depto + ID huérfano (R18);3-COPIA_REGRABADO;MATRICULACION_CON_NUMERO_DE_PROCEDENCIA + COPIA_B;ALTO;"El trámite de matriculación (R18 56097, 2018-05-21, TEALVAREZ) generó la matrícula ID 1442649 (500039263) desde la procedencia ""MAT 39263"" del depto 05. La fila B2 quedó con ID_MATRICULA = 39263 (número de procedencia) en vez de 1442649. En esa matrícula la MISMA persona (CD_PERSONA) ya es titular ACTIVA: la fila huérfana repite una titularidad existente. Además es la copia n.º 3 de 8 de la misma titularidad en el mismo ID (tipo B: diferencias menores: DT_DESDE vacío en alguna, NU_CASO_ORIGEN, RECIENTE); se conserva como representante 39263-0.";1442649;1636222;R18 56097;1442649-0;CANDIDATO_ELIMINACION;A;2018-05-23 18:19:39;TEALVAREZ;;1;8 filas, tipo B, representante 39263-0
39263-3;1636222;12044656;ESPINA, MARIA DEL VALLE;39263;500039263;NU_MATRICULA real = depto + ID huérfano (R18);3-COPIA_REGRABADO;MATRICULACION_CON_NUMERO_DE_PROCEDENCIA + COPIA_B;ALTO;"El trámite de matriculación (R18 56097, 2018-05-21, TEALVAREZ) generó la matrícula ID 1442649 (500039263) desde la procedencia ""MAT 39263"" del depto 05. La fila B2 quedó con ID_MATRICULA = 39263 (número de procedencia) en vez de 1442649. En esa matrícula la MISMA persona (CD_PERSONA) ya es titular ACTIVA: la fila huérfana repite una titularidad existente. Además es la copia n.º 4 de 8 de la misma titularidad en el mismo ID (tipo B: diferencias menores: DT_DESDE vacío en alguna, NU_CASO_ORIGEN, RECIENTE); se conserva como representante 39263-0.";1442649;1636222;R18 56097;1442649-0;CANDIDATO_ELIMINACION;A;2018-05-23 18:22:29;TEALVAREZ;;1;8 filas, tipo B, representante 39263-0
39263-4;1636222;12044656;ESPINA, MARIA DEL VALLE;39263;500039263;NU_MATRICULA real = depto + ID huérfano (R18);3-COPIA_REGRABADO;MATRICULACION_CON_NUMERO_DE_PROCEDENCIA + COPIA_B;ALTO;"El trámite de matriculación (R18 56097, 2018-05-21, TEALVAREZ) generó la matrícula ID 1442649 (500039263) desde la procedencia ""MAT 39263"" del depto 05. La fila B2 quedó con ID_MATRICULA = 39263 (número de procedencia) en vez de 1442649. En esa matrícula la MISMA persona (CD_PERSONA) ya es titular ACTIVA: la fila huérfana repite una titularidad existente. Además es la copia n.º 5 de 8 de la misma titularidad en el mismo ID (tipo B: diferencias menores: DT_DESDE vacío en alguna, NU_CASO_ORIGEN, RECIENTE); se conserva como representante 39263-0.";1442649;1636222;R18 56097;1442649-0;CANDIDATO_ELIMINACION;A;2018-05-23 18:24:47;TEALVAREZ;;1;8 filas, tipo B, representante 39263-0
39263-5;1636222;12044656;ESPINA, MARIA DEL VALLE;39263;500039263;NU_MATRICULA real = depto + ID huérfano (R18);3-COPIA_REGRABADO;MATRICULACION_CON_NUMERO_DE_PROCEDENCIA + COPIA_B;ALTO;"El trámite de matriculación (R18 56097, 2018-05-21, TEALVAREZ) generó la matrícula ID 1442649 (500039263) desde la procedencia ""MAT 39263"" del depto 05. La fila B2 quedó con ID_MATRICULA = 39263 (número de procedencia) en vez de 1442649. En esa matrícula la MISMA persona (CD_PERSONA) ya es titular ACTIVA: la fila huérfana repite una titularidad existente. Además es la copia n.º 6 de 8 de la misma titularidad en el mismo ID (tipo B: diferencias menores: DT_DESDE vacío en alguna, NU_CASO_ORIGEN, RECIENTE); se conserva como representante 39263-0.";1442649;1636222;R18 56097;1442649-0;CANDIDATO_ELIMINACION;A;2018-05-23 18:25:23;TEALVAREZ;;1;8 filas, tipo B, representante 39263-0
39263-6;1636222;12044656;ESPINA, MARIA DEL VALLE;39263;500039263;NU_MATRICULA real = depto + ID huérfano (R18);3-COPIA_REGRABADO;MATRICULACION_CON_NUMERO_DE_PROCEDENCIA + COPIA_B;ALTO;"El trámite de matriculación (R18 56097, 2018-05-21, TEALVAREZ) generó la matrícula ID 1442649 (500039263) desde la procedencia ""MAT 39263"" del depto 05. La fila B2 quedó con ID_MATRICULA = 39263 (número de procedencia) en vez de 1442649. En esa matrícula la MISMA persona (CD_PERSONA) ya es titular ACTIVA: la fila huérfana repite una titularidad existente. Además es la copia n.º 7 de 8 de la misma titularidad en el mismo ID (tipo B: diferencias menores: DT_DESDE vacío en alguna, NU_CASO_ORIGEN, RECIENTE); se conserva como representante 39263-0.";1442649;1636222;R18 56097;1442649-0;CANDIDATO_ELIMINACION;A;2018-05-24 13:34:35;TEALVAREZ;;1;8 filas, tipo B, representante 39263-0
39263-7;1636222;12044656;ESPINA, MARIA DEL VALLE;39263;500039263;NU_MATRICULA real = depto + ID huérfano (R18);3-COPIA_REGRABADO;MATRICULACION_CON_NUMERO_DE_PROCEDENCIA + COPIA_B;ALTO;"El trámite de matriculación (R18 56097, 2018-05-21, TEALVAREZ) generó la matrícula ID 1442649 (500039263) desde la procedencia ""MAT 39263"" del depto 05. La fila B2 quedó con ID_MATRICULA = 39263 (número de procedencia) en vez de 1442649. En esa matrícula la MISMA persona (CD_PERSONA) ya es titular ACTIVA: la fila huérfana repite una titularidad existente. Además es la copia n.º 8 de 8 de la misma titularidad en el mismo ID (tipo B: diferencias menores: DT_DESDE vacío en alguna, NU_CASO_ORIGEN, RECIENTE); se conserva como representante 39263-0.";1442649;1636222;R18 56097;1442649-0;CANDIDATO_ELIMINACION;A;2018-05-24 14:04:23;TEALVAREZ;;1;8 filas, tipo B, representante 39263-0
40490-0;1449986;6841895;AHUMADA, MANUEL ANTONIO;40490;400040490;NU_MATRICULA real = depto + ID huérfano (R18);6-ORIGINAL_UNICO;MATRICULACION_CON_NUMERO_DE_PROCEDENCIA;MEDIO;"El trámite de matriculación (R18 152416, 2020-11-03, VCACERES, anexado al mismo caso 00CASO020473020000) generó la matrícula ID 1444570 (400040490) desde la procedencia ""MAT 40490"" del depto 04. La fila B2 quedó con ID_MATRICULA = 40490 (número de procedencia) en vez de 1444570. En esa matrícula la MISMA persona figura como titular HISTÓRICO (B4): la titularidad ya está registrada y cerrada, y el huérfano la sigue mostrando como activa.";1444570;1449986;00CASO020473020000;B4 de 1444570;CANDIDATO_ELIMINACION;A;2020-11-03 21:42:33;VCACERES;00CASO020473020000;0;
41300-0;1426321;8155327;CUERVO, ENRIQUE OSCAR;41300;500041300;NU_MATRICULA real = depto + ID huérfano (R18);6-ORIGINAL_UNICO;MATRICULACION_CON_NUMERO_DE_PROCEDENCIA;MEDIO;"El trámite de matriculación (R18 123583, 2019-11-08, FALEGRE, anexado al mismo caso 00CASO030263019000) generó la matrícula ID 1446584 (500041300) desde la procedencia ""MAT 41300"" del depto 05. La fila B2 quedó con ID_MATRICULA = 41300 (número de procedencia) en vez de 1446584. En esa matrícula la MISMA persona figura como titular HISTÓRICO (B4): la titularidad ya está registrada y cerrada, y el huérfano la sigue mostrando como activa.";1446584;1426321;00CASO030263019000;B4 de 1446584;CANDIDATO_ELIMINACION;A;2019-11-08 10:16:56;FALEGRE;00CASO030263019000;0;
41401-0;1452596;5576479;SOSA, RODOLFO;41401;410041401;matrícula generada por el R18 cuya procedencia es el ID;6-ORIGINAL_UNICO;MATRICULACION_CON_NUMERO_DE_PROCEDENCIA;MEDIO;"El trámite de matriculación (R18 131411, 2020-01-29, GARCE) generó la matrícula ID 5255339 (410041401) desde la procedencia ""MAT 41401"" del depto 04. La fila B2 quedó con ID_MATRICULA = 41401 (número de procedencia) en vez de 5255339. En esa matrícula la MISMA persona figura como titular HISTÓRICO (B4): la titularidad ya está registrada y cerrada, y el huérfano la sigue mostrando como activa.";5255339;1452596;R18 131411;B4 de 5255339;CANDIDATO_ELIMINACION;A;2020-01-29 12:53:26;GARCE;;1;
41401-1;5589402;3282054;CACERES, EUGENIA ORFILIA;41401;410041401;matrícula generada por el R18 cuya procedencia es el ID;6-ORIGINAL_UNICO;MATRICULACION_CON_NUMERO_DE_PROCEDENCIA;MEDIO;"El trámite de matriculación (R18 131411, 2020-01-29, GARCE) generó la matrícula ID 5255339 (410041401) desde la procedencia ""MAT 41401"" del depto 04. La fila B2 quedó con ID_MATRICULA = 41401 (número de procedencia) en vez de 5255339. En esa matrícula figura como histórico (B4) otro registro de persona con el mismo documento y nombre compatible (CACERES, EUFEMIA ORFILIA).";5255339;;R18 131411;B4 de 5255339;REVISAR;A;2020-01-29 12:54:23;GARCE;;1;
42278-1;5366034;28774717;LOPEZ MINOPRIO, VERONICA;42278;400042278;NU_MATRICULA real = depto + ID huérfano (R18);6-ORIGINAL_UNICO;MATRICULACION_CON_NUMERO_DE_PROCEDENCIA;MEDIO;"El trámite de matriculación (R18 138725, 2020-06-01, RGUILLOT, anexado al mismo caso 00CASO008411420000) generó la matrícula ID 1447701 (400042278) desde la procedencia ""MAT 42278"" del depto 04. La fila B2 quedó con ID_MATRICULA = 42278 (número de procedencia) en vez de 1447701. En esa matrícula la MISMA persona figura como titular HISTÓRICO (B4): la titularidad ya está registrada y cerrada, y el huérfano la sigue mostrando como activa.";1447701;5366034;00CASO008411420000;B4 de 1447701;CANDIDATO_ELIMINACION;A;2020-06-01 12:24:39;RGUILLOT;00CASO008411420000;0;
42278-0;5366035;29974456;LOPEZ MINOPRIO, CARLOS GERMAN;42278;400042278;NU_MATRICULA real = depto + ID huérfano (R18);5-ORIGINAL_CON_TITULARIDAD_EN_OTRA;MATRICULACION_CON_NUMERO_DE_PROCEDENCIA;MEDIO;"El trámite de matriculación (R18 138725, 2020-06-01, RGUILLOT, anexado al mismo caso 00CASO008411420000) generó la matrícula ID 1447701 (400042278) desde la procedencia ""MAT 42278"" del depto 04. La fila B2 quedó con ID_MATRICULA = 42278 (número de procedencia) en vez de 1447701. En esa matrícula la MISMA persona figura como titular HISTÓRICO (B4): la titularidad ya está registrada y cerrada, y el huérfano la sigue mostrando como activa.";1447701;5366035;00CASO008411420000;B4 de 1447701;CANDIDATO_ELIMINACION;A;2020-06-01 12:24:11;RGUILLOT;00CASO008411420000;0;
42278-2;5593501;28774717;LOPEZ MINOPRIO, VERÓNICA;42278;400042278;NU_MATRICULA real = depto + ID huérfano (R18);6-ORIGINAL_UNICO;MATRICULACION_CON_NUMERO_DE_PROCEDENCIA;MEDIO;"El trámite de matriculación (R18 138725, 2020-06-01, RGUILLOT) generó la matrícula ID 1447701 (400042278) desde la procedencia ""MAT 42278"" del depto 04. La fila B2 quedó con ID_MATRICULA = 42278 (número de procedencia) en vez de 1447701. En esa matrícula figura como histórico (B4) otro registro de persona con el mismo documento y nombre compatible (LOPEZ MINOPRIO, VERONICA).";1447701;;R18 138725;B4 de 1447701;REVISAR;A;2020-06-02 10:08:45;RGUILLOT;;1;
42278-3;5593502;29974456;LOPEZ MINOPRIO, CARLOS GERMÁN;42278;400042278;NU_MATRICULA real = depto + ID huérfano (R18);5-ORIGINAL_CON_TITULARIDAD_EN_OTRA;MATRICULACION_CON_NUMERO_DE_PROCEDENCIA;MEDIO;"El trámite de matriculación (R18 138725, 2020-06-01, RGUILLOT) generó la matrícula ID 1447701 (400042278) desde la procedencia ""MAT 42278"" del depto 04. La fila B2 quedó con ID_MATRICULA = 42278 (número de procedencia) en vez de 1447701. En esa matrícula figura como histórico (B4) otro registro de persona con el mismo documento y nombre compatible (LOPEZ MINOPRIO, CARLOS GERMAN).";1447701;;R18 138725;B4 de 1447701;REVISAR;A;2020-06-02 10:09:31;RGUILLOT;;1;
44025-0;5664929;13992775;DARBY LILA, ENRIQUETA;44025;400044025;NU_MATRICULA real = depto + ID huérfano (R18);5-ORIGINAL_CON_TITULARIDAD_EN_OTRA;MATRICULACION_CON_NUMERO_DE_PROCEDENCIA;MEDIO;"El trámite de matriculación (R18 286419, 2024-02-09, FALEGRE) generó la matrícula ID 1451174 (400044025) desde la procedencia ""MAT 44025"" del depto 04. La fila B2 quedó con ID_MATRICULA = 44025 (número de procedencia) en vez de 1451174. En esa matrícula otro registro de persona con el mismo documento y nombre compatible (DARBY, LILA ENRIQUETA) ya es titular ACTIVO. Es probable que sea la misma titularidad, pero mismo DNI no es misma persona.";1451174;1457675;R18 286419;1451174-0;CANDIDATO_ELIMINACION;A;2024-02-08 15:57:49;AZAPATA;;1;
47460-0;1491520;12457733;MAMMOLI, DANIEL ROQUE;47460;400047460;NU_MATRICULA real = depto + ID huérfano (R18);5-ORIGINAL_CON_TITULARIDAD_EN_OTRA;MATRICULACION_CON_NUMERO_DE_PROCEDENCIA;MEDIO;"El trámite de matriculación (R18 165996, 2021-04-19, FALEGRE, anexado al mismo caso 00CASO007884121000) generó la matrícula ID 1458482 (400047460) desde la procedencia ""MAT 47460"" del depto 04. La fila B2 quedó con ID_MATRICULA = 47460 (número de procedencia) en vez de 1458482. En esa matrícula la MISMA persona figura como titular HISTÓRICO (B4): la titularidad ya está registrada y cerrada, y el huérfano la sigue mostrando como activa.";1458482;1491520;00CASO007884121000;B4 de 1458482;CANDIDATO_ELIMINACION;A;2021-04-20 08:22:20;FALEGRE;00CASO007884121000;0;
50377-0;1472318;6888215;TORRENS, JORGE ARTURO;50377;400050377;NU_MATRICULA real = depto + ID huérfano (R18);6-ORIGINAL_UNICO;MATRICULACION_CON_NUMERO_DE_PROCEDENCIA;MEDIO;"El trámite de matriculación (R18 283071, 2023-12-27, MEGUAJARDO, anexado al mismo caso 00CASO035664123000) generó la matrícula ID 1465209 (400050377) desde la procedencia ""MAT 50377"" del depto 04. La fila B2 quedó con ID_MATRICULA = 50377 (número de procedencia) en vez de 1465209. En esa matrícula la MISMA persona figura como titular HISTÓRICO (B4): la titularidad ya está registrada y cerrada, y el huérfano la sigue mostrando como activa.";1465209;1472318;00CASO035664123000;B4 de 1465209;CANDIDATO_ELIMINACION;A;2023-12-27 09:56:13;MEGUAJARDO;00CASO035664123000;0;2 filas, tipo B, representante 50377-0
50377-1;1472318;6888215;TORRENS, JORGE ARTURO;50377;400050377;NU_MATRICULA real = depto + ID huérfano (R18);3-COPIA_REGRABADO;MATRICULACION_CON_NUMERO_DE_PROCEDENCIA + COPIA_B;MEDIO;"El trámite de matriculación (R18 283071, 2023-12-27, MEGUAJARDO) generó la matrícula ID 1465209 (400050377) desde la procedencia ""MAT 50377"" del depto 04. La fila B2 quedó con ID_MATRICULA = 50377 (número de procedencia) en vez de 1465209. En esa matrícula la MISMA persona figura como titular HISTÓRICO (B4): la titularidad ya está registrada y cerrada, y el huérfano la sigue mostrando como activa. Además es la copia n.º 2 de 2 de la misma titularidad en el mismo ID (tipo B: diferencias menores: NU_CASO_ORIGEN, RECIENTE); se conserva como representante 50377-0.";1465209;1472318;R18 283071;B4 de 1465209;CANDIDATO_ELIMINACION;A;2023-12-28 08:17:36;MEGUAJARDO;;1;2 filas, tipo B, representante 50377-0
50377-2;5662875;6888215;TORRENS, JORGE ARTURO;50377;400050377;NU_MATRICULA real = depto + ID huérfano (R18);6-ORIGINAL_UNICO;MATRICULACION_CON_NUMERO_DE_PROCEDENCIA;MEDIO;"El trámite de matriculación (R18 283071, 2023-12-27, MEGUAJARDO) generó la matrícula ID 1465209 (400050377) desde la procedencia ""MAT 50377"" del depto 04. La fila B2 quedó con ID_MATRICULA = 50377 (número de procedencia) en vez de 1465209. En esa matrícula figura como histórico (B4) otro registro de persona con el mismo documento y nombre compatible (TORRENS, JORGE ARTURO).";1465209;;R18 283071;B4 de 1465209;REVISAR;A;2023-12-28 08:54:00;AZAPATA;;1;
50704-0;1472769;2515114;ERICE GARDE, AIDA MARIA IGNACIA;50704;500050704;NU_MATRICULA real = depto + ID huérfano (R18);6-ORIGINAL_UNICO;MATRICULACION_CON_NUMERO_DE_PROCEDENCIA;MEDIO;"El trámite de matriculación (R18 139424, 2020-06-09, VPAREJAS, anexado al mismo caso 00CASO009078920000) generó la matrícula ID 1465592 (500050704) desde la procedencia ""MAT 50704"" del depto 05. La fila B2 quedó con ID_MATRICULA = 50704 (número de procedencia) en vez de 1465592. En esa matrícula la MISMA persona figura como titular HISTÓRICO (B4): la titularidad ya está registrada y cerrada, y el huérfano la sigue mostrando como activa.";1465592;1472769;00CASO009078920000;B4 de 1465592;CANDIDATO_ELIMINACION;A;2020-06-09 12:30:56;VPAREJAS;00CASO009078920000;0;
50704-1;5593905;2515114;ERICE GARDE, AIDA MARIA IGNACIA;50704;500050704;NU_MATRICULA real = depto + ID huérfano (R18);6-ORIGINAL_UNICO;MATRICULACION_CON_NUMERO_DE_PROCEDENCIA;MEDIO;"El trámite de matriculación (R18 139424, 2020-06-09, VPAREJAS) generó la matrícula ID 1465592 (500050704) desde la procedencia ""MAT 50704"" del depto 05. La fila B2 quedó con ID_MATRICULA = 50704 (número de procedencia) en vez de 1465592. En esa matrícula figura como histórico (B4) otro registro de persona con el mismo documento y nombre compatible (ERICE GARDE, AIDA MARIA IGNACIA).";1465592;;R18 139424;B4 de 1465592;REVISAR;A;2020-06-09 12:32:38;VPAREJAS;;1;3 filas, tipo A, representante 50704-1
50704-2;5593905;2515114;ERICE GARDE, AIDA MARIA IGNACIA;50704;500050704;NU_MATRICULA real = depto + ID huérfano (R18);3-COPIA_REGRABADO;COPIA_REGRABADO_A / MATRICULACION_CON_NUMERO_DE_PROCEDENCIA;ALTO;"El trámite de matriculación (R18 139424, 2020-06-09, VPAREJAS) generó la matrícula ID 1465592 (500050704) desde la procedencia ""MAT 50704"" del depto 05. La fila B2 quedó con ID_MATRICULA = 50704 (número de procedencia) en vez de 1465592. En esa matrícula figura como histórico (B4) otro registro de persona con el mismo documento y nombre compatible (ERICE GARDE, AIDA MARIA IGNACIA). Además es la copia n.º 2 de 3 de la misma titularidad en el mismo ID (tipo A: idénticas salvo DT_ALTA / TM_DESDE / NU_SEQUENCE); se conserva como representante 50704-1.";1465592;;R18 139424;B4 de 1465592;CANDIDATO_ELIMINACION;A;2020-06-09 12:34:40;VPAREJAS;;1;3 filas, tipo A, representante 50704-1
50704-3;5593905;2515114;ERICE GARDE, AIDA MARIA IGNACIA;50704;500050704;NU_MATRICULA real = depto + ID huérfano (R18);3-COPIA_REGRABADO;COPIA_REGRABADO_A / MATRICULACION_CON_NUMERO_DE_PROCEDENCIA;ALTO;"El trámite de matriculación (R18 139424, 2020-06-09, VPAREJAS) generó la matrícula ID 1465592 (500050704) desde la procedencia ""MAT 50704"" del depto 05. La fila B2 quedó con ID_MATRICULA = 50704 (número de procedencia) en vez de 1465592. En esa matrícula figura como histórico (B4) otro registro de persona con el mismo documento y nombre compatible (ERICE GARDE, AIDA MARIA IGNACIA). Además es la copia n.º 3 de 3 de la misma titularidad en el mismo ID (tipo A: idénticas salvo DT_ALTA / TM_DESDE / NU_SEQUENCE); se conserva como representante 50704-1.";1465592;;R18 139424;B4 de 1465592;CANDIDATO_ELIMINACION;A;2020-06-09 12:57:48;VPAREJAS;;1;3 filas, tipo A, representante 50704-1
52544-0;5560728;6841758;LAZZARO, MARIO AUGUSTO;52544;500052544;NU_MATRICULA real = depto + ID huérfano (R18);5-ORIGINAL_CON_TITULARIDAD_EN_OTRA;MATRICULACION_CON_NUMERO_DE_PROCEDENCIA;MEDIO;"El trámite de matriculación (R18 68142, 2018-08-23, GCMIRANDA) generó la matrícula ID 1472295 (500052544) desde la procedencia ""MAT 52544"" del depto 05. La fila B2 quedó con ID_MATRICULA = 52544 (número de procedencia) en vez de 1472295. En esa matrícula figura como histórico (B4) otro registro de persona con el mismo documento y nombre compatible (LAZZARO, MARIO AUGUSTO).";1472295;;R18 68142;B4 de 1472295;REVISAR;A;2018-08-23 14:07:22;GCMIRANDA;;1;
52544-1;5560732;6841758;LAZZARO, MARIO AUGUSTO;52544;500052544;NU_MATRICULA real = depto + ID huérfano (R18);5-ORIGINAL_CON_TITULARIDAD_EN_OTRA;MATRICULACION_CON_NUMERO_DE_PROCEDENCIA;MEDIO;"El trámite de matriculación (R18 68142, 2018-08-23, GCMIRANDA) generó la matrícula ID 1472295 (500052544) desde la procedencia ""MAT 52544"" del depto 05. La fila B2 quedó con ID_MATRICULA = 52544 (número de procedencia) en vez de 1472295. En esa matrícula figura como histórico (B4) otro registro de persona con el mismo documento y nombre compatible (LAZZARO, MARIO AUGUSTO).";1472295;;R18 68142;B4 de 1472295;REVISAR;A;2018-08-23 14:45:33;OVILLALON;;1;
53857-0;1482547;10350396;BENITEZ, ROBERTO;53857;100053857;NU_MATRICULA real = depto + ID huérfano (R18);6-ORIGINAL_UNICO;MATRICULACION_CON_NUMERO_DE_PROCEDENCIA;MEDIO;"El trámite de matriculación (R18 347986, 2025-10-21, GARCE) generó la matrícula ID 1642710 (100053857) desde la procedencia ""MAT 53857"" del depto 01. La fila B2 quedó con ID_MATRICULA = 53857 (número de procedencia) en vez de 1642710. En esa matrícula la MISMA persona figura como titular HISTÓRICO (B4): la titularidad ya está registrada y cerrada, y el huérfano la sigue mostrando como activa.";1642710;1482547;00CASO031946225000;B4 de 1642710;CANDIDATO_ELIMINACION;A;2025-10-16 12:20:34;OESPEJO;00CASO031946225000;0;2 filas, tipo B, representante 53857-0
53857-4;1482547;10350396;BENITEZ, ROBERTO;53857;100053857;NU_MATRICULA real = depto + ID huérfano (R18);3-COPIA_REGRABADO;MATRICULACION_CON_NUMERO_DE_PROCEDENCIA + COPIA_B;MEDIO;"El trámite de matriculación (R18 347986, 2025-10-21, GARCE) generó la matrícula ID 1642710 (100053857) desde la procedencia ""MAT 53857"" del depto 01. La fila B2 quedó con ID_MATRICULA = 53857 (número de procedencia) en vez de 1642710. En esa matrícula la MISMA persona figura como titular HISTÓRICO (B4): la titularidad ya está registrada y cerrada, y el huérfano la sigue mostrando como activa. Además es la copia n.º 2 de 2 de la misma titularidad en el mismo ID (tipo B: diferencias menores: NU_CASO_ORIGEN, RECIENTE, CD_USER_STORE); se conserva como representante 53857-0.";1642710;1482547;R18 347986;B4 de 1642710;CANDIDATO_ELIMINACION;A;2025-10-17 12:29:49;AZAPATA;;1;2 filas, tipo B, representante 53857-0
53857-2;5697630;10350396;BENITEZ, ROBERTO;53857;100053857;NU_MATRICULA real = depto + ID huérfano (R18);6-ORIGINAL_UNICO;MATRICULACION_CON_NUMERO_DE_PROCEDENCIA;MEDIO;"El trámite de matriculación (R18 347986, 2025-10-21, GARCE) generó la matrícula ID 1642710 (100053857) desde la procedencia ""MAT 53857"" del depto 01. La fila B2 quedó con ID_MATRICULA = 53857 (número de procedencia) en vez de 1642710. En esa matrícula la MISMA persona figura como titular HISTÓRICO (B4): la titularidad ya está registrada y cerrada, y el huérfano la sigue mostrando como activa.";1642710;5697630;R18 347986;B4 de 1642710;CANDIDATO_ELIMINACION;A;2025-10-17 12:10:58;OESPEJO;;1;2 filas, tipo A, representante 53857-2
53857-3;5697630;10350396;BENITEZ, ROBERTO;53857;100053857;NU_MATRICULA real = depto + ID huérfano (R18);3-COPIA_REGRABADO;MATRICULACION_CON_NUMERO_DE_PROCEDENCIA + COPIA_A;MEDIO;"El trámite de matriculación (R18 347986, 2025-10-21, GARCE) generó la matrícula ID 1642710 (100053857) desde la procedencia ""MAT 53857"" del depto 01. La fila B2 quedó con ID_MATRICULA = 53857 (número de procedencia) en vez de 1642710. En esa matrícula la MISMA persona figura como titular HISTÓRICO (B4): la titularidad ya está registrada y cerrada, y el huérfano la sigue mostrando como activa. Además es la copia n.º 2 de 2 de la misma titularidad en el mismo ID (tipo A: idénticas salvo DT_ALTA / TM_DESDE / NU_SEQUENCE); se conserva como representante 53857-2.";1642710;5697630;R18 347986;B4 de 1642710;CANDIDATO_ELIMINACION;A;2025-10-17 12:12:04;OESPEJO;;1;2 filas, tipo A, representante 53857-2
53857-1;5697631;10350396;BENITEZ, ROBERTO;53857;100053857;NU_MATRICULA real = depto + ID huérfano (R18);6-ORIGINAL_UNICO;MATRICULACION_CON_NUMERO_DE_PROCEDENCIA;MEDIO;"El trámite de matriculación (R18 347986, 2025-10-21, GARCE) generó la matrícula ID 1642710 (100053857) desde la procedencia ""MAT 53857"" del depto 01. La fila B2 quedó con ID_MATRICULA = 53857 (número de procedencia) en vez de 1642710. En esa matrícula figura como histórico (B4) otro registro de persona con el mismo documento y nombre compatible (BENITEZ, ROBERTO).";1642710;;R18 347986;B4 de 1642710;REVISAR;A;2025-10-16 12:26:47;OESPEJO;;1;
53877-3;5621045;16256056;NAVARRO, FERNANDO;53877;110053877;matrícula generada por el R18 cuya procedencia es el ID;5-ORIGINAL_CON_TITULARIDAD_EN_OTRA;MATRICULACION_CON_NUMERO_DE_PROCEDENCIA;ALTO;"El trámite de matriculación (R18 196648, 2021-12-23, CMIRANDA) generó la matrícula ID 6348383 (110053877) desde la procedencia ""MAT 53877"" del depto 01. La fila B2 quedó con ID_MATRICULA = 53877 (número de procedencia) en vez de 6348383. En esa matrícula la MISMA persona (CD_PERSONA) ya es titular ACTIVA: la fila huérfana repite una titularidad existente.";6348383;5621045;R18 196648;6348383-0;CANDIDATO_ELIMINACION;A;2021-12-21 12:36:20;GARCE;;1;
53877-0;5621187;16256056;NAVARRO, FERNANDO;53877;110053877;matrícula generada por el R18 cuya procedencia es el ID;5-ORIGINAL_CON_TITULARIDAD_EN_OTRA;MATRICULACION_CON_NUMERO_DE_PROCEDENCIA;MEDIO;"El trámite de matriculación (R18 196648, 2021-12-23, CMIRANDA) generó la matrícula ID 6348383 (110053877) desde la procedencia ""MAT 53877"" del depto 01. La fila B2 quedó con ID_MATRICULA = 53877 (número de procedencia) en vez de 6348383. En esa matrícula otro registro de persona con el mismo documento y nombre compatible (NAVARRO, FERNANDO) ya es titular ACTIVO. Es probable que sea la misma titularidad, pero mismo DNI no es misma persona.";6348383;5621045;R18 196648;6348383-0;CANDIDATO_ELIMINACION;A;2021-12-20 12:32:35;GARCE;;1;
53877-1;5621188;11213695;NAVARRO, DANIEL;53877;53877;matrícula generada por el R18 cuya procedencia es el ID;1-CLAVE_EQUIVOCADA;MATRICULACION_CON_NUMERO_DE_PROCEDENCIA;MEDIO;"El trámite de matriculación (R18 204646, 2022-03-10, RGUILLOT) generó la matrícula ID 1474552 (53877) desde la procedencia ""MAT 53877"" del depto 04. La fila B2 quedó con ID_MATRICULA = 53877 (número de procedencia) en vez de 1474552. En esa matrícula otro registro de persona con el mismo documento y nombre compatible (NAVARRO, DANIEL) ya es titular ACTIVO. Es probable que sea la misma titularidad, pero mismo DNI no es misma persona.";1474552;1486404;R18 204646;1474552-1;CANDIDATO_ELIMINACION;A;2021-12-20 12:33:30;GARCE;;1;
53877-2;5621191;6644922;NAVARRO, SILVIA;53877;53877;matrícula generada por el R18 cuya procedencia es el ID;1-CLAVE_EQUIVOCADA;MATRICULACION_CON_NUMERO_DE_PROCEDENCIA;MEDIO;"El trámite de matriculación (R18 204646, 2022-03-10, RGUILLOT) generó la matrícula ID 1474552 (53877) desde la procedencia ""MAT 53877"" del depto 04. La fila B2 quedó con ID_MATRICULA = 53877 (número de procedencia) en vez de 1474552. En esa matrícula otro registro de persona con el mismo documento y nombre compatible (NAVARRO, SILVIA) ya es titular ACTIVO. Es probable que sea la misma titularidad, pero mismo DNI no es misma persona.";1474552;1572842;R18 204646;1474552-2;CANDIDATO_ELIMINACION;A;2021-12-20 12:36:38;GARCE;;1;
59172-0;1501424;6833282;ABAD, ANTONIO;59172;400059172;NU_MATRICULA real = depto + ID huérfano (R18);5-ORIGINAL_CON_TITULARIDAD_EN_OTRA;MATRICULACION_CON_NUMERO_DE_PROCEDENCIA;MEDIO;"El trámite de matriculación (R18 319607, 2025-03-05, CMIRANDA, anexado al mismo caso 00CASO004941025000) generó la matrícula ID 1615194 (400059172) desde la procedencia ""MAT 59172"" del depto 04. La fila B2 quedó con ID_MATRICULA = 59172 (número de procedencia) en vez de 1615194. En esa matrícula la MISMA persona figura como titular HISTÓRICO (B4): la titularidad ya está registrada y cerrada, y el huérfano la sigue mostrando como activa.";1615194;1501424;00CASO004941025000;B4 de 1615194;CANDIDATO_ELIMINACION;A;2025-03-05 11:46:00;CMIRANDA;00CASO004941025000;0;
59224-1;1532534;4133317;GUTIERREZ, GABINO PUBLIO;59224;500059224;NU_MATRICULA real = depto + ID huérfano (R18);6-ORIGINAL_UNICO;MATRICULACION_CON_NUMERO_DE_PROCEDENCIA;MEDIO;"El trámite de matriculación (R18 310640, 2024-11-07, FALEGRE) generó la matrícula ID 1646656 (500059224) desde la procedencia ""MAT 59224"" del depto 05. La fila B2 quedó con ID_MATRICULA = 59224 (número de procedencia) en vez de 1646656. En esa matrícula la MISMA persona figura como titular HISTÓRICO (B4): la titularidad ya está registrada y cerrada, y el huérfano la sigue mostrando como activa.";1646656;1532534;00CASO029905824000;B4 de 1646656;CANDIDATO_ELIMINACION;A;2024-11-06 09:30:23;FALEGRE;00CASO029905824000;0;2 filas, tipo B, representante 59224-1
59224-2;1532534;4133317;GUTIERREZ, GABINO PUBLIO;59224;500059224;NU_MATRICULA real = depto + ID huérfano (R18);3-COPIA_REGRABADO;MATRICULACION_CON_NUMERO_DE_PROCEDENCIA + COPIA_B;MEDIO;"El trámite de matriculación (R18 310640, 2024-11-07, FALEGRE) generó la matrícula ID 1646656 (500059224) desde la procedencia ""MAT 59224"" del depto 05. La fila B2 quedó con ID_MATRICULA = 59224 (número de procedencia) en vez de 1646656. En esa matrícula la MISMA persona figura como titular HISTÓRICO (B4): la titularidad ya está registrada y cerrada, y el huérfano la sigue mostrando como activa. Además es la copia n.º 2 de 2 de la misma titularidad en el mismo ID (tipo B: diferencias menores: NU_CASO_ORIGEN, RECIENTE); se conserva como representante 59224-1.";1646656;1532534;R18 310640;B4 de 1646656;CANDIDATO_ELIMINACION;A;2024-11-06 12:45:26;FALEGRE;;1;2 filas, tipo B, representante 59224-1
59224-0;1642620;3737335;CORTEZ, MARIA AZUCENA;59224;500059224;NU_MATRICULA real = depto + ID huérfano (R18);6-ORIGINAL_UNICO;MATRICULACION_CON_NUMERO_DE_PROCEDENCIA + GRUPO_C;MEDIO;"El trámite de matriculación (R18 310640, 2024-11-07, FALEGRE) generó la matrícula ID 1646656 (500059224) desde la procedencia ""MAT 59224"" del depto 05. La fila B2 quedó con ID_MATRICULA = 59224 (número de procedencia) en vez de 1646656. En esa matrícula la MISMA persona figura como titular HISTÓRICO (B4): la titularidad ya está registrada y cerrada, y el huérfano la sigue mostrando como activa. El grupo (2 filas) cambian datos relevantes: DT_DESDE: pueden ser actos distintos (otra fecha de adquisición u otro porcentaje), así que hay que compararlo con la matrícula real antes de tocarlo.";1646656;1642620;00CASO029905824000;B4 de 1646656;REVISAR;A;2024-11-06 09:29:49;FALEGRE;00CASO029905824000;0;2 filas, tipo C, representante 59224-0
59224-3;1642620;3737335;CORTEZ, MARIA AZUCENA;59224;500059224;NU_MATRICULA real = depto + ID huérfano (R18);3-COPIA_REGRABADO;MATRICULACION_CON_NUMERO_DE_PROCEDENCIA + COPIA_C;MEDIO;"El trámite de matriculación (R18 310640, 2024-11-07, FALEGRE) generó la matrícula ID 1646656 (500059224) desde la procedencia ""MAT 59224"" del depto 05. La fila B2 quedó con ID_MATRICULA = 59224 (número de procedencia) en vez de 1646656. En esa matrícula la MISMA persona figura como titular HISTÓRICO (B4): la titularidad ya está registrada y cerrada, y el huérfano la sigue mostrando como activa. Además es la copia n.º 2 de 2 de la misma titularidad en el mismo ID (tipo C: cambian datos relevantes: DT_DESDE); se conserva como representante 59224-0. El grupo (2 filas) cambian datos relevantes: DT_DESDE: pueden ser actos distintos (otra fecha de adquisición u otro porcentaje), así que hay que compararlo con la matrícula real antes de tocarlo.";1646656;1642620;R18 310640;B4 de 1646656;REVISAR;A;2024-11-06 12:45:59;FALEGRE;;1;2 filas, tipo C, representante 59224-0
59314-0;5254536;8144744;SILIONE, SERAFIN HUMBERTO;59314;400059314;NU_MATRICULA real = depto + ID huérfano (R18);5-ORIGINAL_CON_TITULARIDAD_EN_OTRA;MATRICULACION_CON_NUMERO_DE_PROCEDENCIA;ALTO;"El trámite de matriculación (R18 355900, 2025-12-30, GARCE) generó la matrícula ID 5217686 (400059314) desde la procedencia ""MAT 59314"" del depto 04. La fila B2 quedó con ID_MATRICULA = 59314 (número de procedencia) en vez de 5217686. En esa matrícula la MISMA persona (CD_PERSONA) ya es titular ACTIVA: la fila huérfana repite una titularidad existente.";5217686;5254536;00CASO038883425000;5217686-0;CANDIDATO_ELIMINACION;A;2025-12-17 14:48:02;OESPEJO;00CASO038883425000;0;
59314-1;5701146;8144744;SILIONE, SERAFIN HUMBERTO;59314;400059314;NU_MATRICULA real = depto + ID huérfano (R18);5-ORIGINAL_CON_TITULARIDAD_EN_OTRA;MATRICULACION_CON_NUMERO_DE_PROCEDENCIA;MEDIO;"El trámite de matriculación (R18 355900, 2025-12-30, GARCE) generó la matrícula ID 5217686 (400059314) desde la procedencia ""MAT 59314"" del depto 04. La fila B2 quedó con ID_MATRICULA = 59314 (número de procedencia) en vez de 5217686. En esa matrícula otro registro de persona con el mismo documento y nombre compatible (SILIONE, SERAFIN HUMBERTO) ya es titular ACTIVO. Es probable que sea la misma titularidad, pero mismo DNI no es misma persona.";5217686;5254536;R18 355900;5217686-0;CANDIDATO_ELIMINACION;A;2025-12-17 14:50:46;OESPEJO;;1;
60148-0;5240991;198984;TORRICO, NAZARIO;60148;400060148;NU_MATRICULA real = depto + ID huérfano (R18);6-ORIGINAL_UNICO;MATRICULACION_CON_NUMERO_DE_PROCEDENCIA;MEDIO;"El trámite de matriculación (R18 239023, 2022-11-24, FALEGRE, anexado al mismo caso 00CASO036239922000) generó la matrícula ID 5206856 (400060148) desde la procedencia ""MAT 60148"" del depto 04. La fila B2 quedó con ID_MATRICULA = 60148 (número de procedencia) en vez de 5206856. En esa matrícula la MISMA persona figura como titular HISTÓRICO (B4): la titularidad ya está registrada y cerrada, y el huérfano la sigue mostrando como activa.";5206856;5240991;00CASO036239922000;B4 de 5206856;CANDIDATO_ELIMINACION;A;2022-11-24 12:05:21;FALEGRE;00CASO036239922000;0;
62687-0;1461054;14002441;DI MARCO, OSCAR ANTONIO;62687;700062687;NU_MATRICULA real = depto + ID huérfano (R18);5-ORIGINAL_CON_TITULARIDAD_EN_OTRA;MATRICULACION_CON_NUMERO_DE_PROCEDENCIA;ALTO;"El trámite de matriculación (R18 110680, 2019-08-01, GARCE, anexado al mismo caso 00CASO019413219000) generó la matrícula ID 5085271 (700062687) desde la procedencia ""MAT 62687"" del depto 07. La fila B2 quedó con ID_MATRICULA = 62687 (número de procedencia) en vez de 5085271. En esa matrícula la MISMA persona (CD_PERSONA) ya es titular ACTIVA: la fila huérfana repite una titularidad existente.";5085271;1461054;00CASO019413219000;5085271-0;CANDIDATO_ELIMINACION;A;2019-08-01 10:39:58;GARCE;00CASO019413219000;0;
63111-0;1553563;3342112;FUNES, FERNANDO;63111;100063111;NU_MATRICULA real = depto + ID huérfano (R18);5-ORIGINAL_CON_TITULARIDAD_EN_OTRA;MATRICULACION_CON_NUMERO_DE_PROCEDENCIA_SIN_TITULAR_EN_REAL;MEDIO;"El trámite de matriculación (R18 311671, 2024-11-15, FALEGRE) generó la matrícula ID 5215534 (100063111) desde la procedencia ""MAT 63111"" del depto 01. La fila B2 quedó con ID_MATRICULA = 63111 (número de procedencia) en vez de 5215534. Pero la persona NO figura como titular, ni activa ni histórica, en la matrícula ID 5215534: la fila huérfana puede ser el único rastro de esa titularidad. Corresponde re-vincular tras verificar, no borrar.";5215534;;R18 311671;;CONSERVAR;A;2024-11-22 14:33:18;AEGUAJARDO;;1;2 filas, tipo A, representante 63111-0
63111-2;1553563;3342112;FUNES, FERNANDO;63111;100063111;NU_MATRICULA real = depto + ID huérfano (R18);3-COPIA_REGRABADO;COPIA_REGRABADO_A / MATRICULACION_CON_NUMERO_DE_PROCEDENCIA_SIN_TITULAR_EN_REAL;ALTO;"El trámite de matriculación (R18 311671, 2024-11-15, FALEGRE) generó la matrícula ID 5215534 (100063111) desde la procedencia ""MAT 63111"" del depto 01. La fila B2 quedó con ID_MATRICULA = 63111 (número de procedencia) en vez de 5215534. Pero la persona NO figura como titular, ni activa ni histórica, en la matrícula ID 5215534: la fila huérfana puede ser el único rastro de esa titularidad. Corresponde re-vincular tras verificar, no borrar. Además es la copia n.º 2 de 2 de la misma titularidad en el mismo ID (tipo A: idénticas salvo DT_ALTA / TM_DESDE / NU_SEQUENCE); se conserva como representante 63111-0.";5215534;;R18 311671;63111-0;CANDIDATO_ELIMINACION;A;2024-11-25 08:26:18;AEGUAJARDO;;1;2 filas, tipo A, representante 63111-0
63111-1;5679968;3342112;FUNES, FERNANDO;63111;100063111;NU_MATRICULA real = depto + ID huérfano (R18);5-ORIGINAL_CON_TITULARIDAD_EN_OTRA;MATRICULACION_CON_NUMERO_DE_PROCEDENCIA_SIN_TITULAR_EN_REAL;MEDIO;"El trámite de matriculación (R18 311671, 2024-11-15, FALEGRE) generó la matrícula ID 5215534 (100063111) desde la procedencia ""MAT 63111"" del depto 01. La fila B2 quedó con ID_MATRICULA = 63111 (número de procedencia) en vez de 5215534. Pero la persona NO figura como titular, ni activa ni histórica, en la matrícula ID 5215534: la fila huérfana puede ser el único rastro de esa titularidad. Corresponde re-vincular tras verificar, no borrar.";5215534;;R18 311671;;CONSERVAR;A;2024-11-25 08:19:39;FALEGRE;;1;
63111-3;5679979;;SANTOS, MARIANO CLAUDIO;63111;100063111;NU_MATRICULA real = depto + ID huérfano (R18);6-ORIGINAL_UNICO;MATRICULACION_CON_NUMERO_DE_PROCEDENCIA_SIN_TITULAR_EN_REAL;MEDIO;"El trámite de matriculación (R18 311671, 2024-11-15, FALEGRE) generó la matrícula ID 5215534 (100063111) desde la procedencia ""MAT 63111"" del depto 01. La fila B2 quedó con ID_MATRICULA = 63111 (número de procedencia) en vez de 5215534. Pero la persona NO figura como titular, ni activa ni histórica, en la matrícula ID 5215534: la fila huérfana puede ser el único rastro de esa titularidad. Corresponde re-vincular tras verificar, no borrar.";5215534;;R18 311671;;CONSERVAR;A;2024-11-25 09:11:33;FALEGRE;;1;
63111-4;5679981;;SANTOS, MARIANO CLAUDIO;63111;100063111;NU_MATRICULA real = depto + ID huérfano (R18);6-ORIGINAL_UNICO;MATRICULACION_CON_NUMERO_DE_PROCEDENCIA_SIN_TITULAR_EN_REAL;MEDIO;"El trámite de matriculación (R18 311671, 2024-11-15, FALEGRE) generó la matrícula ID 5215534 (100063111) desde la procedencia ""MAT 63111"" del depto 01. La fila B2 quedó con ID_MATRICULA = 63111 (número de procedencia) en vez de 5215534. Pero la persona NO figura como titular, ni activa ni histórica, en la matrícula ID 5215534: la fila huérfana puede ser el único rastro de esa titularidad. Corresponde re-vincular tras verificar, no borrar.";5215534;;R18 311671;;CONSERVAR;A;2024-11-25 09:12:39;FALEGRE;;1;
63111-5;5679987;;SANTOS, MARIANO CLAUDIO;63111;100063111;NU_MATRICULA real = depto + ID huérfano (R18);6-ORIGINAL_UNICO;MATRICULACION_CON_NUMERO_DE_PROCEDENCIA_SIN_TITULAR_EN_REAL;MEDIO;"El trámite de matriculación (R18 311671, 2024-11-15, FALEGRE) generó la matrícula ID 5215534 (100063111) desde la procedencia ""MAT 63111"" del depto 01. La fila B2 quedó con ID_MATRICULA = 63111 (número de procedencia) en vez de 5215534. Pero la persona NO figura como titular, ni activa ni histórica, en la matrícula ID 5215534: la fila huérfana puede ser el único rastro de esa titularidad. Corresponde re-vincular tras verificar, no borrar.";5215534;;R18 311671;;CONSERVAR;A;2024-11-25 09:26:40;FALEGRE;;1;
63111-6;5679989;;SANTOS, MARIANO CLAUDIO;63111;100063111;NU_MATRICULA real = depto + ID huérfano (R18);6-ORIGINAL_UNICO;MATRICULACION_CON_NUMERO_DE_PROCEDENCIA_SIN_TITULAR_EN_REAL;MEDIO;"El trámite de matriculación (R18 311671, 2024-11-15, FALEGRE) generó la matrícula ID 5215534 (100063111) desde la procedencia ""MAT 63111"" del depto 01. La fila B2 quedó con ID_MATRICULA = 63111 (número de procedencia) en vez de 5215534. Pero la persona NO figura como titular, ni activa ni histórica, en la matrícula ID 5215534: la fila huérfana puede ser el único rastro de esa titularidad. Corresponde re-vincular tras verificar, no borrar.";5215534;;R18 311671;;CONSERVAR;A;2024-11-25 09:28:13;FALEGRE;;1;
70866-0;510191;6146440;TAPIA, MIGUEL ANGEL;70866;500070866;NU_MATRICULA real = depto + ID huérfano (R18);5-ORIGINAL_CON_TITULARIDAD_EN_OTRA;MATRICULACION_CON_NUMERO_DE_PROCEDENCIA;ALTO;"El trámite de matriculación (R18 256813, 2023-05-12, GARCE, anexado al mismo caso 00CASO011810723000) generó la matrícula ID 185665 (500070866) desde la procedencia ""MAT 70866"" del depto 05. La fila B2 quedó con ID_MATRICULA = 70866 (número de procedencia) en vez de 185665. En esa matrícula la MISMA persona (CD_PERSONA) ya es titular ACTIVA: la fila huérfana repite una titularidad existente.";185665;510191;00CASO011810723000;185665-0;CANDIDATO_ELIMINACION;A;2023-05-12 12:20:47;GARCE;00CASO011810723000;0;
71421-0;5613222;27969929;CARTAGENA ARANCIBIA, ALDO RODRIGO;71421;71421;ID = NU_MATRICULA de la matrícula real;6-ORIGINAL_UNICO;NU_MATRICULA_COMPLETO_SIN_TITULAR;BAJO;El ID 71421 es el NU_MATRICULA de la matrícula ID 215004 (estado MIG). Pero ni la persona ni el documento son titulares ahí (ni en B2 ni en B4): puede ser una coincidencia numérica o una titularidad que nunca se trasladó.;215004;;;;REVISAR;A;2021-08-26 12:19:05;VCACERES;;1;
73018-0;1653758;8296635;TALQUENCA, CARLOS JOSE;73018;500073018;NU_MATRICULA real = depto + ID huérfano (R18);5-ORIGINAL_CON_TITULARIDAD_EN_OTRA;MATRICULACION_CON_NUMERO_DE_PROCEDENCIA + GRUPO_C;MEDIO;"El trámite de matriculación (R18 82496, 2018-11-26, ESOTELO, anexado al mismo caso 00CASO031709518000) generó la matrícula ID 1657971 (500073018) desde la procedencia ""MAT 73018"" del depto 05. La fila B2 quedó con ID_MATRICULA = 73018 (número de procedencia) en vez de 1657971. En esa matrícula la MISMA persona figura como titular HISTÓRICO (B4): la titularidad ya está registrada y cerrada, y el huérfano la sigue mostrando como activa. El grupo (7 filas) cambian datos relevantes: DT_DESDE: pueden ser actos distintos (otra fecha de adquisición u otro porcentaje), así que hay que compararlo con la matrícula real antes de tocarlo.";1657971;1653758;00CASO031709518000;B4 de 1657971;REVISAR;A;2018-11-26 13:34:24;ESOTELO;00CASO031709518000;0;7 filas, tipo C, representante 73018-0
73018-1;1653758;8296635;TALQUENCA, CARLOS JOSE;73018;500073018;NU_MATRICULA real = depto + ID huérfano (R18);3-COPIA_REGRABADO;MATRICULACION_CON_NUMERO_DE_PROCEDENCIA + COPIA_C;MEDIO;"El trámite de matriculación (R18 82496, 2018-11-26, ESOTELO) generó la matrícula ID 1657971 (500073018) desde la procedencia ""MAT 73018"" del depto 05. La fila B2 quedó con ID_MATRICULA = 73018 (número de procedencia) en vez de 1657971. En esa matrícula la MISMA persona figura como titular HISTÓRICO (B4): la titularidad ya está registrada y cerrada, y el huérfano la sigue mostrando como activa. Además es la copia n.º 2 de 7 de la misma titularidad en el mismo ID (tipo C: cambian datos relevantes: DT_DESDE); se conserva como representante 73018-0. El grupo (7 filas) cambian datos relevantes: DT_DESDE: pueden ser actos distintos (otra fecha de adquisición u otro porcentaje), así que hay que compararlo con la matrícula real antes de tocarlo.";1657971;1653758;R18 82496;B4 de 1657971;REVISAR;A;2018-11-27 12:39:28;ESOTELO;;1;7 filas, tipo C, representante 73018-0
73018-2;1653758;8296635;TALQUENCA, CARLOS JOSE;73018;500073018;NU_MATRICULA real = depto + ID huérfano (R18);3-COPIA_REGRABADO;MATRICULACION_CON_NUMERO_DE_PROCEDENCIA + COPIA_C;MEDIO;"El trámite de matriculación (R18 82496, 2018-11-26, ESOTELO) generó la matrícula ID 1657971 (500073018) desde la procedencia ""MAT 73018"" del depto 05. La fila B2 quedó con ID_MATRICULA = 73018 (número de procedencia) en vez de 1657971. En esa matrícula la MISMA persona figura como titular HISTÓRICO (B4): la titularidad ya está registrada y cerrada, y el huérfano la sigue mostrando como activa. Además es la copia n.º 3 de 7 de la misma titularidad en el mismo ID (tipo C: cambian datos relevantes: DT_DESDE); se conserva como representante 73018-0. El grupo (7 filas) cambian datos relevantes: DT_DESDE: pueden ser actos distintos (otra fecha de adquisición u otro porcentaje), así que hay que compararlo con la matrícula real antes de tocarlo.";1657971;1653758;R18 82496;B4 de 1657971;REVISAR;A;2018-11-27 12:43:43;ESOTELO;;1;7 filas, tipo C, representante 73018-0
73018-3;1653758;8296635;TALQUENCA, CARLOS JOSE;73018;500073018;NU_MATRICULA real = depto + ID huérfano (R18);3-COPIA_REGRABADO;MATRICULACION_CON_NUMERO_DE_PROCEDENCIA + COPIA_C;MEDIO;"El trámite de matriculación (R18 82496, 2018-11-26, ESOTELO) generó la matrícula ID 1657971 (500073018) desde la procedencia ""MAT 73018"" del depto 05. La fila B2 quedó con ID_MATRICULA = 73018 (número de procedencia) en vez de 1657971. En esa matrícula la MISMA persona figura como titular HISTÓRICO (B4): la titularidad ya está registrada y cerrada, y el huérfano la sigue mostrando como activa. Además es la copia n.º 4 de 7 de la misma titularidad en el mismo ID (tipo C: cambian datos relevantes: DT_DESDE); se conserva como representante 73018-0. El grupo (7 filas) cambian datos relevantes: DT_DESDE: pueden ser actos distintos (otra fecha de adquisición u otro porcentaje), así que hay que compararlo con la matrícula real antes de tocarlo.";1657971;1653758;R18 82496;B4 de 1657971;REVISAR;A;2018-11-27 12:47:00;ESOTELO;;1;7 filas, tipo C, representante 73018-0
73018-4;1653758;8296635;TALQUENCA, CARLOS JOSE;73018;500073018;NU_MATRICULA real = depto + ID huérfano (R18);3-COPIA_REGRABADO;MATRICULACION_CON_NUMERO_DE_PROCEDENCIA + COPIA_C;MEDIO;"El trámite de matriculación (R18 82496, 2018-11-26, ESOTELO) generó la matrícula ID 1657971 (500073018) desde la procedencia ""MAT 73018"" del depto 05. La fila B2 quedó con ID_MATRICULA = 73018 (número de procedencia) en vez de 1657971. En esa matrícula la MISMA persona figura como titular HISTÓRICO (B4): la titularidad ya está registrada y cerrada, y el huérfano la sigue mostrando como activa. Además es la copia n.º 5 de 7 de la misma titularidad en el mismo ID (tipo C: cambian datos relevantes: DT_DESDE); se conserva como representante 73018-0. El grupo (7 filas) cambian datos relevantes: DT_DESDE: pueden ser actos distintos (otra fecha de adquisición u otro porcentaje), así que hay que compararlo con la matrícula real antes de tocarlo.";1657971;1653758;R18 82496;B4 de 1657971;REVISAR;A;2018-11-27 13:07:31;ESOTELO;;1;7 filas, tipo C, representante 73018-0
73018-5;1653758;8296635;TALQUENCA, CARLOS JOSE;73018;500073018;NU_MATRICULA real = depto + ID huérfano (R18);3-COPIA_REGRABADO;MATRICULACION_CON_NUMERO_DE_PROCEDENCIA + COPIA_C;MEDIO;"El trámite de matriculación (R18 82496, 2018-11-26, ESOTELO) generó la matrícula ID 1657971 (500073018) desde la procedencia ""MAT 73018"" del depto 05. La fila B2 quedó con ID_MATRICULA = 73018 (número de procedencia) en vez de 1657971. En esa matrícula la MISMA persona figura como titular HISTÓRICO (B4): la titularidad ya está registrada y cerrada, y el huérfano la sigue mostrando como activa. Además es la copia n.º 6 de 7 de la misma titularidad en el mismo ID (tipo C: cambian datos relevantes: DT_DESDE); se conserva como representante 73018-0. El grupo (7 filas) cambian datos relevantes: DT_DESDE: pueden ser actos distintos (otra fecha de adquisición u otro porcentaje), así que hay que compararlo con la matrícula real antes de tocarlo.";1657971;1653758;R18 82496;B4 de 1657971;REVISAR;A;2018-11-27 13:15:40;ESOTELO;;1;7 filas, tipo C, representante 73018-0
73018-6;1653758;8296635;TALQUENCA, CARLOS JOSE;73018;500073018;NU_MATRICULA real = depto + ID huérfano (R18);3-COPIA_REGRABADO;MATRICULACION_CON_NUMERO_DE_PROCEDENCIA + COPIA_C;MEDIO;"El trámite de matriculación (R18 82496, 2018-11-26, ESOTELO) generó la matrícula ID 1657971 (500073018) desde la procedencia ""MAT 73018"" del depto 05. La fila B2 quedó con ID_MATRICULA = 73018 (número de procedencia) en vez de 1657971. En esa matrícula la MISMA persona figura como titular HISTÓRICO (B4): la titularidad ya está registrada y cerrada, y el huérfano la sigue mostrando como activa. Además es la copia n.º 7 de 7 de la misma titularidad en el mismo ID (tipo C: cambian datos relevantes: DT_DESDE); se conserva como representante 73018-0. El grupo (7 filas) cambian datos relevantes: DT_DESDE: pueden ser actos distintos (otra fecha de adquisición u otro porcentaje), así que hay que compararlo con la matrícula real antes de tocarlo.";1657971;1653758;R18 82496;B4 de 1657971;REVISAR;A;2018-11-27 13:27:58;ESOTELO;;1;7 filas, tipo C, representante 73018-0
74600-1;334893;11680562;BALACCO, RAUL OMAR;74600;500074600;NU_MATRICULA real = depto + ID huérfano (R18);6-ORIGINAL_UNICO;MATRICULACION_CON_NUMERO_DE_PROCEDENCIA;MEDIO;"El trámite de matriculación (R18 138521, 2020-05-28, CMIRANDA) generó la matrícula ID 1553155 (500074600) desde la procedencia ""MAT 74600"" del depto 05. La fila B2 quedó con ID_MATRICULA = 74600 (número de procedencia) en vez de 1553155. En esa matrícula figura como histórico (B4) otro registro de persona con el mismo documento y nombre compatible (BALACCO, RAUL OMAR).";1553155;;R18 138521;B4 de 1553155;REVISAR;A;2020-05-29 11:03:18;CMIRANDA;;1;
74600-0;5355090;28247093;BALACCO, DARIO ANDRES;74600;500074600;NU_MATRICULA real = depto + ID huérfano (R18);5-ORIGINAL_CON_TITULARIDAD_EN_OTRA;MATRICULACION_CON_NUMERO_DE_PROCEDENCIA + GRUPO_C;MEDIO;"El trámite de matriculación (R18 138521, 2020-05-28, CMIRANDA, anexado al mismo caso 00CASO008132720000) generó la matrícula ID 1553155 (500074600) desde la procedencia ""MAT 74600"" del depto 05. La fila B2 quedó con ID_MATRICULA = 74600 (número de procedencia) en vez de 1553155. En esa matrícula la MISMA persona figura como titular HISTÓRICO (B4): la titularidad ya está registrada y cerrada, y el huérfano la sigue mostrando como activa. El grupo (2 filas) cambian datos relevantes: DT_DESDE: pueden ser actos distintos (otra fecha de adquisición u otro porcentaje), así que hay que compararlo con la matrícula real antes de tocarlo.";1553155;5355090;00CASO008132720000;B4 de 1553155;REVISAR;A;2020-05-28 10:46:08;CMIRANDA;00CASO008132720000;0;2 filas, tipo C, representante 74600-0
74600-2;5355090;28247093;BALACCO, DARIO ANDRES;74600;500074600;NU_MATRICULA real = depto + ID huérfano (R18);3-COPIA_REGRABADO;MATRICULACION_CON_NUMERO_DE_PROCEDENCIA + COPIA_C;MEDIO;"El trámite de matriculación (R18 138521, 2020-05-28, CMIRANDA) generó la matrícula ID 1553155 (500074600) desde la procedencia ""MAT 74600"" del depto 05. La fila B2 quedó con ID_MATRICULA = 74600 (número de procedencia) en vez de 1553155. En esa matrícula la MISMA persona figura como titular HISTÓRICO (B4): la titularidad ya está registrada y cerrada, y el huérfano la sigue mostrando como activa. Además es la copia n.º 2 de 2 de la misma titularidad en el mismo ID (tipo C: cambian datos relevantes: DT_DESDE); se conserva como representante 74600-0. El grupo (2 filas) cambian datos relevantes: DT_DESDE: pueden ser actos distintos (otra fecha de adquisición u otro porcentaje), así que hay que compararlo con la matrícula real antes de tocarlo.";1553155;5355090;R18 138521;B4 de 1553155;REVISAR;A;2020-05-29 11:51:21;AFUENTES;;1;2 filas, tipo C, representante 74600-0
77010-0;5234553;10318020;TEJO, MARIA CRISTINA;77010;600077010;NU_MATRICULA real = depto + ID huérfano (R18);6-ORIGINAL_UNICO;MATRICULACION_CON_NUMERO_DE_PROCEDENCIA;MEDIO;"El trámite de matriculación (R18 299405, 2024-07-31, GJFIORENS, anexado al mismo caso 00CASO017754224000) generó la matrícula ID 5201740 (600077010) desde la procedencia ""MAT 77010"" del depto 06. La fila B2 quedó con ID_MATRICULA = 77010 (número de procedencia) en vez de 5201740. En esa matrícula la MISMA persona figura como titular HISTÓRICO (B4): la titularidad ya está registrada y cerrada, y el huérfano la sigue mostrando como activa.";5201740;5234553;00CASO017754224000;B4 de 5201740;CANDIDATO_ELIMINACION;A;2024-07-31 14:35:50;GJFIORENS;00CASO017754224000;0;
78957-0;1620568;7840395;DELICIA, ALBERTO;78957;400078957;NU_MATRICULA real = depto + ID huérfano (R18);5-ORIGINAL_CON_TITULARIDAD_EN_OTRA;MATRICULACION_CON_NUMERO_DE_PROCEDENCIA;MEDIO;"El trámite de matriculación (R18 336549, 2025-07-14, OESPEJO, anexado al mismo caso 00CASO021385425000) generó la matrícula ID 5195602 (400078957) desde la procedencia ""MAT 78957"" del depto 04. La fila B2 quedó con ID_MATRICULA = 78957 (número de procedencia) en vez de 5195602. En esa matrícula la MISMA persona figura como titular HISTÓRICO (B4): la titularidad ya está registrada y cerrada, y el huérfano la sigue mostrando como activa.";5195602;1620568;00CASO021385425000;B4 de 5195602;CANDIDATO_ELIMINACION;A;2025-07-14 10:52:13;OESPEJO;00CASO021385425000;0;
79771-0;1455455;11487585;GIUGNO, CARMELO NORBERTO;79771;400079771;NU_MATRICULA real = depto + ID huérfano (R18);5-ORIGINAL_CON_TITULARIDAD_EN_OTRA;MATRICULACION_CON_NUMERO_DE_PROCEDENCIA;MEDIO;"El trámite de matriculación (R18 148751, 2020-09-18, CMIRANDA, anexado al mismo caso 00CASO016851620000) generó la matrícula ID 5130215 (400079771) desde la procedencia ""MAT 79771"" del depto 04. La fila B2 quedó con ID_MATRICULA = 79771 (número de procedencia) en vez de 5130215. En esa matrícula la MISMA persona figura como titular HISTÓRICO (B4): la titularidad ya está registrada y cerrada, y el huérfano la sigue mostrando como activa.";5130215;1455455;00CASO016851620000;B4 de 5130215;CANDIDATO_ELIMINACION;A;2020-09-18 14:06:20;CMIRANDA;00CASO016851620000;0;
79771-1;5598307;11487585;GIUGNO, CARMELO ROBERTO;79771;400079771;NU_MATRICULA real = depto + ID huérfano (R18);5-ORIGINAL_CON_TITULARIDAD_EN_OTRA;MATRICULACION_CON_NUMERO_DE_PROCEDENCIA;MEDIO;"El trámite de matriculación (R18 148751, 2020-09-18, CMIRANDA) generó la matrícula ID 5130215 (400079771) desde la procedencia ""MAT 79771"" del depto 04. La fila B2 quedó con ID_MATRICULA = 79771 (número de procedencia) en vez de 5130215. En esa matrícula figura como histórico (B4) otro registro de persona con el mismo documento y nombre compatible (GIUGNO, CARMELO NORBERTO).";5130215;;R18 148751;B4 de 5130215;REVISAR;A;2020-09-22 13:10:07;CMIRANDA;;1;3 filas, tipo C, representante 79771-1
79771-2;5598307;11487585;GIUGNO, CARMELO ROBERTO;79771;400079771;NU_MATRICULA real = depto + ID huérfano (R18);3-COPIA_REGRABADO;COPIA_REGRABADO_C / MATRICULACION_CON_NUMERO_DE_PROCEDENCIA;MEDIO;"El trámite de matriculación (R18 148751, 2020-09-18, CMIRANDA) generó la matrícula ID 5130215 (400079771) desde la procedencia ""MAT 79771"" del depto 04. La fila B2 quedó con ID_MATRICULA = 79771 (número de procedencia) en vez de 5130215. En esa matrícula figura como histórico (B4) otro registro de persona con el mismo documento y nombre compatible (GIUGNO, CARMELO NORBERTO). Además es la copia n.º 2 de 3 de la misma titularidad en el mismo ID (tipo C: cambian datos relevantes: NU_ASIEN_2); se conserva como representante 79771-1.";5130215;;R18 148751;B4 de 5130215;REVISAR;A;2020-09-22 18:31:18;CMIRANDA;;1;3 filas, tipo C, representante 79771-1
79771-3;5598307;11487585;GIUGNO, CARMELO ROBERTO;79771;400079771;NU_MATRICULA real = depto + ID huérfano (R18);3-COPIA_REGRABADO;COPIA_REGRABADO_C / MATRICULACION_CON_NUMERO_DE_PROCEDENCIA;MEDIO;"El trámite de matriculación (R18 148751, 2020-09-18, CMIRANDA) generó la matrícula ID 5130215 (400079771) desde la procedencia ""MAT 79771"" del depto 04. La fila B2 quedó con ID_MATRICULA = 79771 (número de procedencia) en vez de 5130215. En esa matrícula figura como histórico (B4) otro registro de persona con el mismo documento y nombre compatible (GIUGNO, CARMELO NORBERTO). Además es la copia n.º 3 de 3 de la misma titularidad en el mismo ID (tipo C: cambian datos relevantes: NU_ASIEN_2); se conserva como representante 79771-1.";5130215;;R18 148751;B4 de 5130215;REVISAR;A;2020-09-22 18:34:06;CMIRANDA;;1;3 filas, tipo C, representante 79771-1
81326-0;5307416;16991708;LEONI, MARIA GABRIELA;81326;500081326;NU_MATRICULA real = depto + ID huérfano (R18);5-ORIGINAL_CON_TITULARIDAD_EN_OTRA;MATRICULACION_CON_NUMERO_DE_PROCEDENCIA;MEDIO;"El trámite de matriculación (R18 68955, 2018-08-28, TEALVAREZ) generó la matrícula ID 1499616 (500081326) desde la procedencia ""MAT 81326"" del depto 05. La fila B2 quedó con ID_MATRICULA = 81326 (número de procedencia) en vez de 1499616. En esa matrícula la MISMA persona figura como titular HISTÓRICO (B4): la titularidad ya está registrada y cerrada, y el huérfano la sigue mostrando como activa.";1499616;5307416;R18 68955;B4 de 1499616;CANDIDATO_ELIMINACION;A;2018-08-28 16:42:50;TEALVAREZ;;1;
82407-0;467347;8146825;AGUERO, JUAN CARLOS;82407;400082407;NU_MATRICULA real = depto + ID huérfano (R18);5-ORIGINAL_CON_TITULARIDAD_EN_OTRA;MATRICULACION_CON_NUMERO_DE_PROCEDENCIA;MEDIO;"El trámite de matriculación (R18 95642, 2019-03-19, VCACERES, anexado al mismo caso 00CASO006340919000) generó la matrícula ID 5083509 (400082407) desde la procedencia ""MAT 82407"" del depto 04. La fila B2 quedó con ID_MATRICULA = 82407 (número de procedencia) en vez de 5083509. En esa matrícula la MISMA persona figura como titular HISTÓRICO (B4): la titularidad ya está registrada y cerrada, y el huérfano la sigue mostrando como activa.";5083509;467347;00CASO006340919000;B4 de 5083509;CANDIDATO_ELIMINACION;A;2019-03-19 11:34:29;VCACERES;00CASO006340919000;0;
82407-1;5110928;4115757;AGUERO DE HERRERA, FELIPA TERESA;82407;400082407;NU_MATRICULA real = depto + ID huérfano (R18);6-ORIGINAL_UNICO;MATRICULACION_CON_NUMERO_DE_PROCEDENCIA;MEDIO;"El trámite de matriculación (R18 95642, 2019-03-19, VCACERES, anexado al mismo caso 00CASO006340919000) generó la matrícula ID 5083509 (400082407) desde la procedencia ""MAT 82407"" del depto 04. La fila B2 quedó con ID_MATRICULA = 82407 (número de procedencia) en vez de 5083509. En esa matrícula la MISMA persona figura como titular HISTÓRICO (B4): la titularidad ya está registrada y cerrada, y el huérfano la sigue mostrando como activa.";5083509;5110928;00CASO006340919000;B4 de 5083509;CANDIDATO_ELIMINACION;A;2019-03-19 11:36:55;VCACERES;00CASO006340919000;0;2 filas, tipo B, representante 82407-1
82407-4;5110928;4115757;AGUERO DE HERRERA, FELIPA TERESA;82407;400082407;NU_MATRICULA real = depto + ID huérfano (R18);3-COPIA_REGRABADO;MATRICULACION_CON_NUMERO_DE_PROCEDENCIA + COPIA_B;MEDIO;"El trámite de matriculación (R18 95642, 2019-03-19, VCACERES) generó la matrícula ID 5083509 (400082407) desde la procedencia ""MAT 82407"" del depto 04. La fila B2 quedó con ID_MATRICULA = 82407 (número de procedencia) en vez de 5083509. En esa matrícula la MISMA persona figura como titular HISTÓRICO (B4): la titularidad ya está registrada y cerrada, y el huérfano la sigue mostrando como activa. Además es la copia n.º 2 de 2 de la misma titularidad en el mismo ID (tipo B: diferencias menores: NU_CASO_ORIGEN, RECIENTE); se conserva como representante 82407-1.";5083509;5110928;R18 95642;B4 de 5083509;CANDIDATO_ELIMINACION;A;2019-03-19 11:45:25;VCACERES;;1;2 filas, tipo B, representante 82407-1
82407-2;5572892;11655258;AGUERO DE VALLEJO, MARÍA DEL CARMEN;82407;400082407;NU_MATRICULA real = depto + ID huérfano (R18);6-ORIGINAL_UNICO;MATRICULACION_CON_NUMERO_DE_PROCEDENCIA_SIN_TITULAR_EN_REAL;MEDIO;"El trámite de matriculación (R18 95642, 2019-03-19, VCACERES) generó la matrícula ID 5083509 (400082407) desde la procedencia ""MAT 82407"" del depto 04. La fila B2 quedó con ID_MATRICULA = 82407 (número de procedencia) en vez de 5083509. Pero la persona NO figura como titular, ni activa ni histórica, en la matrícula ID 5083509: la fila huérfana puede ser el único rastro de esa titularidad. Corresponde re-vincular tras verificar, no borrar.";5083509;;R18 95642;;CONSERVAR;A;2019-03-19 11:39:22;VCACERES;;1;2 filas, tipo A, representante 82407-2
82407-3;5572892;11655258;AGUERO DE VALLEJO, MARÍA DEL CARMEN;82407;400082407;NU_MATRICULA real = depto + ID huérfano (R18);3-COPIA_REGRABADO;COPIA_REGRABADO_A / MATRICULACION_CON_NUMERO_DE_PROCEDENCIA_SIN_TITULAR_EN_REAL;ALTO;"El trámite de matriculación (R18 95642, 2019-03-19, VCACERES) generó la matrícula ID 5083509 (400082407) desde la procedencia ""MAT 82407"" del depto 04. La fila B2 quedó con ID_MATRICULA = 82407 (número de procedencia) en vez de 5083509. Pero la persona NO figura como titular, ni activa ni histórica, en la matrícula ID 5083509: la fila huérfana puede ser el único rastro de esa titularidad. Corresponde re-vincular tras verificar, no borrar. Además es la copia n.º 2 de 2 de la misma titularidad en el mismo ID (tipo A: idénticas salvo DT_ALTA / TM_DESDE / NU_SEQUENCE); se conserva como representante 82407-2.";5083509;;R18 95642;82407-2;CANDIDATO_ELIMINACION;A;2019-03-19 11:43:44;VCACERES;;1;2 filas, tipo A, representante 82407-2
82407-5;5572905;11665258;AGUERO DE VALLEJO, MARÍA DEL CARMEN;82407;400082407;NU_MATRICULA real = depto + ID huérfano (R18);6-ORIGINAL_UNICO;MATRICULACION_CON_NUMERO_DE_PROCEDENCIA;MEDIO;"El trámite de matriculación (R18 95642, 2019-03-19, VCACERES) generó la matrícula ID 5083509 (400082407) desde la procedencia ""MAT 82407"" del depto 04. La fila B2 quedó con ID_MATRICULA = 82407 (número de procedencia) en vez de 5083509. En esa matrícula figura como histórico (B4) otro registro de persona con el mismo documento y nombre compatible (AGUERO DE VALLEJO, MARIA DEL CARMEN).";5083509;;R18 95642;B4 de 5083509;REVISAR;A;2019-03-19 12:28:21;VCACERES;;1;
83621-0;5620773;10352265;ASTUTO, MIGUEL ANGEL;83621;700083621;NU_MATRICULA real = depto + ID huérfano (R18);5-ORIGINAL_CON_TITULARIDAD_EN_OTRA;MATRICULACION_CON_NUMERO_DE_PROCEDENCIA;MEDIO;"El trámite de matriculación (R18 195148, 2021-12-14, DELOPEZ) generó la matrícula ID 5098464 (700083621) desde la procedencia ""MAT 83621"" del depto 07. La fila B2 quedó con ID_MATRICULA = 83621 (número de procedencia) en vez de 5098464. En esa matrícula la MISMA persona figura como titular HISTÓRICO (B4): la titularidad ya está registrada y cerrada, y el huérfano la sigue mostrando como activa.";5098464;5620773;R18 195148;B4 de 5098464;CANDIDATO_ELIMINACION;A;2021-12-15 08:29:48;DELOPEZ;;1;3 filas, tipo B, representante 83621-0
83621-1;5620773;10352265;ASTUTO, MIGUEL ANGEL;83621;700083621;NU_MATRICULA real = depto + ID huérfano (R18);3-COPIA_REGRABADO;MATRICULACION_CON_NUMERO_DE_PROCEDENCIA + COPIA_B;MEDIO;"El trámite de matriculación (R18 195148, 2021-12-14, DELOPEZ) generó la matrícula ID 5098464 (700083621) desde la procedencia ""MAT 83621"" del depto 07. La fila B2 quedó con ID_MATRICULA = 83621 (número de procedencia) en vez de 5098464. En esa matrícula la MISMA persona figura como titular HISTÓRICO (B4): la titularidad ya está registrada y cerrada, y el huérfano la sigue mostrando como activa. Además es la copia n.º 2 de 3 de la misma titularidad en el mismo ID (tipo B: diferencias menores: DT_DESDE con año truncado (00AA), CD_USER_STORE); se conserva como representante 83621-0.";5098464;5620773;R18 195148;B4 de 5098464;CANDIDATO_ELIMINACION;A;2021-12-16 08:12:16;DELOPEZ;;1;3 filas, tipo B, representante 83621-0
83621-2;5620773;10352265;ASTUTO, MIGUEL ANGEL;83621;700083621;NU_MATRICULA real = depto + ID huérfano (R18);3-COPIA_REGRABADO;MATRICULACION_CON_NUMERO_DE_PROCEDENCIA + COPIA_B;MEDIO;"El trámite de matriculación (R18 195148, 2021-12-14, DELOPEZ) generó la matrícula ID 5098464 (700083621) desde la procedencia ""MAT 83621"" del depto 07. La fila B2 quedó con ID_MATRICULA = 83621 (número de procedencia) en vez de 5098464. En esa matrícula la MISMA persona figura como titular HISTÓRICO (B4): la titularidad ya está registrada y cerrada, y el huérfano la sigue mostrando como activa. Además es la copia n.º 3 de 3 de la misma titularidad en el mismo ID (tipo B: diferencias menores: DT_DESDE con año truncado (00AA), CD_USER_STORE); se conserva como representante 83621-0.";5098464;5620773;R18 195148;B4 de 5098464;CANDIDATO_ELIMINACION;A;2021-12-16 08:50:18;AZAPATA;;1;3 filas, tipo B, representante 83621-0
88819-0;5704548;25352490;GENESY BUTTINI, MARIA VICTORIA;88819;510088819;matrícula generada por el R18 cuya procedencia es el ID;5-ORIGINAL_CON_TITULARIDAD_EN_OTRA;MATRICULACION_CON_NUMERO_DE_PROCEDENCIA;MEDIO;"El trámite de matriculación (R18 362043, 2026-03-10, GARCE) generó la matrícula ID 5130137 (510088819) desde la procedencia ""MAT 88819"" del depto 05. La fila B2 quedó con ID_MATRICULA = 88819 (número de procedencia) en vez de 5130137. En esa matrícula la MISMA persona figura como titular HISTÓRICO (B4): la titularidad ya está registrada y cerrada, y el huérfano la sigue mostrando como activa.";5130137;5704548;R18 362043;B4 de 5130137;CANDIDATO_ELIMINACION;A;2026-03-06 16:05:01;GARCE;;1;4 filas, tipo A, representante 88819-0
88819-1;5704548;25352490;GENESY BUTTINI, MARIA VICTORIA;88819;510088819;matrícula generada por el R18 cuya procedencia es el ID;3-COPIA_REGRABADO;MATRICULACION_CON_NUMERO_DE_PROCEDENCIA + COPIA_A;MEDIO;"El trámite de matriculación (R18 362043, 2026-03-10, GARCE) generó la matrícula ID 5130137 (510088819) desde la procedencia ""MAT 88819"" del depto 05. La fila B2 quedó con ID_MATRICULA = 88819 (número de procedencia) en vez de 5130137. En esa matrícula la MISMA persona figura como titular HISTÓRICO (B4): la titularidad ya está registrada y cerrada, y el huérfano la sigue mostrando como activa. Además es la copia n.º 2 de 4 de la misma titularidad en el mismo ID (tipo A: idénticas salvo DT_ALTA / TM_DESDE / NU_SEQUENCE); se conserva como representante 88819-0.";5130137;5704548;R18 362043;B4 de 5130137;CANDIDATO_ELIMINACION;A;2026-03-06 16:06:38;GARCE;;1;4 filas, tipo A, representante 88819-0
88819-2;5704548;25352490;GENESY BUTTINI, MARIA VICTORIA;88819;510088819;matrícula generada por el R18 cuya procedencia es el ID;3-COPIA_REGRABADO;MATRICULACION_CON_NUMERO_DE_PROCEDENCIA + COPIA_A;MEDIO;"El trámite de matriculación (R18 362043, 2026-03-10, GARCE) generó la matrícula ID 5130137 (510088819) desde la procedencia ""MAT 88819"" del depto 05. La fila B2 quedó con ID_MATRICULA = 88819 (número de procedencia) en vez de 5130137. En esa matrícula la MISMA persona figura como titular HISTÓRICO (B4): la titularidad ya está registrada y cerrada, y el huérfano la sigue mostrando como activa. Además es la copia n.º 3 de 4 de la misma titularidad en el mismo ID (tipo A: idénticas salvo DT_ALTA / TM_DESDE / NU_SEQUENCE); se conserva como representante 88819-0.";5130137;5704548;R18 362043;B4 de 5130137;CANDIDATO_ELIMINACION;A;2026-03-06 16:07:57;GARCE;;1;4 filas, tipo A, representante 88819-0
88819-3;5704548;25352490;GENESY BUTTINI, MARIA VICTORIA;88819;510088819;matrícula generada por el R18 cuya procedencia es el ID;3-COPIA_REGRABADO;MATRICULACION_CON_NUMERO_DE_PROCEDENCIA + COPIA_A;MEDIO;"El trámite de matriculación (R18 362043, 2026-03-10, GARCE) generó la matrícula ID 5130137 (510088819) desde la procedencia ""MAT 88819"" del depto 05. La fila B2 quedó con ID_MATRICULA = 88819 (número de procedencia) en vez de 5130137. En esa matrícula la MISMA persona figura como titular HISTÓRICO (B4): la titularidad ya está registrada y cerrada, y el huérfano la sigue mostrando como activa. Además es la copia n.º 4 de 4 de la misma titularidad en el mismo ID (tipo A: idénticas salvo DT_ALTA / TM_DESDE / NU_SEQUENCE); se conserva como representante 88819-0.";5130137;5704548;R18 362043;B4 de 5130137;CANDIDATO_ELIMINACION;A;2026-03-06 16:10:09;GARCE;;1;4 filas, tipo A, representante 88819-0
91349-0;1473319;12489632;CONDEME, ANA MARIA;91349;300091349;NU_MATRICULA real = depto + ID huérfano (R18);6-ORIGINAL_UNICO;MATRICULACION_CON_NUMERO_DE_PROCEDENCIA;MEDIO;"El trámite de matriculación (R18 193950, 2021-12-03, FALEGRE, anexado al mismo caso 00CASO030938621000) generó la matrícula ID 1602398 (300091349) desde la procedencia ""MAT 91349"" del depto 03. La fila B2 quedó con ID_MATRICULA = 91349 (número de procedencia) en vez de 1602398. En esa matrícula la MISMA persona figura como titular HISTÓRICO (B4): la titularidad ya está registrada y cerrada, y el huérfano la sigue mostrando como activa.";1602398;1473319;00CASO030938621000;B4 de 1602398;CANDIDATO_ELIMINACION;A;2021-12-03 11:38:24;FALEGRE;00CASO030938621000;0;
95231-0;5409194;4137176;ALCOVER, ANTONIA LUZ;95231;400095231;NU_MATRICULA real = depto + ID huérfano (R18);5-ORIGINAL_CON_TITULARIDAD_EN_OTRA;MATRICULACION_CON_NUMERO_DE_PROCEDENCIA;MEDIO;"El trámite de matriculación (R18 139809, 2020-06-16, DNIEVAS) generó la matrícula ID 248072 (400095231) desde la procedencia ""MAT 95231"" del depto 04. La fila B2 quedó con ID_MATRICULA = 95231 (número de procedencia) en vez de 248072. En esa matrícula la MISMA persona figura como titular HISTÓRICO (B4): la titularidad ya está registrada y cerrada, y el huérfano la sigue mostrando como activa.";248072;5409194;R18 139809;B4 de 248072;CANDIDATO_ELIMINACION;A;2020-06-16 22:09:22;FVELASCO;;1;
96522-0;5091273;92654206;OLAVE MACHUCA, HERNAN BERNABE;96522;300096522;NU_MATRICULA real = depto + ID huérfano (R18);6-ORIGINAL_UNICO;MATRICULACION_CON_NUMERO_DE_PROCEDENCIA;MEDIO;"El trámite de matriculación (R18 255212, 2023-05-03, GARCE, anexado al mismo caso 00CASO010461723000) generó la matrícula ID 187969 (300096522) desde la procedencia ""MAT 96522"" del depto 03. La fila B2 quedó con ID_MATRICULA = 96522 (número de procedencia) en vez de 187969. En esa matrícula la MISMA persona figura como titular HISTÓRICO (B4): la titularidad ya está registrada y cerrada, y el huérfano la sigue mostrando como activa.";187969;5091273;00CASO010461723000;B4 de 187969;CANDIDATO_ELIMINACION;A;2023-05-03 10:17:04;GARCE;00CASO010461723000;0;
96522-1;5650007;92654206;OLAVE MACHUCA, HERNAN BERNABE;96522;300096522;NU_MATRICULA real = depto + ID huérfano (R18);6-ORIGINAL_UNICO;MATRICULACION_CON_NUMERO_DE_PROCEDENCIA;MEDIO;"El trámite de matriculación (R18 255212, 2023-05-03, GARCE) generó la matrícula ID 187969 (300096522) desde la procedencia ""MAT 96522"" del depto 03. La fila B2 quedó con ID_MATRICULA = 96522 (número de procedencia) en vez de 187969. En esa matrícula la MISMA persona figura como titular HISTÓRICO (B4): la titularidad ya está registrada y cerrada, y el huérfano la sigue mostrando como activa.";187969;5650007;R18 255212;B4 de 187969;CANDIDATO_ELIMINACION;A;2023-05-03 14:29:40;AEGUAJARDO;;1;
97157-1;5471943;31432039;PAEZ, SILVINA LAURA;97157;600097157;NU_MATRICULA real = depto + ID huérfano (R18);6-ORIGINAL_UNICO;MATRICULACION_CON_NUMERO_DE_PROCEDENCIA;MEDIO;"El trámite de matriculación (R18 175355, 2021-08-04, GARCE, anexado al mismo caso 00CASO017655421000) generó la matrícula ID 184795 (600097157) desde la procedencia ""MAT 97157"" del depto 06. La fila B2 quedó con ID_MATRICULA = 97157 (número de procedencia) en vez de 184795. En esa matrícula la MISMA persona figura como titular HISTÓRICO (B4): la titularidad ya está registrada y cerrada, y el huérfano la sigue mostrando como activa.";184795;5471943;00CASO017655421000;B4 de 184795;CANDIDATO_ELIMINACION;A;2021-08-05 08:30:52;GARCE;00CASO017655421000;0;
97157-0;5471946;32353859;PAEZ, GONZALO ANTONIO;97157;600097157;NU_MATRICULA real = depto + ID huérfano (R18);6-ORIGINAL_UNICO;MATRICULACION_CON_NUMERO_DE_PROCEDENCIA;MEDIO;"El trámite de matriculación (R18 175355, 2021-08-04, GARCE, anexado al mismo caso 00CASO017655421000) generó la matrícula ID 184795 (600097157) desde la procedencia ""MAT 97157"" del depto 06. La fila B2 quedó con ID_MATRICULA = 97157 (número de procedencia) en vez de 184795. En esa matrícula la MISMA persona figura como titular HISTÓRICO (B4): la titularidad ya está registrada y cerrada, y el huérfano la sigue mostrando como activa.";184795;5471946;00CASO017655421000;B4 de 184795;CANDIDATO_ELIMINACION;A;2021-08-05 08:29:56;GARCE;00CASO017655421000;0;
100311-1;1615018;40558892;VELE, SANTOS DAVID;100311;700100311;NU_MATRICULA real = depto + ID huérfano (R18);5-ORIGINAL_CON_TITULARIDAD_EN_OTRA;MATRICULACION_CON_NUMERO_DE_PROCEDENCIA;ALTO;"El trámite de matriculación (R18 300000, 2024-08-06, GJFIORENS, anexado al mismo caso 00CASO018404924000) generó la matrícula ID 1662052 (700100311) desde la procedencia ""MAT 100311"" del depto 07. La fila B2 quedó con ID_MATRICULA = 100311 (número de procedencia) en vez de 1662052. En esa matrícula la MISMA persona (CD_PERSONA) ya es titular ACTIVA: la fila huérfana repite una titularidad existente.";1662052;1615018;00CASO018404924000;1662052-0;CANDIDATO_ELIMINACION;A;2024-08-06 14:10:39;GJFIORENS;00CASO018404924000;0;3 filas, tipo B, representante 100311-1
100311-3;1615018;40558892;VELE, SANTOS DAVID;100311;700100311;NU_MATRICULA real = depto + ID huérfano (R18);3-COPIA_REGRABADO;MATRICULACION_CON_NUMERO_DE_PROCEDENCIA + COPIA_B;ALTO;"El trámite de matriculación (R18 300000, 2024-08-06, GJFIORENS) generó la matrícula ID 1662052 (700100311) desde la procedencia ""MAT 100311"" del depto 07. La fila B2 quedó con ID_MATRICULA = 100311 (número de procedencia) en vez de 1662052. En esa matrícula la MISMA persona (CD_PERSONA) ya es titular ACTIVA: la fila huérfana repite una titularidad existente. Además es la copia n.º 2 de 3 de la misma titularidad en el mismo ID (tipo B: diferencias menores: DT_DESDE con año truncado (00AA), NU_CASO_ORIGEN, RECIENTE, CD_USER_STORE); se conserva como representante 100311-1.";1662052;1615018;R18 300000;1662052-0;CANDIDATO_ELIMINACION;A;2024-08-06 14:14:40;GJFIORENS;;1;3 filas, tipo B, representante 100311-1
100311-7;1615018;40558892;VELE, SANTOS DAVID;100311;700100311;NU_MATRICULA real = depto + ID huérfano (R18);3-COPIA_REGRABADO;MATRICULACION_CON_NUMERO_DE_PROCEDENCIA + COPIA_B;ALTO;"El trámite de matriculación (R18 300000, 2024-08-06, GJFIORENS) generó la matrícula ID 1662052 (700100311) desde la procedencia ""MAT 100311"" del depto 07. La fila B2 quedó con ID_MATRICULA = 100311 (número de procedencia) en vez de 1662052. En esa matrícula la MISMA persona (CD_PERSONA) ya es titular ACTIVA: la fila huérfana repite una titularidad existente. Además es la copia n.º 3 de 3 de la misma titularidad en el mismo ID (tipo B: diferencias menores: DT_DESDE con año truncado (00AA), NU_CASO_ORIGEN, RECIENTE, CD_USER_STORE); se conserva como representante 100311-1.";1662052;1615018;R18 300000;1662052-0;CANDIDATO_ELIMINACION;A;2024-08-08 14:10:11;AZAPATA;;1;3 filas, tipo B, representante 100311-1
100311-0;1657387;46160729;VELE, DEOLINDA LIBEL;100311;700100311;NU_MATRICULA real = depto + ID huérfano (R18);5-ORIGINAL_CON_TITULARIDAD_EN_OTRA;MATRICULACION_CON_NUMERO_DE_PROCEDENCIA;ALTO;"El trámite de matriculación (R18 300000, 2024-08-06, GJFIORENS, anexado al mismo caso 00CASO018404924000) generó la matrícula ID 1662052 (700100311) desde la procedencia ""MAT 100311"" del depto 07. La fila B2 quedó con ID_MATRICULA = 100311 (número de procedencia) en vez de 1662052. En esa matrícula la MISMA persona (CD_PERSONA) ya es titular ACTIVA: la fila huérfana repite una titularidad existente.";1662052;1657387;00CASO018404924000;1662052-1;CANDIDATO_ELIMINACION;A;2024-08-06 14:09:57;GJFIORENS;00CASO018404924000;0;3 filas, tipo B, representante 100311-0
100311-4;1657387;46160729;VELE, DEOLINDA LIBEL;100311;700100311;NU_MATRICULA real = depto + ID huérfano (R18);3-COPIA_REGRABADO;MATRICULACION_CON_NUMERO_DE_PROCEDENCIA + COPIA_B;ALTO;"El trámite de matriculación (R18 300000, 2024-08-06, GJFIORENS) generó la matrícula ID 1662052 (700100311) desde la procedencia ""MAT 100311"" del depto 07. La fila B2 quedó con ID_MATRICULA = 100311 (número de procedencia) en vez de 1662052. En esa matrícula la MISMA persona (CD_PERSONA) ya es titular ACTIVA: la fila huérfana repite una titularidad existente. Además es la copia n.º 2 de 3 de la misma titularidad en el mismo ID (tipo B: diferencias menores: DT_DESDE con año truncado (00AA), NU_CASO_ORIGEN, RECIENTE, CD_USER_STORE); se conserva como representante 100311-0.";1662052;1657387;R18 300000;1662052-1;CANDIDATO_ELIMINACION;A;2024-08-06 14:15:13;GJFIORENS;;1;3 filas, tipo B, representante 100311-0
100311-8;1657387;46160729;VELE, DEOLINDA LIBEL;100311;700100311;NU_MATRICULA real = depto + ID huérfano (R18);3-COPIA_REGRABADO;MATRICULACION_CON_NUMERO_DE_PROCEDENCIA + COPIA_B;ALTO;"El trámite de matriculación (R18 300000, 2024-08-06, GJFIORENS) generó la matrícula ID 1662052 (700100311) desde la procedencia ""MAT 100311"" del depto 07. La fila B2 quedó con ID_MATRICULA = 100311 (número de procedencia) en vez de 1662052. En esa matrícula la MISMA persona (CD_PERSONA) ya es titular ACTIVA: la fila huérfana repite una titularidad existente. Además es la copia n.º 3 de 3 de la misma titularidad en el mismo ID (tipo B: diferencias menores: DT_DESDE con año truncado (00AA), NU_CASO_ORIGEN, RECIENTE, CD_USER_STORE); se conserva como representante 100311-0.";1662052;1657387;R18 300000;1662052-1;CANDIDATO_ELIMINACION;A;2024-08-08 14:11:48;AZAPATA;;1;3 filas, tipo B, representante 100311-0
100311-5;5672456;45585637;VELE, LILIANA RUTH PATRICIA;100311;700100311;NU_MATRICULA real = depto + ID huérfano (R18);5-ORIGINAL_CON_TITULARIDAD_EN_OTRA;MATRICULACION_CON_NUMERO_DE_PROCEDENCIA;ALTO;"El trámite de matriculación (R18 300000, 2024-08-06, GJFIORENS) generó la matrícula ID 1662052 (700100311) desde la procedencia ""MAT 100311"" del depto 07. La fila B2 quedó con ID_MATRICULA = 100311 (número de procedencia) en vez de 1662052. En esa matrícula la MISMA persona (CD_PERSONA) ya es titular ACTIVA: la fila huérfana repite una titularidad existente.";1662052;5672456;R18 300000;1662052-3;CANDIDATO_ELIMINACION;A;2024-08-06 14:15:44;GJFIORENS;;1;2 filas, tipo B, representante 100311-5
100311-9;5672456;45585637;VELE, LILIANA RUTH PATRICIA;100311;700100311;NU_MATRICULA real = depto + ID huérfano (R18);3-COPIA_REGRABADO;MATRICULACION_CON_NUMERO_DE_PROCEDENCIA + COPIA_B;ALTO;"El trámite de matriculación (R18 300000, 2024-08-06, GJFIORENS) generó la matrícula ID 1662052 (700100311) desde la procedencia ""MAT 100311"" del depto 07. La fila B2 quedó con ID_MATRICULA = 100311 (número de procedencia) en vez de 1662052. En esa matrícula la MISMA persona (CD_PERSONA) ya es titular ACTIVA: la fila huérfana repite una titularidad existente. Además es la copia n.º 2 de 2 de la misma titularidad en el mismo ID (tipo B: diferencias menores: DT_DESDE con año truncado (00AA), CD_USER_STORE); se conserva como representante 100311-5.";1662052;5672456;R18 300000;1662052-3;CANDIDATO_ELIMINACION;A;2024-08-08 14:15:00;AZAPATA;;1;2 filas, tipo B, representante 100311-5
100311-2;5672457;27612997;FERNANDEZ, ALICIA LILIANA;100311;700100311;NU_MATRICULA real = depto + ID huérfano (R18);5-ORIGINAL_CON_TITULARIDAD_EN_OTRA;MATRICULACION_CON_NUMERO_DE_PROCEDENCIA;MEDIO;"El trámite de matriculación (R18 300000, 2024-08-06, GJFIORENS) generó la matrícula ID 1662052 (700100311) desde la procedencia ""MAT 100311"" del depto 07. La fila B2 quedó con ID_MATRICULA = 100311 (número de procedencia) en vez de 1662052. En esa matrícula otro registro de persona con el mismo documento y nombre compatible (FERNANDEZ, ALICIA LILIANA) ya es titular ACTIVO. Es probable que sea la misma titularidad, pero mismo DNI no es misma persona.";1662052;1657391;R18 300000;1662052-2;CANDIDATO_ELIMINACION;A;2024-08-06 14:14:06;GJFIORENS;;1;2 filas, tipo B, representante 100311-2
100311-6;5672457;27612997;FERNANDEZ, ALICIA LILIANA;100311;700100311;NU_MATRICULA real = depto + ID huérfano (R18);3-COPIA_REGRABADO;MATRICULACION_CON_NUMERO_DE_PROCEDENCIA + COPIA_B;MEDIO;"El trámite de matriculación (R18 300000, 2024-08-06, GJFIORENS) generó la matrícula ID 1662052 (700100311) desde la procedencia ""MAT 100311"" del depto 07. La fila B2 quedó con ID_MATRICULA = 100311 (número de procedencia) en vez de 1662052. En esa matrícula otro registro de persona con el mismo documento y nombre compatible (FERNANDEZ, ALICIA LILIANA) ya es titular ACTIVO. Es probable que sea la misma titularidad, pero mismo DNI no es misma persona. Además es la copia n.º 2 de 2 de la misma titularidad en el mismo ID (tipo B: diferencias menores: DT_DESDE con año truncado (00AA), CD_USER_STORE); se conserva como representante 100311-2.";1662052;1657391;R18 300000;1662052-2;CANDIDATO_ELIMINACION;A;2024-08-08 14:08:20;AZAPATA;;1;2 filas, tipo B, representante 100311-2
101635-0;5155083;8156619;JUAREZ, ENZO RICARDO;101635;700101635;NU_MATRICULA real = depto + ID huérfano (R18);6-ORIGINAL_UNICO;MATRICULACION_CON_NUMERO_DE_PROCEDENCIA;MEDIO;"El trámite de matriculación (R18 174644, 2021-07-27, VCACERES, anexado al mismo caso 00CASO017014421000) generó la matrícula ID 5126399 (700101635) desde la procedencia ""MAT 101635"" del depto 07. La fila B2 quedó con ID_MATRICULA = 101635 (número de procedencia) en vez de 5126399. En esa matrícula la MISMA persona figura como titular HISTÓRICO (B4): la titularidad ya está registrada y cerrada, y el huérfano la sigue mostrando como activa.";5126399;5155083;00CASO017014421000;B4 de 5126399;CANDIDATO_ELIMINACION;A;2021-07-28 08:55:48;VCACERES;00CASO017014421000;0;
102446-0;544667;6880497;ROMAGNOLI, BASILIO;102446;400102446;NU_MATRICULA real = depto + ID huérfano (R18);6-ORIGINAL_UNICO;MATRICULACION_CON_NUMERO_DE_PROCEDENCIA;MEDIO;"El trámite de matriculación (R18 124522, 2019-11-14, VCACERES, anexado al mismo caso 00CASO030983519000) generó la matrícula ID 200030 (400102446) desde la procedencia ""MAT 102446"" del depto 04. La fila B2 quedó con ID_MATRICULA = 102446 (número de procedencia) en vez de 200030. En esa matrícula la MISMA persona figura como titular HISTÓRICO (B4): la titularidad ya está registrada y cerrada, y el huérfano la sigue mostrando como activa.";200030;544667;00CASO030983519000;B4 de 200030;CANDIDATO_ELIMINACION;A;2019-11-15 09:06:30;VCACERES;00CASO030983519000;0;
102945-0;5629287;6403712;CERRINCIONE DE MARTIN, LILIANA FELIPA RAQUEL;102945;600102945;NU_MATRICULA real = depto + ID huérfano (R18);6-ORIGINAL_UNICO;MATRICULACION_CON_NUMERO_DE_PROCEDENCIA;MEDIO;"El trámite de matriculación (R18 213042, 2022-05-10, CMIRANDA) generó la matrícula ID 188934 (600102945) desde la procedencia ""MAT 102945"" del depto 06. La fila B2 quedó con ID_MATRICULA = 102945 (número de procedencia) en vez de 188934. En esa matrícula figura como histórico (B4) otro registro de persona con el mismo documento y nombre compatible (CERRINCIONE DE MARTIN, LILIANA FELIPA RAQUEL).";188934;;R18 213042;B4 de 188934;REVISAR;A;2022-05-12 08:40:50;CMIRANDA;;1;
102945-1;5629379;6403712;CERRINCIONI DE MARTIN, LILIANA FELIPA RAQUEL;102945;600102945;NU_MATRICULA real = depto + ID huérfano (R18);6-ORIGINAL_UNICO;MATRICULACION_CON_NUMERO_DE_PROCEDENCIA;MEDIO;"El trámite de matriculación (R18 213042, 2022-05-10, CMIRANDA) generó la matrícula ID 188934 (600102945) desde la procedencia ""MAT 102945"" del depto 06. La fila B2 quedó con ID_MATRICULA = 102945 (número de procedencia) en vez de 188934. En esa matrícula figura como histórico (B4) otro registro de persona con el mismo documento y nombre compatible (CERRINCIONE DE MARTIN, LILIANA FELIPA RAQUEL).";188934;;R18 213042;B4 de 188934;REVISAR;A;2022-05-12 13:06:19;AEGUAJARDO;;1;
103198-0;5706516;11233905;ZAREV, GUSTAVO ERNESTO;103198;600103198;NU_MATRICULA real = depto + ID huérfano (R18);6-ORIGINAL_UNICO;MATRICULACION_CON_NUMERO_DE_PROCEDENCIA;MEDIO;"El trámite de matriculación (R18 365376, 2026-04-14, FALEGRE) generó la matrícula ID 5155470 (600103198) desde la procedencia ""MAT 103198"" del depto 06. La fila B2 quedó con ID_MATRICULA = 103198 (número de procedencia) en vez de 5155470. En esa matrícula la MISMA persona figura como titular HISTÓRICO (B4): la titularidad ya está registrada y cerrada, y el huérfano la sigue mostrando como activa.";5155470;5706516;R18 365376;B4 de 5155470;CANDIDATO_ELIMINACION;A;2026-04-17 12:46:50;FALEGRE;;1;
104051-0;5683313;12458527;AUBONE DE GIUSEPPE, ADRIANA BEATRIZ CARMEN;104051;500104051;NU_MATRICULA real = depto + ID huérfano (R18);5-ORIGINAL_CON_TITULARIDAD_EN_OTRA;MATRICULACION_CON_NUMERO_DE_PROCEDENCIA;MEDIO;"El trámite de matriculación (R18 317817, 2025-02-10, DELOPEZ) generó la matrícula ID 5097080 (500104051) desde la procedencia ""MAT 104051"" del depto 05. La fila B2 quedó con ID_MATRICULA = 104051 (número de procedencia) en vez de 5097080. En esa matrícula la MISMA persona figura como titular HISTÓRICO (B4): la titularidad ya está registrada y cerrada, y el huérfano la sigue mostrando como activa.";5097080;5683313;R18 317817;B4 de 5097080;CANDIDATO_ELIMINACION;A;2025-02-11 10:06:56;DELOPEZ;;1;
104603-0;591976;10038109;CUPA, MARIA ALICIA;104603;700104603;NU_MATRICULA real = depto + ID huérfano (R18);5-ORIGINAL_CON_TITULARIDAD_EN_OTRA;MATRICULACION_CON_NUMERO_DE_PROCEDENCIA;ALTO;"El trámite de matriculación (R18 354253, 2025-12-16, GJFIORENS, anexado al mismo caso 00CASO038752425000) generó la matrícula ID 5249724 (700104603) desde la procedencia ""MAT 104603"" del depto 07. La fila B2 quedó con ID_MATRICULA = 104603 (número de procedencia) en vez de 5249724. En esa matrícula la MISMA persona (CD_PERSONA) ya es titular ACTIVA: la fila huérfana repite una titularidad existente.";5249724;591976;00CASO038752425000;5249724-0;CANDIDATO_ELIMINACION;A;2025-12-16 15:58:36;GJFIORENS;00CASO038752425000;0;2 filas, tipo B, representante 104603-0
104603-1;591976;10038109;CUPA, MARIA ALICIA;104603;700104603;NU_MATRICULA real = depto + ID huérfano (R18);3-COPIA_REGRABADO;MATRICULACION_CON_NUMERO_DE_PROCEDENCIA + COPIA_B;ALTO;"El trámite de matriculación (R18 354253, 2025-12-16, GJFIORENS) generó la matrícula ID 5249724 (700104603) desde la procedencia ""MAT 104603"" del depto 07. La fila B2 quedó con ID_MATRICULA = 104603 (número de procedencia) en vez de 5249724. En esa matrícula la MISMA persona (CD_PERSONA) ya es titular ACTIVA: la fila huérfana repite una titularidad existente. Además es la copia n.º 2 de 2 de la misma titularidad en el mismo ID (tipo B: diferencias menores: NU_CASO_ORIGEN, RECIENTE, CD_USER_STORE); se conserva como representante 104603-0.";5249724;591976;R18 354253;5249724-0;CANDIDATO_ELIMINACION;A;2025-12-17 15:57:53;CRIDI;;1;2 filas, tipo B, representante 104603-0
106041-0;5555775;11964135;GODOY SPORTARO, HECTOR RUBEN;106041;400106041;NU_MATRICULA real = depto + ID huérfano (R18);5-ORIGINAL_CON_TITULARIDAD_EN_OTRA;MATRICULACION_CON_NUMERO_DE_PROCEDENCIA + GRUPO_C;MEDIO;"El trámite de matriculación (R18 231415, 2022-09-30, GARCE) generó la matrícula ID 247387 (400106041) desde la procedencia ""MAT 106041"" del depto 04. La fila B2 quedó con ID_MATRICULA = 106041 (número de procedencia) en vez de 247387. En esa matrícula la MISMA persona figura como titular HISTÓRICO (B4): la titularidad ya está registrada y cerrada, y el huérfano la sigue mostrando como activa. El grupo (3 filas) cambian datos relevantes: NU_ASIEN_2: pueden ser actos distintos (otra fecha de adquisición u otro porcentaje), así que hay que compararlo con la matrícula real antes de tocarlo.";247387;5555775;R18 231415;B4 de 247387;REVISAR;A;2022-10-03 08:13:05;GARCE;;1;3 filas, tipo C, representante 106041-0
106041-1;5555775;11964135;GODOY SPORTARO, HECTOR RUBEN;106041;400106041;NU_MATRICULA real = depto + ID huérfano (R18);3-COPIA_REGRABADO;MATRICULACION_CON_NUMERO_DE_PROCEDENCIA + COPIA_C;MEDIO;"El trámite de matriculación (R18 231415, 2022-09-30, GARCE) generó la matrícula ID 247387 (400106041) desde la procedencia ""MAT 106041"" del depto 04. La fila B2 quedó con ID_MATRICULA = 106041 (número de procedencia) en vez de 247387. En esa matrícula la MISMA persona figura como titular HISTÓRICO (B4): la titularidad ya está registrada y cerrada, y el huérfano la sigue mostrando como activa. Además es la copia n.º 2 de 3 de la misma titularidad en el mismo ID (tipo C: cambian datos relevantes: NU_ASIEN_2); se conserva como representante 106041-0. El grupo (3 filas) cambian datos relevantes: NU_ASIEN_2: pueden ser actos distintos (otra fecha de adquisición u otro porcentaje), así que hay que compararlo con la matrícula real antes de tocarlo.";247387;5555775;R18 231415;B4 de 247387;REVISAR;A;2022-10-03 10:37:13;AEGUAJARDO;;1;3 filas, tipo C, representante 106041-0
106041-2;5555775;11964135;GODOY SPORTARO, HECTOR RUBEN;106041;400106041;NU_MATRICULA real = depto + ID huérfano (R18);3-COPIA_REGRABADO;MATRICULACION_CON_NUMERO_DE_PROCEDENCIA + COPIA_C;MEDIO;"El trámite de matriculación (R18 231415, 2022-09-30, GARCE) generó la matrícula ID 247387 (400106041) desde la procedencia ""MAT 106041"" del depto 04. La fila B2 quedó con ID_MATRICULA = 106041 (número de procedencia) en vez de 247387. En esa matrícula la MISMA persona figura como titular HISTÓRICO (B4): la titularidad ya está registrada y cerrada, y el huérfano la sigue mostrando como activa. Además es la copia n.º 3 de 3 de la misma titularidad en el mismo ID (tipo C: cambian datos relevantes: NU_ASIEN_2); se conserva como representante 106041-0. El grupo (3 filas) cambian datos relevantes: NU_ASIEN_2: pueden ser actos distintos (otra fecha de adquisición u otro porcentaje), así que hay que compararlo con la matrícula real antes de tocarlo.";247387;5555775;R18 231415;B4 de 247387;REVISAR;A;2022-10-05 09:09:33;GARCE;;1;3 filas, tipo C, representante 106041-0
109700-0;5557736;5816564;SERRANO, NELLY OFELIA;109700;700109700;NU_MATRICULA real = depto + ID huérfano (R18);5-ORIGINAL_CON_TITULARIDAD_EN_OTRA;MATRICULACION_CON_NUMERO_DE_PROCEDENCIA_SIN_TITULAR_EN_REAL;MEDIO;"El trámite de matriculación (R18 61477, 2018-07-02, GALTAMIRA) generó la matrícula ID 201861 (700109700) desde la procedencia ""MAT 109700"" del depto 07. La fila B2 quedó con ID_MATRICULA = 109700 (número de procedencia) en vez de 201861. Pero la persona NO figura como titular, ni activa ni histórica, en la matrícula ID 201861: la fila huérfana puede ser el único rastro de esa titularidad. Corresponde re-vincular tras verificar, no borrar.";201861;;R18 61477;;CONSERVAR;A;2018-06-29 10:42:26;GALTAMIRA;;1;
110527-0;5254899;4736212;SEGURA, MARIA ELENA NEMESIA;110527;400110527;NU_MATRICULA real = depto + ID huérfano (R18);6-ORIGINAL_UNICO;MATRICULACION_CON_NUMERO_DE_PROCEDENCIA;MEDIO;"El trámite de matriculación (R18 174114, 2021-07-20, IAFUENTES) generó la matrícula ID 247623 (400110527) desde la procedencia ""MAT 110527"" del depto 04. La fila B2 quedó con ID_MATRICULA = 110527 (número de procedencia) en vez de 247623. En esa matrícula la MISMA persona figura como titular HISTÓRICO (B4): la titularidad ya está registrada y cerrada, y el huérfano la sigue mostrando como activa.";247623;5254899;R18 174114;B4 de 247623;CANDIDATO_ELIMINACION;A;2021-07-20 12:06:15;IAFUENTES;;1;2 filas, tipo A, representante 110527-0
110527-1;5254899;4736212;SEGURA, MARIA ELENA NEMESIA;110527;400110527;NU_MATRICULA real = depto + ID huérfano (R18);3-COPIA_REGRABADO;MATRICULACION_CON_NUMERO_DE_PROCEDENCIA + COPIA_A;MEDIO;"El trámite de matriculación (R18 174114, 2021-07-20, IAFUENTES) generó la matrícula ID 247623 (400110527) desde la procedencia ""MAT 110527"" del depto 04. La fila B2 quedó con ID_MATRICULA = 110527 (número de procedencia) en vez de 247623. En esa matrícula la MISMA persona figura como titular HISTÓRICO (B4): la titularidad ya está registrada y cerrada, y el huérfano la sigue mostrando como activa. Además es la copia n.º 2 de 2 de la misma titularidad en el mismo ID (tipo A: idénticas salvo DT_ALTA / TM_DESDE / NU_SEQUENCE); se conserva como representante 110527-0.";247623;5254899;R18 174114;B4 de 247623;CANDIDATO_ELIMINACION;A;2021-07-23 07:36:50;IAFUENTES;;1;2 filas, tipo A, representante 110527-0
112653-0;1440457;8513933;HENRIQUEZ, CESAR JESUS;112653;600112653;NU_MATRICULA real = depto + ID huérfano (R18);5-ORIGINAL_CON_TITULARIDAD_EN_OTRA;MATRICULACION_CON_NUMERO_DE_PROCEDENCIA;ALTO;"El trámite de matriculación (R18 337544, 2025-07-28, GJFIORENS, anexado al mismo caso 00CASO022517225000) generó la matrícula ID 5118634 (600112653) desde la procedencia ""MAT 112653"" del depto 06. La fila B2 quedó con ID_MATRICULA = 112653 (número de procedencia) en vez de 5118634. En esa matrícula la MISMA persona (CD_PERSONA) ya es titular ACTIVA: la fila huérfana repite una titularidad existente.";5118634;1440457;00CASO022517225000;5118634-0;CANDIDATO_ELIMINACION;A;2025-07-28 14:35:44;GJFIORENS;00CASO022517225000;0;
112653-1;5693064;8513933;HENRIQUEZ, CESAR JESUS;112653;600112653;NU_MATRICULA real = depto + ID huérfano (R18);5-ORIGINAL_CON_TITULARIDAD_EN_OTRA;MATRICULACION_CON_NUMERO_DE_PROCEDENCIA;MEDIO;"El trámite de matriculación (R18 337544, 2025-07-28, GJFIORENS) generó la matrícula ID 5118634 (600112653) desde la procedencia ""MAT 112653"" del depto 06. La fila B2 quedó con ID_MATRICULA = 112653 (número de procedencia) en vez de 5118634. En esa matrícula otro registro de persona con el mismo documento y nombre compatible (HENRIQUEZ, CESAR JESUS) ya es titular ACTIVO. Es probable que sea la misma titularidad, pero mismo DNI no es misma persona.";5118634;1440457;R18 337544;5118634-0;CANDIDATO_ELIMINACION;A;2025-07-28 16:14:43;GJFIORENS;;1;3 filas, tipo B, representante 112653-1
112653-2;5693064;8513933;HENRIQUEZ, CESAR JESUS;112653;600112653;NU_MATRICULA real = depto + ID huérfano (R18);3-COPIA_REGRABADO;MATRICULACION_CON_NUMERO_DE_PROCEDENCIA + COPIA_B;MEDIO;"El trámite de matriculación (R18 337544, 2025-07-28, GJFIORENS) generó la matrícula ID 5118634 (600112653) desde la procedencia ""MAT 112653"" del depto 06. La fila B2 quedó con ID_MATRICULA = 112653 (número de procedencia) en vez de 5118634. En esa matrícula otro registro de persona con el mismo documento y nombre compatible (HENRIQUEZ, CESAR JESUS) ya es titular ACTIVO. Es probable que sea la misma titularidad, pero mismo DNI no es misma persona. Además es la copia n.º 2 de 3 de la misma titularidad en el mismo ID (tipo B: diferencias menores: CD_USER_STORE); se conserva como representante 112653-1.";5118634;1440457;R18 337544;5118634-0;CANDIDATO_ELIMINACION;A;2025-07-28 19:29:52;CRIDI;;1;3 filas, tipo B, representante 112653-1
112653-3;5693064;8513933;HENRIQUEZ, CESAR JESUS;112653;600112653;NU_MATRICULA real = depto + ID huérfano (R18);3-COPIA_REGRABADO;MATRICULACION_CON_NUMERO_DE_PROCEDENCIA + COPIA_B;MEDIO;"El trámite de matriculación (R18 337544, 2025-07-28, GJFIORENS) generó la matrícula ID 5118634 (600112653) desde la procedencia ""MAT 112653"" del depto 06. La fila B2 quedó con ID_MATRICULA = 112653 (número de procedencia) en vez de 5118634. En esa matrícula otro registro de persona con el mismo documento y nombre compatible (HENRIQUEZ, CESAR JESUS) ya es titular ACTIVO. Es probable que sea la misma titularidad, pero mismo DNI no es misma persona. Además es la copia n.º 3 de 3 de la misma titularidad en el mismo ID (tipo B: diferencias menores: CD_USER_STORE); se conserva como representante 112653-1.";5118634;1440457;R18 337544;5118634-0;CANDIDATO_ELIMINACION;A;2025-07-29 08:37:16;CRIDI;;1;3 filas, tipo B, representante 112653-1
115617-3;1403699;6906864;MONTAÑA, ABELARDO;115617;700115617;NU_MATRICULA real = depto + ID huérfano (R18);5-ORIGINAL_CON_TITULARIDAD_EN_OTRA;MATRICULACION_CON_NUMERO_DE_PROCEDENCIA;ALTO;"El trámite de matriculación (R18 242280, 2022-12-28, DELOPEZ, anexado al mismo caso 00CASO039329722000) generó la matrícula ID 1403225 (700115617) desde la procedencia ""MAT 115617"" del depto 07. La fila B2 quedó con ID_MATRICULA = 115617 (número de procedencia) en vez de 1403225. En esa matrícula la MISMA persona (CD_PERSONA) ya es titular ACTIVA: la fila huérfana repite una titularidad existente.";1403225;1403699;00CASO039329722000;1403225-1;CANDIDATO_ELIMINACION;A;2022-12-28 11:17:25;DELOPEZ;00CASO039329722000;0;
115617-2;1403701;8154336;MONTAÑA, HECTOR FERNANDO;115617;700115617;NU_MATRICULA real = depto + ID huérfano (R18);5-ORIGINAL_CON_TITULARIDAD_EN_OTRA;MATRICULACION_CON_NUMERO_DE_PROCEDENCIA;ALTO;"El trámite de matriculación (R18 242280, 2022-12-28, DELOPEZ, anexado al mismo caso 00CASO039329722000) generó la matrícula ID 1403225 (700115617) desde la procedencia ""MAT 115617"" del depto 07. La fila B2 quedó con ID_MATRICULA = 115617 (número de procedencia) en vez de 1403225. En esa matrícula la MISMA persona (CD_PERSONA) ya es titular ACTIVA: la fila huérfana repite una titularidad existente.";1403225;1403701;00CASO039329722000;1403225-2;CANDIDATO_ELIMINACION;A;2022-12-28 11:16:41;DELOPEZ;00CASO039329722000;0;
115617-4;1403702;6874296;MONTAÑA, JUAN ANTONIO;115617;700115617;NU_MATRICULA real = depto + ID huérfano (R18);6-ORIGINAL_UNICO;MATRICULACION_CON_NUMERO_DE_PROCEDENCIA;MEDIO;"El trámite de matriculación (R18 242280, 2022-12-28, DELOPEZ, anexado al mismo caso 00CASO039329722000) generó la matrícula ID 1403225 (700115617) desde la procedencia ""MAT 115617"" del depto 07. La fila B2 quedó con ID_MATRICULA = 115617 (número de procedencia) en vez de 1403225. En esa matrícula la MISMA persona figura como titular HISTÓRICO (B4): la titularidad ya está registrada y cerrada, y el huérfano la sigue mostrando como activa.";1403225;1403702;00CASO039329722000;B4 de 1403225;CANDIDATO_ELIMINACION;A;2022-12-28 11:18:06;DELOPEZ;00CASO039329722000;0;
115617-0;1404910;4136047;MONTAÑA, MARIA INES;115617;700115617;NU_MATRICULA real = depto + ID huérfano (R18);5-ORIGINAL_CON_TITULARIDAD_EN_OTRA;MATRICULACION_CON_NUMERO_DE_PROCEDENCIA;ALTO;"El trámite de matriculación (R18 242280, 2022-12-28, DELOPEZ, anexado al mismo caso 00CASO039329722000) generó la matrícula ID 1403225 (700115617) desde la procedencia ""MAT 115617"" del depto 07. La fila B2 quedó con ID_MATRICULA = 115617 (número de procedencia) en vez de 1403225. En esa matrícula la MISMA persona (CD_PERSONA) ya es titular ACTIVA: la fila huérfana repite una titularidad existente.";1403225;1404910;00CASO039329722000;1403225-3;CANDIDATO_ELIMINACION;A;2022-12-28 11:14:41;DELOPEZ;00CASO039329722000;0;2 filas, tipo B, representante 115617-0
115617-5;1404910;4136047;MONTAÑA, MARIA INES;115617;700115617;NU_MATRICULA real = depto + ID huérfano (R18);3-COPIA_REGRABADO;MATRICULACION_CON_NUMERO_DE_PROCEDENCIA + COPIA_B;ALTO;"El trámite de matriculación (R18 242280, 2022-12-28, DELOPEZ) generó la matrícula ID 1403225 (700115617) desde la procedencia ""MAT 115617"" del depto 07. La fila B2 quedó con ID_MATRICULA = 115617 (número de procedencia) en vez de 1403225. En esa matrícula la MISMA persona (CD_PERSONA) ya es titular ACTIVA: la fila huérfana repite una titularidad existente. Además es la copia n.º 2 de 2 de la misma titularidad en el mismo ID (tipo B: diferencias menores: NU_CASO_ORIGEN, RECIENTE); se conserva como representante 115617-0.";1403225;1404910;R18 242280;1403225-3;CANDIDATO_ELIMINACION;A;2022-12-28 11:20:24;DELOPEZ;;1;2 filas, tipo B, representante 115617-0
115617-1;1405267;3225965;MONTAÑA, GENOVEVA;115617;700115617;NU_MATRICULA real = depto + ID huérfano (R18);5-ORIGINAL_CON_TITULARIDAD_EN_OTRA;MATRICULACION_CON_NUMERO_DE_PROCEDENCIA;ALTO;"El trámite de matriculación (R18 242280, 2022-12-28, DELOPEZ, anexado al mismo caso 00CASO039329722000) generó la matrícula ID 1403225 (700115617) desde la procedencia ""MAT 115617"" del depto 07. La fila B2 quedó con ID_MATRICULA = 115617 (número de procedencia) en vez de 1403225. En esa matrícula la MISMA persona (CD_PERSONA) ya es titular ACTIVA: la fila huérfana repite una titularidad existente.";1403225;1405267;00CASO039329722000;1403225-0;CANDIDATO_ELIMINACION;A;2022-12-28 11:15:26;DELOPEZ;00CASO039329722000;0;
117137-0;5557736;5816564;SERRANO, NELLY OFELIA;117137;117137;matrícula generada por el R18 cuya procedencia es el ID;5-ORIGINAL_CON_TITULARIDAD_EN_OTRA;MATRICULACION_CON_NUMERO_DE_PROCEDENCIA;MEDIO;"El trámite de matriculación (R18 258937, 2023-05-30, VPAREJAS) generó la matrícula ID 1412464 (117137) desde la procedencia ""MAT 117137"" del depto 04. La fila B2 quedó con ID_MATRICULA = 117137 (número de procedencia) en vez de 1412464. En esa matrícula la MISMA persona figura como titular HISTÓRICO (B4): la titularidad ya está registrada y cerrada, y el huérfano la sigue mostrando como activa.";1412464;5557736;R18 258937;B4 de 1412464;CANDIDATO_ELIMINACION;A;2018-06-29 10:47:55;GALTAMIRA;;1;
128221-0;1603672;10907789;MUÑOZ, ELSA SUSANA;128221;500128221;NU_MATRICULA real = depto + ID huérfano (R18);6-ORIGINAL_UNICO;MATRICULACION_CON_NUMERO_DE_PROCEDENCIA;MEDIO;"El trámite de matriculación (R18 115658, 2019-09-06, GARCE) generó la matrícula ID 1602028 (500128221) desde la procedencia ""MAT 128221"" del depto 05. La fila B2 quedó con ID_MATRICULA = 128221 (número de procedencia) en vez de 1602028. En esa matrícula la MISMA persona figura como titular HISTÓRICO (B4): la titularidad ya está registrada y cerrada, y el huérfano la sigue mostrando como activa.";1602028;1603672;R18 115658;B4 de 1602028;CANDIDATO_ELIMINACION;A;2019-09-06 09:15:31;VCACERES;;1;
128672-0;1467386;7840499;GIGENA, RAMON SANTIAGO;128672;300128672;NU_MATRICULA real = depto + ID huérfano (R18);5-ORIGINAL_CON_TITULARIDAD_EN_OTRA;MATRICULACION_CON_NUMERO_DE_PROCEDENCIA;MEDIO;"El trámite de matriculación (R18 105097, 2019-06-07, VCACERES, anexado al mismo caso 00CASO014916919000) generó la matrícula ID 1460440 (300128672) desde la procedencia ""MAT 128672"" del depto 03. La fila B2 quedó con ID_MATRICULA = 128672 (número de procedencia) en vez de 1460440. En esa matrícula la MISMA persona figura como titular HISTÓRICO (B4): la titularidad ya está registrada y cerrada, y el huérfano la sigue mostrando como activa.";1460440;1467386;00CASO014916919000;B4 de 1460440;CANDIDATO_ELIMINACION;A;2019-06-07 12:28:41;VCACERES;00CASO014916919000;0;
130000-0;5568448;4114679;BRACHETTA DE MAURI, ANA ALBINA;130000;600130000;NU_MATRICULA real = depto + ID huérfano (R18);6-ORIGINAL_UNICO;MATRICULACION_CON_NUMERO_DE_PROCEDENCIA;MEDIO;"El trámite de matriculación (R18 87302, 2019-01-07, ESOTELO) generó la matrícula ID 1618923 (600130000) desde la procedencia ""MAT 130000"" del depto 06. La fila B2 quedó con ID_MATRICULA = 130000 (número de procedencia) en vez de 1618923. En esa matrícula la MISMA persona figura como titular HISTÓRICO (B4): la titularidad ya está registrada y cerrada, y el huérfano la sigue mostrando como activa.";1618923;5568448;R18 87302;B4 de 1618923;CANDIDATO_ELIMINACION;A;2019-01-08 10:26:13;ESOTELO;;1;4 filas, tipo A, representante 130000-0
130000-2;5568448;4114679;BRACHETTA DE MAURI, ANA ALBINA;130000;600130000;NU_MATRICULA real = depto + ID huérfano (R18);3-COPIA_REGRABADO;MATRICULACION_CON_NUMERO_DE_PROCEDENCIA + COPIA_A;MEDIO;"El trámite de matriculación (R18 87302, 2019-01-07, ESOTELO) generó la matrícula ID 1618923 (600130000) desde la procedencia ""MAT 130000"" del depto 06. La fila B2 quedó con ID_MATRICULA = 130000 (número de procedencia) en vez de 1618923. En esa matrícula la MISMA persona figura como titular HISTÓRICO (B4): la titularidad ya está registrada y cerrada, y el huérfano la sigue mostrando como activa. Además es la copia n.º 2 de 4 de la misma titularidad en el mismo ID (tipo A: idénticas salvo DT_ALTA / TM_DESDE / NU_SEQUENCE); se conserva como representante 130000-0.";1618923;5568448;R18 87302;B4 de 1618923;CANDIDATO_ELIMINACION;A;2019-01-08 10:36:14;ESOTELO;;1;4 filas, tipo A, representante 130000-0
130000-3;5568448;4114679;BRACHETTA DE MAURI, ANA ALBINA;130000;600130000;NU_MATRICULA real = depto + ID huérfano (R18);3-COPIA_REGRABADO;MATRICULACION_CON_NUMERO_DE_PROCEDENCIA + COPIA_A;MEDIO;"El trámite de matriculación (R18 87302, 2019-01-07, ESOTELO) generó la matrícula ID 1618923 (600130000) desde la procedencia ""MAT 130000"" del depto 06. La fila B2 quedó con ID_MATRICULA = 130000 (número de procedencia) en vez de 1618923. En esa matrícula la MISMA persona figura como titular HISTÓRICO (B4): la titularidad ya está registrada y cerrada, y el huérfano la sigue mostrando como activa. Además es la copia n.º 3 de 4 de la misma titularidad en el mismo ID (tipo A: idénticas salvo DT_ALTA / TM_DESDE / NU_SEQUENCE); se conserva como representante 130000-0.";1618923;5568448;R18 87302;B4 de 1618923;CANDIDATO_ELIMINACION;A;2019-01-08 10:38:23;ESOTELO;;1;4 filas, tipo A, representante 130000-0
130000-4;5568448;4114679;BRACHETTA DE MAURI, ANA ALBINA;130000;600130000;NU_MATRICULA real = depto + ID huérfano (R18);3-COPIA_REGRABADO;MATRICULACION_CON_NUMERO_DE_PROCEDENCIA + COPIA_A;MEDIO;"El trámite de matriculación (R18 87302, 2019-01-07, ESOTELO) generó la matrícula ID 1618923 (600130000) desde la procedencia ""MAT 130000"" del depto 06. La fila B2 quedó con ID_MATRICULA = 130000 (número de procedencia) en vez de 1618923. En esa matrícula la MISMA persona figura como titular HISTÓRICO (B4): la titularidad ya está registrada y cerrada, y el huérfano la sigue mostrando como activa. Además es la copia n.º 4 de 4 de la misma titularidad en el mismo ID (tipo A: idénticas salvo DT_ALTA / TM_DESDE / NU_SEQUENCE); se conserva como representante 130000-0.";1618923;5568448;R18 87302;B4 de 1618923;CANDIDATO_ELIMINACION;A;2019-01-08 10:41:32;ESOTELO;;1;4 filas, tipo A, representante 130000-0
130000-1;5568449;8596312;BRACHETTA, LUIS ROBERTO;130000;600130000;NU_MATRICULA real = depto + ID huérfano (R18);6-ORIGINAL_UNICO;MATRICULACION_CON_NUMERO_DE_PROCEDENCIA;MEDIO;"El trámite de matriculación (R18 87302, 2019-01-07, ESOTELO) generó la matrícula ID 1618923 (600130000) desde la procedencia ""MAT 130000"" del depto 06. La fila B2 quedó con ID_MATRICULA = 130000 (número de procedencia) en vez de 1618923. En esa matrícula la MISMA persona figura como titular HISTÓRICO (B4): la titularidad ya está registrada y cerrada, y el huérfano la sigue mostrando como activa.";1618923;5568449;R18 87302;B4 de 1618923;CANDIDATO_ELIMINACION;A;2019-01-08 10:28:01;ESOTELO;;1;
133814-0;401131;20770948;AGUERA, ADRIAN ALEJANDRO;133814;700133814;NU_MATRICULA real = depto + ID huérfano (R18);5-ORIGINAL_CON_TITULARIDAD_EN_OTRA;MATRICULACION_CON_NUMERO_DE_PROCEDENCIA;ALTO;"El trámite de matriculación (R18 118935, 2019-10-01, VCACERES, anexado al mismo caso 00CASO026063219000) generó la matrícula ID 1486670 (700133814) desde la procedencia ""MAT 133814"" del depto 07. La fila B2 quedó con ID_MATRICULA = 133814 (número de procedencia) en vez de 1486670. En esa matrícula la MISMA persona (CD_PERSONA) ya es titular ACTIVA: la fila huérfana repite una titularidad existente.";1486670;401131;00CASO026063219000;1486670-0;CANDIDATO_ELIMINACION;A;2019-10-01 13:10:51;VCACERES;00CASO026063219000;0;3 filas, tipo B, representante 133814-0
133814-1;401131;20770948;AGUERA, ADRIAN ALEJANDRO;133814;700133814;NU_MATRICULA real = depto + ID huérfano (R18);3-COPIA_REGRABADO;MATRICULACION_CON_NUMERO_DE_PROCEDENCIA + COPIA_B;ALTO;"El trámite de matriculación (R18 118935, 2019-10-01, VCACERES) generó la matrícula ID 1486670 (700133814) desde la procedencia ""MAT 133814"" del depto 07. La fila B2 quedó con ID_MATRICULA = 133814 (número de procedencia) en vez de 1486670. En esa matrícula la MISMA persona (CD_PERSONA) ya es titular ACTIVA: la fila huérfana repite una titularidad existente. Además es la copia n.º 2 de 3 de la misma titularidad en el mismo ID (tipo B: diferencias menores: NU_CASO_ORIGEN, RECIENTE); se conserva como representante 133814-0.";1486670;401131;R18 118935;1486670-0;CANDIDATO_ELIMINACION;A;2019-10-01 13:14:52;VCACERES;;1;3 filas, tipo B, representante 133814-0
133814-2;401131;20770948;AGUERA, ADRIAN ALEJANDRO;133814;700133814;NU_MATRICULA real = depto + ID huérfano (R18);3-COPIA_REGRABADO;MATRICULACION_CON_NUMERO_DE_PROCEDENCIA + COPIA_B;ALTO;"El trámite de matriculación (R18 118935, 2019-10-01, VCACERES) generó la matrícula ID 1486670 (700133814) desde la procedencia ""MAT 133814"" del depto 07. La fila B2 quedó con ID_MATRICULA = 133814 (número de procedencia) en vez de 1486670. En esa matrícula la MISMA persona (CD_PERSONA) ya es titular ACTIVA: la fila huérfana repite una titularidad existente. Además es la copia n.º 3 de 3 de la misma titularidad en el mismo ID (tipo B: diferencias menores: NU_CASO_ORIGEN, RECIENTE); se conserva como representante 133814-0.";1486670;401131;R18 118935;1486670-0;CANDIDATO_ELIMINACION;A;2019-10-01 13:23:31;VCACERES;;1;3 filas, tipo B, representante 133814-0
138224-0;388966;13292325;CARRASCO, CARLOS RAFAEL;138224;600138224;NU_MATRICULA real = depto + ID huérfano (R18);6-ORIGINAL_UNICO;MATRICULACION_CON_NUMERO_DE_PROCEDENCIA;MEDIO;"El trámite de matriculación (R18 169357, 2021-05-28, FALEGRE, anexado al mismo caso 00CASO011453221000) generó la matrícula ID 1499566 (600138224) desde la procedencia ""MAT 138224"" del depto 06. La fila B2 quedó con ID_MATRICULA = 138224 (número de procedencia) en vez de 1499566. En esa matrícula la MISMA persona figura como titular HISTÓRICO (B4): la titularidad ya está registrada y cerrada, y el huérfano la sigue mostrando como activa.";1499566;388966;00CASO011453221000;B4 de 1499566;CANDIDATO_ELIMINACION;A;2021-05-28 10:39:37;FALEGRE;00CASO011453221000;0;
139855-0;460873;5157705;MALDONADO, BENITA ALICIA;139855;400139855;NU_MATRICULA real = depto + ID huérfano (R18);5-ORIGINAL_CON_TITULARIDAD_EN_OTRA;MATRICULACION_CON_NUMERO_DE_PROCEDENCIA;MEDIO;"El trámite de matriculación (R18 195714, 2021-12-16, GARCE, anexado al mismo caso 00CASO032319221000) generó la matrícula ID 1579638 (400139855) desde la procedencia ""MAT 139855"" del depto 04. La fila B2 quedó con ID_MATRICULA = 139855 (número de procedencia) en vez de 1579638. En esa matrícula la MISMA persona figura como titular HISTÓRICO (B4): la titularidad ya está registrada y cerrada, y el huérfano la sigue mostrando como activa.";1579638;460873;00CASO032319221000;B4 de 1579638;CANDIDATO_ELIMINACION;A;2021-12-16 12:44:31;GARCE;00CASO032319221000;0;2 filas, tipo B, representante 139855-0
139855-2;460873;5157705;MALDONADO, BENITA ALICIA;139855;400139855;NU_MATRICULA real = depto + ID huérfano (R18);3-COPIA_REGRABADO;MATRICULACION_CON_NUMERO_DE_PROCEDENCIA + COPIA_B;MEDIO;"El trámite de matriculación (R18 195714, 2021-12-16, GARCE) generó la matrícula ID 1579638 (400139855) desde la procedencia ""MAT 139855"" del depto 04. La fila B2 quedó con ID_MATRICULA = 139855 (número de procedencia) en vez de 1579638. En esa matrícula la MISMA persona figura como titular HISTÓRICO (B4): la titularidad ya está registrada y cerrada, y el huérfano la sigue mostrando como activa. Además es la copia n.º 2 de 2 de la misma titularidad en el mismo ID (tipo B: diferencias menores: NU_CASO_ORIGEN, RECIENTE); se conserva como representante 139855-0.";1579638;460873;R18 195714;B4 de 1579638;CANDIDATO_ELIMINACION;A;2021-12-17 10:04:13;GARCE;;1;2 filas, tipo B, representante 139855-0
139855-1;1596991;16448089;GARCIA, RUBEN VIDAL;139855;400139855;NU_MATRICULA real = depto + ID huérfano (R18);5-ORIGINAL_CON_TITULARIDAD_EN_OTRA;MATRICULACION_CON_NUMERO_DE_PROCEDENCIA;MEDIO;"El trámite de matriculación (R18 195714, 2021-12-16, GARCE, anexado al mismo caso 00CASO032319221000) generó la matrícula ID 1579638 (400139855) desde la procedencia ""MAT 139855"" del depto 04. La fila B2 quedó con ID_MATRICULA = 139855 (número de procedencia) en vez de 1579638. En esa matrícula la MISMA persona figura como titular HISTÓRICO (B4): la titularidad ya está registrada y cerrada, y el huérfano la sigue mostrando como activa.";1579638;1596991;00CASO032319221000;B4 de 1579638;CANDIDATO_ELIMINACION;A;2021-12-16 12:45:05;GARCE;00CASO032319221000;0;
139855-3;5621051;16448089;VIDAL GARCIA, RUBEN;139855;400139855;NU_MATRICULA real = depto + ID huérfano (R18);5-ORIGINAL_CON_TITULARIDAD_EN_OTRA;MATRICULACION_CON_NUMERO_DE_PROCEDENCIA;MEDIO;"El trámite de matriculación (R18 195714, 2021-12-16, GARCE) generó la matrícula ID 1579638 (400139855) desde la procedencia ""MAT 139855"" del depto 04. La fila B2 quedó con ID_MATRICULA = 139855 (número de procedencia) en vez de 1579638. En esa matrícula figura como histórico (B4) otro registro de persona con el mismo documento y nombre compatible (GARCIA, RUBEN VIDAL).";1579638;;R18 195714;B4 de 1579638;REVISAR;A;2021-12-17 10:05:18;GARCE;;1;
139855-4;5621059;16448089;VIDAL GARCIA, RUBEN;139855;400139855;NU_MATRICULA real = depto + ID huérfano (R18);5-ORIGINAL_CON_TITULARIDAD_EN_OTRA;MATRICULACION_CON_NUMERO_DE_PROCEDENCIA;MEDIO;"El trámite de matriculación (R18 195714, 2021-12-16, GARCE) generó la matrícula ID 1579638 (400139855) desde la procedencia ""MAT 139855"" del depto 04. La fila B2 quedó con ID_MATRICULA = 139855 (número de procedencia) en vez de 1579638. En esa matrícula figura como histórico (B4) otro registro de persona con el mismo documento y nombre compatible (GARCIA, RUBEN VIDAL).";1579638;;R18 195714;B4 de 1579638;REVISAR;A;2021-12-17 10:35:06;GARCE;;1;
141770-0;5267364;13292280;BERTONA, NORA MIRIAM;141770;600141770;NU_MATRICULA real = depto + ID huérfano (R18);5-ORIGINAL_CON_TITULARIDAD_EN_OTRA;MATRICULACION_CON_NUMERO_DE_PROCEDENCIA;MEDIO;"El trámite de matriculación (R18 32419, 2017-11-29, GSPAREJA, anexado al mismo caso 00CASO020929917000) generó la matrícula ID 1520898 (600141770) desde la procedencia ""MAT 141770"" del depto 06. La fila B2 quedó con ID_MATRICULA = 141770 (número de procedencia) en vez de 1520898. En esa matrícula la MISMA persona figura como titular HISTÓRICO (B4): la titularidad ya está registrada y cerrada, y el huérfano la sigue mostrando como activa.";1520898;5267364;00CASO020929917000;B4 de 1520898;CANDIDATO_ELIMINACION;A;2017-11-29 14:39:55;GSPAREJA;00CASO020929917000;0;2 filas, tipo B, representante 141770-0
141770-1;5267364;13292280;BERTONA, NORA MIRIAM;141770;600141770;NU_MATRICULA real = depto + ID huérfano (R18);3-COPIA_REGRABADO;MATRICULACION_CON_NUMERO_DE_PROCEDENCIA + COPIA_B;MEDIO;"El trámite de matriculación (R18 32419, 2017-11-29, GSPAREJA) generó la matrícula ID 1520898 (600141770) desde la procedencia ""MAT 141770"" del depto 06. La fila B2 quedó con ID_MATRICULA = 141770 (número de procedencia) en vez de 1520898. En esa matrícula la MISMA persona figura como titular HISTÓRICO (B4): la titularidad ya está registrada y cerrada, y el huérfano la sigue mostrando como activa. Además es la copia n.º 2 de 2 de la misma titularidad en el mismo ID (tipo B: diferencias menores: NU_CASO_ORIGEN, RECIENTE); se conserva como representante 141770-0.";1520898;5267364;R18 32419;B4 de 1520898;CANDIDATO_ELIMINACION;A;2017-11-30 09:18:50;GSPAREJA;;1;2 filas, tipo B, representante 141770-0
142411-1;1528376;8320573;BERZIO, ELISA GORIZIA;142411;500142411;NU_MATRICULA real = depto + ID huérfano (R18);6-ORIGINAL_UNICO;MATRICULACION_CON_NUMERO_DE_PROCEDENCIA;MEDIO;"El trámite de matriculación (R18 269250, 2023-08-23, CMIRANDA, anexado al mismo caso 00CASO022912523000) generó la matrícula ID 1567924 (500142411) desde la procedencia ""MAT 142411"" del depto 05. La fila B2 quedó con ID_MATRICULA = 142411 (número de procedencia) en vez de 1567924. En esa matrícula la MISMA persona figura como titular HISTÓRICO (B4): la titularidad ya está registrada y cerrada, y el huérfano la sigue mostrando como activa.";1567924;1528376;00CASO022912523000;B4 de 1567924;CANDIDATO_ELIMINACION;A;2023-08-23 12:23:26;CMIRANDA;00CASO022912523000;0;2 filas, tipo B, representante 142411-1
142411-4;1528376;8320573;BERZIO, ELISA GORIZIA;142411;500142411;NU_MATRICULA real = depto + ID huérfano (R18);3-COPIA_REGRABADO;MATRICULACION_CON_NUMERO_DE_PROCEDENCIA + COPIA_B;MEDIO;"El trámite de matriculación (R18 269250, 2023-08-23, CMIRANDA) generó la matrícula ID 1567924 (500142411) desde la procedencia ""MAT 142411"" del depto 05. La fila B2 quedó con ID_MATRICULA = 142411 (número de procedencia) en vez de 1567924. En esa matrícula la MISMA persona figura como titular HISTÓRICO (B4): la titularidad ya está registrada y cerrada, y el huérfano la sigue mostrando como activa. Además es la copia n.º 2 de 2 de la misma titularidad en el mismo ID (tipo B: diferencias menores: NU_CASO_ORIGEN, RECIENTE); se conserva como representante 142411-1.";1567924;1528376;R18 269250;B4 de 1567924;CANDIDATO_ELIMINACION;A;2023-08-24 07:25:40;CMIRANDA;;1;2 filas, tipo B, representante 142411-1
142411-0;1528377;3713402;CARRION BERZIA, ORIETTA ANGELICA;142411;500142411;NU_MATRICULA real = depto + ID huérfano (R18);6-ORIGINAL_UNICO;MATRICULACION_CON_NUMERO_DE_PROCEDENCIA;MEDIO;"El trámite de matriculación (R18 269250, 2023-08-23, CMIRANDA, anexado al mismo caso 00CASO022912523000) generó la matrícula ID 1567924 (500142411) desde la procedencia ""MAT 142411"" del depto 05. La fila B2 quedó con ID_MATRICULA = 142411 (número de procedencia) en vez de 1567924. En esa matrícula la MISMA persona figura como titular HISTÓRICO (B4): la titularidad ya está registrada y cerrada, y el huérfano la sigue mostrando como activa.";1567924;1528377;00CASO022912523000;B4 de 1567924;CANDIDATO_ELIMINACION;A;2023-08-23 12:22:43;CMIRANDA;00CASO022912523000;0;
142411-2;5656548;8320573;BERZIO, ELISA GORIZIA;142411;500142411;NU_MATRICULA real = depto + ID huérfano (R18);6-ORIGINAL_UNICO;MATRICULACION_CON_NUMERO_DE_PROCEDENCIA;MEDIO;"El trámite de matriculación (R18 269250, 2023-08-23, CMIRANDA) generó la matrícula ID 1567924 (500142411) desde la procedencia ""MAT 142411"" del depto 05. La fila B2 quedó con ID_MATRICULA = 142411 (número de procedencia) en vez de 1567924. En esa matrícula figura como histórico (B4) otro registro de persona con el mismo documento y nombre compatible (BERZIO, ELISA GORIZIA).";1567924;;R18 269250;B4 de 1567924;REVISAR;A;2023-08-23 15:29:08;CMIRANDA;;1;
142411-3;5656549;3713402;CARRION BERZIO, ORIETTA ANGELICA;142411;500142411;NU_MATRICULA real = depto + ID huérfano (R18);6-ORIGINAL_UNICO;MATRICULACION_CON_NUMERO_DE_PROCEDENCIA;MEDIO;"El trámite de matriculación (R18 269250, 2023-08-23, CMIRANDA) generó la matrícula ID 1567924 (500142411) desde la procedencia ""MAT 142411"" del depto 05. La fila B2 quedó con ID_MATRICULA = 142411 (número de procedencia) en vez de 1567924. En esa matrícula la MISMA persona figura como titular HISTÓRICO (B4): la titularidad ya está registrada y cerrada, y el huérfano la sigue mostrando como activa.";1567924;5656549;R18 269250;B4 de 1567924;CANDIDATO_ELIMINACION;A;2023-08-23 15:29:39;CMIRANDA;;1;
142411-5;5656551;3713402;CARRION BERZIO, ORIETTA ANGELICA;142411;500142411;NU_MATRICULA real = depto + ID huérfano (R18);6-ORIGINAL_UNICO;MATRICULACION_CON_NUMERO_DE_PROCEDENCIA;MEDIO;"El trámite de matriculación (R18 269250, 2023-08-23, CMIRANDA) generó la matrícula ID 1567924 (500142411) desde la procedencia ""MAT 142411"" del depto 05. La fila B2 quedó con ID_MATRICULA = 142411 (número de procedencia) en vez de 1567924. En esa matrícula figura como histórico (B4) otro registro de persona con el mismo documento y nombre compatible (CARRION BERZIA, ORIETTA ANGELICA).";1567924;;R18 269250;B4 de 1567924;REVISAR;A;2023-08-24 07:26:48;CMIRANDA;;1;3 filas, tipo B, representante 142411-5
142411-6;5656551;3713402;CARRION BERZIO, ORIETTA ANGELICA;142411;500142411;NU_MATRICULA real = depto + ID huérfano (R18);3-COPIA_REGRABADO;COPIA_REGRABADO_B / MATRICULACION_CON_NUMERO_DE_PROCEDENCIA;MEDIO;"El trámite de matriculación (R18 269250, 2023-08-23, CMIRANDA) generó la matrícula ID 1567924 (500142411) desde la procedencia ""MAT 142411"" del depto 05. La fila B2 quedó con ID_MATRICULA = 142411 (número de procedencia) en vez de 1567924. En esa matrícula figura como histórico (B4) otro registro de persona con el mismo documento y nombre compatible (CARRION BERZIA, ORIETTA ANGELICA). Además es la copia n.º 2 de 3 de la misma titularidad en el mismo ID (tipo B: diferencias menores: CD_USER_STORE); se conserva como representante 142411-5.";1567924;;R18 269250;B4 de 1567924;CANDIDATO_ELIMINACION;A;2023-08-24 09:43:33;GACHIARELL;;1;3 filas, tipo B, representante 142411-5
142411-7;5656551;3713402;CARRION BERZIO, ORIETTA ANGELICA;142411;500142411;NU_MATRICULA real = depto + ID huérfano (R18);3-COPIA_REGRABADO;COPIA_REGRABADO_B / MATRICULACION_CON_NUMERO_DE_PROCEDENCIA;MEDIO;"El trámite de matriculación (R18 269250, 2023-08-23, CMIRANDA) generó la matrícula ID 1567924 (500142411) desde la procedencia ""MAT 142411"" del depto 05. La fila B2 quedó con ID_MATRICULA = 142411 (número de procedencia) en vez de 1567924. En esa matrícula figura como histórico (B4) otro registro de persona con el mismo documento y nombre compatible (CARRION BERZIA, ORIETTA ANGELICA). Además es la copia n.º 3 de 3 de la misma titularidad en el mismo ID (tipo B: diferencias menores: CD_USER_STORE); se conserva como representante 142411-5.";1567924;;R18 269250;B4 de 1567924;CANDIDATO_ELIMINACION;A;2023-08-24 09:44:20;GACHIARELL;;1;3 filas, tipo B, representante 142411-5
144124-1;1527696;17257252;TORRESI, FAVIO AROLDO;144124;300144124;NU_MATRICULA real = depto + ID huérfano (R18);5-ORIGINAL_CON_TITULARIDAD_EN_OTRA;MATRICULACION_CON_NUMERO_DE_PROCEDENCIA + GRUPO_C;MEDIO;"El trámite de matriculación (R18 164305, 2021-03-26, FALEGRE, anexado al mismo caso 00CASO006017721000) generó la matrícula ID 1518327 (300144124) desde la procedencia ""MAT 144124"" del depto 03. La fila B2 quedó con ID_MATRICULA = 144124 (número de procedencia) en vez de 1518327. En esa matrícula la MISMA persona figura como titular HISTÓRICO (B4): la titularidad ya está registrada y cerrada, y el huérfano la sigue mostrando como activa. El grupo (2 filas) cambian datos relevantes: DS_PORCENTAJE: pueden ser actos distintos (otra fecha de adquisición u otro porcentaje), así que hay que compararlo con la matrícula real antes de tocarlo.";1518327;1527696;00CASO006017721000;B4 de 1518327;REVISAR;A;2021-03-26 11:17:57;FALEGRE;00CASO006017721000;0;2 filas, tipo C, representante 144124-1
144124-2;1527696;17257252;TORRESI, FAVIO AROLDO;144124;300144124;NU_MATRICULA real = depto + ID huérfano (R18);3-COPIA_REGRABADO;MATRICULACION_CON_NUMERO_DE_PROCEDENCIA + COPIA_C;MEDIO;"El trámite de matriculación (R18 164305, 2021-03-26, FALEGRE, anexado al mismo caso 00CASO006017721000) generó la matrícula ID 1518327 (300144124) desde la procedencia ""MAT 144124"" del depto 03. La fila B2 quedó con ID_MATRICULA = 144124 (número de procedencia) en vez de 1518327. En esa matrícula la MISMA persona figura como titular HISTÓRICO (B4): la titularidad ya está registrada y cerrada, y el huérfano la sigue mostrando como activa. Además es la copia n.º 2 de 2 de la misma titularidad en el mismo ID (tipo C: cambian datos relevantes: DS_PORCENTAJE); se conserva como representante 144124-1. El grupo (2 filas) cambian datos relevantes: DS_PORCENTAJE: pueden ser actos distintos (otra fecha de adquisición u otro porcentaje), así que hay que compararlo con la matrícula real antes de tocarlo.";1518327;1527696;00CASO006017721000;B4 de 1518327;REVISAR;A;2021-03-26 11:18:03;FALEGRE;00CASO006017721000;0;2 filas, tipo C, representante 144124-1
144124-0;1527698;92030171;FONTANA, GRACIELA MARIA;144124;300144124;NU_MATRICULA real = depto + ID huérfano (R18);6-ORIGINAL_UNICO;MATRICULACION_CON_NUMERO_DE_PROCEDENCIA;MEDIO;"El trámite de matriculación (R18 164305, 2021-03-26, FALEGRE, anexado al mismo caso 00CASO006017721000) generó la matrícula ID 1518327 (300144124) desde la procedencia ""MAT 144124"" del depto 03. La fila B2 quedó con ID_MATRICULA = 144124 (número de procedencia) en vez de 1518327. En esa matrícula la MISMA persona figura como titular HISTÓRICO (B4): la titularidad ya está registrada y cerrada, y el huérfano la sigue mostrando como activa.";1518327;1527698;00CASO006017721000;B4 de 1518327;CANDIDATO_ELIMINACION;A;2021-03-26 11:17:24;FALEGRE;00CASO006017721000;0;
145000-0;2046118;13565800;BELOCOPITTI, MIRNA;145000;400145000;NU_MATRICULA real = depto + ID huérfano (R18);6-ORIGINAL_UNICO;MATRICULACION_CON_NUMERO_DE_PROCEDENCIA;MEDIO;"El trámite de matriculación (R18 299250, 2024-07-30, OESPEJO, anexado al mismo caso 00CASO017599424000) generó la matrícula ID 1519953 (400145000) desde la procedencia ""MAT 145000"" del depto 04. La fila B2 quedó con ID_MATRICULA = 145000 (número de procedencia) en vez de 1519953. En esa matrícula la MISMA persona figura como titular HISTÓRICO (B4): la titularidad ya está registrada y cerrada, y el huérfano la sigue mostrando como activa.";1519953;2046118;00CASO017599424000;B4 de 1519953;CANDIDATO_ELIMINACION;A;2024-07-30 13:37:08;OESPEJO;00CASO017599424000;0;
145000-1;5672082;13565800;BELOCOPITT, MIRNA IRENE;145000;400145000;NU_MATRICULA real = depto + ID huérfano (R18);6-ORIGINAL_UNICO;MATRICULACION_CON_NUMERO_DE_PROCEDENCIA;MEDIO;"El trámite de matriculación (R18 299250, 2024-07-30, OESPEJO) generó la matrícula ID 1519953 (400145000) desde la procedencia ""MAT 145000"" del depto 04. La fila B2 quedó con ID_MATRICULA = 145000 (número de procedencia) en vez de 1519953. En esa matrícula la MISMA persona figura como titular HISTÓRICO (B4): la titularidad ya está registrada y cerrada, y el huérfano la sigue mostrando como activa.";1519953;5672082;R18 299250;B4 de 1519953;CANDIDATO_ELIMINACION;A;2024-07-30 14:53:29;OESPEJO;;1;
149171-0;1536371;3048834;PEÑALBA, ELENA;149171;300149171;NU_MATRICULA real = depto + ID huérfano (R18);6-ORIGINAL_UNICO;MATRICULACION_CON_NUMERO_DE_PROCEDENCIA;MEDIO;"El trámite de matriculación (R18 151114, 2020-10-19, DRIVEROS, anexado al mismo caso 00CASO019128120000) generó la matrícula ID 5012621 (300149171) desde la procedencia ""MAT 149171"" del depto 03. La fila B2 quedó con ID_MATRICULA = 149171 (número de procedencia) en vez de 5012621. En esa matrícula la MISMA persona figura como titular HISTÓRICO (B4): la titularidad ya está registrada y cerrada, y el huérfano la sigue mostrando como activa.";5012621;1536371;00CASO019128120000;B4 de 5012621;CANDIDATO_ELIMINACION;A;2020-10-19 13:05:01;DRIVEROS;00CASO019128120000;0;
150498-1;5694348;4498754;FRITES, FANNY DORA;150498;300150498;NU_MATRICULA real = depto + ID huérfano (R18);6-ORIGINAL_UNICO;MATRICULACION_CON_NUMERO_DE_PROCEDENCIA;MEDIO;"El trámite de matriculación (R18 340350, 2025-08-22, CMIRANDA) generó la matrícula ID 1541611 (300150498) desde la procedencia ""MAT 150498"" del depto 03. La fila B2 quedó con ID_MATRICULA = 150498 (número de procedencia) en vez de 1541611. En esa matrícula la MISMA persona figura como titular HISTÓRICO (B4): la titularidad ya está registrada y cerrada, y el huérfano la sigue mostrando como activa.";1541611;5694348;R18 340350;B4 de 1541611;CANDIDATO_ELIMINACION;A;2025-08-25 09:46:30;AEGUAJARDO;;1;
150498-0;5694393;6881568;SAVOY, JOSÉ HUMBERTO;150498;300150498;NU_MATRICULA real = depto + ID huérfano (R18);6-ORIGINAL_UNICO;MATRICULACION_CON_NUMERO_DE_PROCEDENCIA;MEDIO;"El trámite de matriculación (R18 340350, 2025-08-22, CMIRANDA) generó la matrícula ID 1541611 (300150498) desde la procedencia ""MAT 150498"" del depto 03. La fila B2 quedó con ID_MATRICULA = 150498 (número de procedencia) en vez de 1541611. En esa matrícula figura como histórico (B4) otro registro de persona con el mismo documento y nombre compatible (SAVOY, JOSE HUMBERTO).";1541611;;R18 340350;B4 de 1541611;REVISAR;A;2025-08-25 09:45:24;AEGUAJARDO;;1;
156975-1;1481707;8159713;SUAREZ, JORGE ALBERTO;156975;100156975;NU_MATRICULA real = depto + ID huérfano (R18);5-ORIGINAL_CON_TITULARIDAD_EN_OTRA;MATRICULACION_CON_NUMERO_DE_PROCEDENCIA;MEDIO;"El trámite de matriculación (R18 180661, 2021-09-10, ESOTELO) generó la matrícula ID 1589607 (100156975) desde la procedencia ""MAT 156975"" del depto 01. La fila B2 quedó con ID_MATRICULA = 156975 (número de procedencia) en vez de 1589607. En esa matrícula la MISMA persona figura como titular HISTÓRICO (B4): la titularidad ya está registrada y cerrada, y el huérfano la sigue mostrando como activa.";1589607;1481707;R18 180661;B4 de 1589607;CANDIDATO_ELIMINACION;A;2021-09-13 09:14:26;ESOTELO;;1;
156975-0;5614432;8159713;SUAREZ, JORGE ALBERTO;156975;100156975;NU_MATRICULA real = depto + ID huérfano (R18);5-ORIGINAL_CON_TITULARIDAD_EN_OTRA;MATRICULACION_CON_NUMERO_DE_PROCEDENCIA;MEDIO;"El trámite de matriculación (R18 180661, 2021-09-10, ESOTELO) generó la matrícula ID 1589607 (100156975) desde la procedencia ""MAT 156975"" del depto 01. La fila B2 quedó con ID_MATRICULA = 156975 (número de procedencia) en vez de 1589607. En esa matrícula la MISMA persona figura como titular HISTÓRICO (B4): la titularidad ya está registrada y cerrada, y el huérfano la sigue mostrando como activa.";1589607;5614432;R18 180661;B4 de 1589607;CANDIDATO_ELIMINACION;A;2021-09-13 09:09:34;ESOTELO;;1;4 filas, tipo A, representante 156975-0
156975-2;5614432;8159713;SUAREZ, JORGE ALBERTO;156975;100156975;NU_MATRICULA real = depto + ID huérfano (R18);3-COPIA_REGRABADO;MATRICULACION_CON_NUMERO_DE_PROCEDENCIA + COPIA_A;MEDIO;"El trámite de matriculación (R18 180661, 2021-09-10, ESOTELO) generó la matrícula ID 1589607 (100156975) desde la procedencia ""MAT 156975"" del depto 01. La fila B2 quedó con ID_MATRICULA = 156975 (número de procedencia) en vez de 1589607. En esa matrícula la MISMA persona figura como titular HISTÓRICO (B4): la titularidad ya está registrada y cerrada, y el huérfano la sigue mostrando como activa. Además es la copia n.º 2 de 4 de la misma titularidad en el mismo ID (tipo A: idénticas salvo DT_ALTA / TM_DESDE / NU_SEQUENCE); se conserva como representante 156975-0.";1589607;5614432;R18 180661;B4 de 1589607;CANDIDATO_ELIMINACION;A;2021-09-13 09:15:57;ESOTELO;;1;4 filas, tipo A, representante 156975-0
156975-3;5614432;8159713;SUAREZ, JORGE ALBERTO;156975;100156975;NU_MATRICULA real = depto + ID huérfano (R18);3-COPIA_REGRABADO;MATRICULACION_CON_NUMERO_DE_PROCEDENCIA + COPIA_A;MEDIO;"El trámite de matriculación (R18 180661, 2021-09-10, ESOTELO) generó la matrícula ID 1589607 (100156975) desde la procedencia ""MAT 156975"" del depto 01. La fila B2 quedó con ID_MATRICULA = 156975 (número de procedencia) en vez de 1589607. En esa matrícula la MISMA persona figura como titular HISTÓRICO (B4): la titularidad ya está registrada y cerrada, y el huérfano la sigue mostrando como activa. Además es la copia n.º 3 de 4 de la misma titularidad en el mismo ID (tipo A: idénticas salvo DT_ALTA / TM_DESDE / NU_SEQUENCE); se conserva como representante 156975-0.";1589607;5614432;R18 180661;B4 de 1589607;CANDIDATO_ELIMINACION;A;2021-09-13 13:24:44;ESOTELO;;1;4 filas, tipo A, representante 156975-0
156975-4;5614432;8159713;SUAREZ, JORGE ALBERTO;156975;100156975;NU_MATRICULA real = depto + ID huérfano (R18);3-COPIA_REGRABADO;MATRICULACION_CON_NUMERO_DE_PROCEDENCIA + COPIA_A;MEDIO;"El trámite de matriculación (R18 180661, 2021-09-10, ESOTELO) generó la matrícula ID 1589607 (100156975) desde la procedencia ""MAT 156975"" del depto 01. La fila B2 quedó con ID_MATRICULA = 156975 (número de procedencia) en vez de 1589607. En esa matrícula la MISMA persona figura como titular HISTÓRICO (B4): la titularidad ya está registrada y cerrada, y el huérfano la sigue mostrando como activa. Además es la copia n.º 4 de 4 de la misma titularidad en el mismo ID (tipo A: idénticas salvo DT_ALTA / TM_DESDE / NU_SEQUENCE); se conserva como representante 156975-0.";1589607;5614432;R18 180661;B4 de 1589607;CANDIDATO_ELIMINACION;A;2021-09-13 13:26:23;ESOTELO;;1;4 filas, tipo A, representante 156975-0
157329-0;1455026;24035461;PASQUALI, SILVANA MARIA;157329;1600157329;NU_MATRICULA real = depto + ID huérfano (R18);5-ORIGINAL_CON_TITULARIDAD_EN_OTRA;MATRICULACION_CON_NUMERO_DE_PROCEDENCIA;MEDIO;"El trámite de matriculación (R18 279230, 2023-11-14, MEGUAJARDO, anexado al mismo caso 00CASO031627523000) generó la matrícula ID 1586039 (1600157329) desde la procedencia ""MAT 157329"" del depto 16. La fila B2 quedó con ID_MATRICULA = 157329 (número de procedencia) en vez de 1586039. En esa matrícula la MISMA persona figura como titular HISTÓRICO (B4): la titularidad ya está registrada y cerrada, y el huérfano la sigue mostrando como activa.";1586039;1455026;00CASO031627523000;B4 de 1586039;CANDIDATO_ELIMINACION;A;2023-11-15 09:29:07;MEGUAJARDO;00CASO031627523000;0;3 filas, tipo B, representante 157329-0
157329-1;1455026;24035461;PASQUALI, SILVANA MARIA;157329;1600157329;NU_MATRICULA real = depto + ID huérfano (R18);3-COPIA_REGRABADO;MATRICULACION_CON_NUMERO_DE_PROCEDENCIA + COPIA_B;MEDIO;"El trámite de matriculación (R18 279230, 2023-11-14, MEGUAJARDO) generó la matrícula ID 1586039 (1600157329) desde la procedencia ""MAT 157329"" del depto 16. La fila B2 quedó con ID_MATRICULA = 157329 (número de procedencia) en vez de 1586039. En esa matrícula la MISMA persona figura como titular HISTÓRICO (B4): la titularidad ya está registrada y cerrada, y el huérfano la sigue mostrando como activa. Además es la copia n.º 2 de 3 de la misma titularidad en el mismo ID (tipo B: diferencias menores: NU_CASO_ORIGEN, RECIENTE); se conserva como representante 157329-0.";1586039;1455026;R18 279230;B4 de 1586039;CANDIDATO_ELIMINACION;A;2023-11-29 12:44:10;MEGUAJARDO;;1;3 filas, tipo B, representante 157329-0
157329-2;1455026;24035461;PASQUALI, SILVANA MARIA;157329;1600157329;NU_MATRICULA real = depto + ID huérfano (R18);3-COPIA_REGRABADO;MATRICULACION_CON_NUMERO_DE_PROCEDENCIA + COPIA_B;MEDIO;"El trámite de matriculación (R18 279230, 2023-11-14, MEGUAJARDO) generó la matrícula ID 1586039 (1600157329) desde la procedencia ""MAT 157329"" del depto 16. La fila B2 quedó con ID_MATRICULA = 157329 (número de procedencia) en vez de 1586039. En esa matrícula la MISMA persona figura como titular HISTÓRICO (B4): la titularidad ya está registrada y cerrada, y el huérfano la sigue mostrando como activa. Además es la copia n.º 3 de 3 de la misma titularidad en el mismo ID (tipo B: diferencias menores: NU_CASO_ORIGEN, RECIENTE); se conserva como representante 157329-0.";1586039;1455026;R18 279230;B4 de 1586039;CANDIDATO_ELIMINACION;A;2023-11-29 13:06:04;MEGUAJARDO;;1;3 filas, tipo B, representante 157329-0
159069-0;5701238;5464449;GUERRERO, MIRTA SARA;159069;400159069;NU_MATRICULA real = depto + ID huérfano (R18);5-ORIGINAL_CON_TITULARIDAD_EN_OTRA;MATRICULACION_CON_NUMERO_DE_PROCEDENCIA;MEDIO;"El trámite de matriculación (R18 354646, 2025-12-18, GARCE) generó la matrícula ID 1589344 (400159069) desde la procedencia ""MAT 159069"" del depto 04. La fila B2 quedó con ID_MATRICULA = 159069 (número de procedencia) en vez de 1589344. En esa matrícula figura como histórico (B4) otro registro de persona con el mismo documento y nombre compatible (GUERRERO, MIRTA SARA).";1589344;;R18 354646;B4 de 1589344;REVISAR;A;2025-12-18 12:28:42;GARCE;;1;
159069-1;5701241;5464449;GUERRERO, MIRTA SARA;159069;400159069;NU_MATRICULA real = depto + ID huérfano (R18);5-ORIGINAL_CON_TITULARIDAD_EN_OTRA;MATRICULACION_CON_NUMERO_DE_PROCEDENCIA;MEDIO;"El trámite de matriculación (R18 354646, 2025-12-18, GARCE) generó la matrícula ID 1589344 (400159069) desde la procedencia ""MAT 159069"" del depto 04. La fila B2 quedó con ID_MATRICULA = 159069 (número de procedencia) en vez de 1589344. En esa matrícula figura como histórico (B4) otro registro de persona con el mismo documento y nombre compatible (GUERRERO, MIRTA SARA).";1589344;;R18 354646;B4 de 1589344;REVISAR;A;2025-12-18 12:30:44;GARCE;;1;
159069-2;5701242;5464449;GUERRERO, MURTA SARA;159069;400159069;NU_MATRICULA real = depto + ID huérfano (R18);5-ORIGINAL_CON_TITULARIDAD_EN_OTRA;MATRICULACION_CON_NUMERO_DE_PROCEDENCIA;MEDIO;"El trámite de matriculación (R18 354646, 2025-12-18, GARCE) generó la matrícula ID 1589344 (400159069) desde la procedencia ""MAT 159069"" del depto 04. La fila B2 quedó con ID_MATRICULA = 159069 (número de procedencia) en vez de 1589344. En esa matrícula figura como histórico (B4) otro registro de persona con el mismo documento y nombre compatible (GUERRERO, MIRTA SARA).";1589344;;R18 354646;B4 de 1589344;REVISAR;A;2025-12-18 12:31:58;GARCE;;1;
159439-0;1562856;20810262;MOLINA, MARCELA GILDA;159439;400159439;NU_MATRICULA real = depto + ID huérfano (R18);6-ORIGINAL_UNICO;MATRICULACION_CON_NUMERO_DE_PROCEDENCIA;MEDIO;"El trámite de matriculación (R18 241185, 2022-12-14, VPAREJAS, anexado al mismo caso 00CASO038219522000) generó la matrícula ID 1558188 (400159439) desde la procedencia ""MAT 159439"" del depto 04. La fila B2 quedó con ID_MATRICULA = 159439 (número de procedencia) en vez de 1558188. En esa matrícula la MISMA persona figura como titular HISTÓRICO (B4): la titularidad ya está registrada y cerrada, y el huérfano la sigue mostrando como activa.";1558188;1562856;00CASO038219522000;B4 de 1558188;CANDIDATO_ELIMINACION;A;2022-12-15 11:50:13;VPAREJAS;00CASO038219522000;0;3 filas, tipo B, representante 159439-0
159439-1;1562856;20810262;MOLINA, MARCELA GILDA;159439;400159439;NU_MATRICULA real = depto + ID huérfano (R18);3-COPIA_REGRABADO;MATRICULACION_CON_NUMERO_DE_PROCEDENCIA + COPIA_B;MEDIO;"El trámite de matriculación (R18 241185, 2022-12-14, VPAREJAS) generó la matrícula ID 1558188 (400159439) desde la procedencia ""MAT 159439"" del depto 04. La fila B2 quedó con ID_MATRICULA = 159439 (número de procedencia) en vez de 1558188. En esa matrícula la MISMA persona figura como titular HISTÓRICO (B4): la titularidad ya está registrada y cerrada, y el huérfano la sigue mostrando como activa. Además es la copia n.º 2 de 3 de la misma titularidad en el mismo ID (tipo B: diferencias menores: NU_CASO_ORIGEN, RECIENTE); se conserva como representante 159439-0.";1558188;1562856;R18 241185;B4 de 1558188;CANDIDATO_ELIMINACION;A;2022-12-16 09:27:44;VPAREJAS;;1;3 filas, tipo B, representante 159439-0
159439-2;1562856;20810262;MOLINA, MARCELA GILDA;159439;400159439;NU_MATRICULA real = depto + ID huérfano (R18);3-COPIA_REGRABADO;MATRICULACION_CON_NUMERO_DE_PROCEDENCIA + COPIA_B;MEDIO;"El trámite de matriculación (R18 241185, 2022-12-14, VPAREJAS) generó la matrícula ID 1558188 (400159439) desde la procedencia ""MAT 159439"" del depto 04. La fila B2 quedó con ID_MATRICULA = 159439 (número de procedencia) en vez de 1558188. En esa matrícula la MISMA persona figura como titular HISTÓRICO (B4): la titularidad ya está registrada y cerrada, y el huérfano la sigue mostrando como activa. Además es la copia n.º 3 de 3 de la misma titularidad en el mismo ID (tipo B: diferencias menores: NU_CASO_ORIGEN, RECIENTE); se conserva como representante 159439-0.";1558188;1562856;R18 241185;B4 de 1558188;CANDIDATO_ELIMINACION;A;2022-12-16 09:28:50;VPAREJAS;;1;3 filas, tipo B, representante 159439-0
165975-0;5490858;3053314;RIOS, LUCIA GRACIELA;165975;400165975;NU_MATRICULA real = depto + ID huérfano (R18);6-ORIGINAL_UNICO;MATRICULACION_CON_NUMERO_DE_PROCEDENCIA;MEDIO;"El trámite de matriculación (R18 160913, 2021-02-17, VCACERES) generó la matrícula ID 1601157 (400165975) desde la procedencia ""MAT 165975"" del depto 04. La fila B2 quedó con ID_MATRICULA = 165975 (número de procedencia) en vez de 1601157. En esa matrícula la MISMA persona figura como titular HISTÓRICO (B4): la titularidad ya está registrada y cerrada, y el huérfano la sigue mostrando como activa.";1601157;5490858;R18 160913;B4 de 1601157;CANDIDATO_ELIMINACION;A;2021-02-17 20:28:59;VCACERES;;1;
165975-1;5603976;3053314;RIOS, LUCIA GABRIELA;165975;400165975;NU_MATRICULA real = depto + ID huérfano (R18);6-ORIGINAL_UNICO;MATRICULACION_CON_NUMERO_DE_PROCEDENCIA;MEDIO;"El trámite de matriculación (R18 160913, 2021-02-17, VCACERES) generó la matrícula ID 1601157 (400165975) desde la procedencia ""MAT 165975"" del depto 04. La fila B2 quedó con ID_MATRICULA = 165975 (número de procedencia) en vez de 1601157. En esa matrícula figura como histórico (B4) otro registro de persona con el mismo documento y nombre compatible (RIOS, LUCIA GRACIELA).";1601157;;R18 160913;B4 de 1601157;REVISAR;A;2021-02-18 09:53:48;VCACERES;;1;
169694-0;5627447;20562344;BARSCHTEIN, SILVINA RUTH;169694;600169694;NU_MATRICULA real = depto + ID huérfano (R18);5-ORIGINAL_CON_TITULARIDAD_EN_OTRA;MATRICULACION_CON_NUMERO_DE_PROCEDENCIA;MEDIO;"El trámite de matriculación (R18 210257, 2022-04-19, TEROCA) generó la matrícula ID 222181 (600169694) desde la procedencia ""MAT 169694"" del depto 06. La fila B2 quedó con ID_MATRICULA = 169694 (número de procedencia) en vez de 222181. En esa matrícula la MISMA persona figura como titular HISTÓRICO (B4): la titularidad ya está registrada y cerrada, y el huérfano la sigue mostrando como activa.";222181;5627447;R18 210257;B4 de 222181;CANDIDATO_ELIMINACION;A;2022-04-20 08:53:40;TEROCA;;1;
172842-0;1503437;16590899;GONZALEZ, ADRIANA INES;172842;100172842;NU_MATRICULA real = depto + ID huérfano (R18);5-ORIGINAL_CON_TITULARIDAD_EN_OTRA;MATRICULACION_CON_NUMERO_DE_PROCEDENCIA;MEDIO;"El trámite de matriculación (R18 244389, 2023-01-25, FALEGRE) generó la matrícula ID 1587075 (100172842) desde la procedencia ""MAT 172842"" del depto 01. La fila B2 quedó con ID_MATRICULA = 172842 (número de procedencia) en vez de 1587075. En esa matrícula la MISMA persona figura como titular HISTÓRICO (B4): la titularidad ya está registrada y cerrada, y el huérfano la sigue mostrando como activa.";1587075;1503437;00CASO001223823000;B4 de 1587075;CANDIDATO_ELIMINACION;A;2023-01-20 13:26:05;GARCE;00CASO001223823000;0;
181465-1;1465998;23387364;LAFI, JORGE GUSTAVO;181465;400181465;NU_MATRICULA real = depto + ID huérfano (R18);5-ORIGINAL_CON_TITULARIDAD_EN_OTRA;MATRICULACION_CON_NUMERO_DE_PROCEDENCIA;MEDIO;"El trámite de matriculación (R18 148266, 2020-09-14, GJFIORENS) generó la matrícula ID 1601481 (400181465) desde la procedencia ""MAT 181465"" del depto 04. La fila B2 quedó con ID_MATRICULA = 181465 (número de procedencia) en vez de 1601481. En esa matrícula otro registro de persona con el mismo documento y nombre compatible (LAFI, JORGE GUSTAVO) ya es titular ACTIVO. Es probable que sea la misma titularidad, pero mismo DNI no es misma persona.";1601481;5597982;R18 148266;1601481-0;CANDIDATO_ELIMINACION;A;2020-09-14 18:46:34;GACHIARELL;;1;
181465-0;1603099;12715839;GUIRAO, GRACIELA ELIZABET;181465;400181465;NU_MATRICULA real = depto + ID huérfano (R18);5-ORIGINAL_CON_TITULARIDAD_EN_OTRA;MATRICULACION_CON_NUMERO_DE_PROCEDENCIA;MEDIO;"El trámite de matriculación (R18 148266, 2020-09-14, GJFIORENS, anexado al mismo caso 00CASO016418820000) generó la matrícula ID 1601481 (400181465) desde la procedencia ""MAT 181465"" del depto 04. La fila B2 quedó con ID_MATRICULA = 181465 (número de procedencia) en vez de 1601481. En esa matrícula otro registro de persona con el mismo documento y nombre compatible (GUIRAO, GRACIELA ELIZABET) ya es titular ACTIVO. Es probable que sea la misma titularidad, pero mismo DNI no es misma persona.";1601481;5597985;00CASO016418820000;1601481-3;CANDIDATO_ELIMINACION;A;2020-09-14 15:51:51;GJFIORENS;00CASO016418820000;0;
191174-0;1412951;8324515;CARMONA, CLEMENTE DANIEL;191174;1300191174;NU_MATRICULA real = depto + ID huérfano (R18);5-ORIGINAL_CON_TITULARIDAD_EN_OTRA;MATRICULACION_CON_NUMERO_DE_PROCEDENCIA_SIN_TITULAR_EN_REAL;MEDIO;"El trámite de matriculación (R18 172486, 2021-07-02, FALEGRE) generó la matrícula ID 1609393 (1300191174) desde la procedencia ""MAT 191174"" del depto 13. La fila B2 quedó con ID_MATRICULA = 191174 (número de procedencia) en vez de 1609393. Pero la persona NO figura como titular, ni activa ni histórica, en la matrícula ID 1609393: la fila huérfana puede ser el único rastro de esa titularidad. Corresponde re-vincular tras verificar, no borrar.";1609393;;R18 172486;;CONSERVAR;A;2021-07-05 11:59:18;FALEGRE;;1;
209535-0;5560725;5542689;APALDETTI, HECTOR VICTORIO;209535;400209535;NU_MATRICULA real = depto + ID huérfano (R18);5-ORIGINAL_CON_TITULARIDAD_EN_OTRA;MATRICULACION_CON_NUMERO_DE_PROCEDENCIA;MEDIO;"El trámite de matriculación (R18 68141, 2018-08-23, GCMIRANDA) generó la matrícula ID 1646491 (400209535) desde la procedencia ""MAT 209535"" del depto 04. La fila B2 quedó con ID_MATRICULA = 209535 (número de procedencia) en vez de 1646491. En esa matrícula otro registro de persona con el mismo documento y nombre compatible (APALDETTI, HECTOR VICTORIO) ya es titular ACTIVO. Es probable que sea la misma titularidad, pero mismo DNI no es misma persona.";1646491;1643939;R18 68141;1646491-0;CANDIDATO_ELIMINACION;A;2018-08-23 14:01:10;GCMIRANDA;;1;
209535-1;5560726;13543730;FERNADEZ, NANCY BEATRIZ;209535;400209535;NU_MATRICULA real = depto + ID huérfano (R18);5-ORIGINAL_CON_TITULARIDAD_EN_OTRA;MATRICULACION_CON_NUMERO_DE_PROCEDENCIA;MEDIO;"El trámite de matriculación (R18 68141, 2018-08-23, GCMIRANDA) generó la matrícula ID 1646491 (400209535) desde la procedencia ""MAT 209535"" del depto 04. La fila B2 quedó con ID_MATRICULA = 209535 (número de procedencia) en vez de 1646491. En esa matrícula otro registro de persona con el mismo documento y nombre compatible (FERNANDEZ, NANCY BEATRIZ) ya es titular ACTIVO. Es probable que sea la misma titularidad, pero mismo DNI no es misma persona.";1646491;1644037;R18 68141;1646491-1;CANDIDATO_ELIMINACION;A;2018-08-23 14:02:12;GCMIRANDA;;1;
213579-0;1516800;11060717;DAMONTE, ELDA;213579;700213579;NU_MATRICULA real = depto + ID huérfano (R18);5-ORIGINAL_CON_TITULARIDAD_EN_OTRA;MATRICULACION_CON_NUMERO_DE_PROCEDENCIA;MEDIO;"El trámite de matriculación (R18 334995, 2025-06-27, GARCE, anexado al mismo caso 00CASO019545925000) generó la matrícula ID 1653665 (700213579) desde la procedencia ""MAT 213579"" del depto 07. La fila B2 quedó con ID_MATRICULA = 213579 (número de procedencia) en vez de 1653665. En esa matrícula la MISMA persona figura como titular HISTÓRICO (B4): la titularidad ya está registrada y cerrada, y el huérfano la sigue mostrando como activa.";1653665;1516800;00CASO019545925000;B4 de 1653665;CANDIDATO_ELIMINACION;A;2025-06-27 14:26:51;GARCE;00CASO019545925000;0;
216069-0;1443847;13335544;DELABALLE, CELINA MARIANA;216069;800216069;NU_MATRICULA real = depto + ID huérfano (R18);5-ORIGINAL_CON_TITULARIDAD_EN_OTRA;MATRICULACION_CON_NUMERO_DE_PROCEDENCIA + GRUPO_C;MEDIO;"El trámite de matriculación (R18 374841, 2026-06-16, IFERNANDEZ) generó la matrícula ID 1662187 (800216069) desde la procedencia ""MAT 216069"" del depto 08. La fila B2 quedó con ID_MATRICULA = 216069 (número de procedencia) en vez de 1662187. En esa matrícula la MISMA persona figura como titular HISTÓRICO (B4): la titularidad ya está registrada y cerrada, y el huérfano la sigue mostrando como activa. El grupo (2 filas) cambian datos relevantes: DT_DESDE, NU_ASIEN_2: pueden ser actos distintos (otra fecha de adquisición u otro porcentaje), así que hay que compararlo con la matrícula real antes de tocarlo.";1662187;1443847;00CASO014765326000;B4 de 1662187;REVISAR;A;2026-06-12 07:38:43;IFERNANDEZ;00CASO014765326000;0;2 filas, tipo C, representante 216069-0
216069-1;1443847;13335544;DELABALLE, CELINA MARIANA;216069;800216069;NU_MATRICULA real = depto + ID huérfano (R18);3-COPIA_REGRABADO;MATRICULACION_CON_NUMERO_DE_PROCEDENCIA + COPIA_C;MEDIO;"El trámite de matriculación (R18 374841, 2026-06-16, IFERNANDEZ) generó la matrícula ID 1662187 (800216069) desde la procedencia ""MAT 216069"" del depto 08. La fila B2 quedó con ID_MATRICULA = 216069 (número de procedencia) en vez de 1662187. En esa matrícula la MISMA persona figura como titular HISTÓRICO (B4): la titularidad ya está registrada y cerrada, y el huérfano la sigue mostrando como activa. Además es la copia n.º 2 de 2 de la misma titularidad en el mismo ID (tipo C: cambian datos relevantes: DT_DESDE, NU_ASIEN_2); se conserva como representante 216069-0. El grupo (2 filas) cambian datos relevantes: DT_DESDE, NU_ASIEN_2: pueden ser actos distintos (otra fecha de adquisición u otro porcentaje), así que hay que compararlo con la matrícula real antes de tocarlo.";1662187;1443847;00CASO014765326000;B4 de 1662187;REVISAR;A;2026-06-12 07:39:20;IFERNANDEZ;00CASO014765326000;0;2 filas, tipo C, representante 216069-0
216069-2;5710541;13335544;DELABALLE, CARINA MARIANA;216069;800216069;NU_MATRICULA real = depto + ID huérfano (R18);5-ORIGINAL_CON_TITULARIDAD_EN_OTRA;MATRICULACION_CON_NUMERO_DE_PROCEDENCIA;MEDIO;"El trámite de matriculación (R18 374841, 2026-06-16, IFERNANDEZ) generó la matrícula ID 1662187 (800216069) desde la procedencia ""MAT 216069"" del depto 08. La fila B2 quedó con ID_MATRICULA = 216069 (número de procedencia) en vez de 1662187. En esa matrícula figura como histórico (B4) otro registro de persona con el mismo documento y nombre compatible (DELABALLE, CELINA MARIANA).";1662187;;R18 374841;B4 de 1662187;REVISAR;A;2026-06-16 10:24:40;RFARRUGGIA;;1;2 filas, tipo C, representante 216069-2
216069-3;5710541;13335544;DELABALLE, CARINA MARIANA;216069;800216069;NU_MATRICULA real = depto + ID huérfano (R18);3-COPIA_REGRABADO;COPIA_REGRABADO_C / MATRICULACION_CON_NUMERO_DE_PROCEDENCIA;MEDIO;"El trámite de matriculación (R18 374841, 2026-06-16, IFERNANDEZ) generó la matrícula ID 1662187 (800216069) desde la procedencia ""MAT 216069"" del depto 08. La fila B2 quedó con ID_MATRICULA = 216069 (número de procedencia) en vez de 1662187. En esa matrícula figura como histórico (B4) otro registro de persona con el mismo documento y nombre compatible (DELABALLE, CELINA MARIANA). Además es la copia n.º 2 de 2 de la misma titularidad en el mismo ID (tipo C: cambian datos relevantes: DT_DESDE, NU_ASIEN_2); se conserva como representante 216069-2.";1662187;;R18 374841;B4 de 1662187;REVISAR;A;2026-06-16 10:25:22;RFARRUGGIA;;1;2 filas, tipo C, representante 216069-2
217651-0;5081761;24245777;VELEZ, ALEJANDRO;217651;600217651;NU_MATRICULA real = depto + ID huérfano (R18);5-ORIGINAL_CON_TITULARIDAD_EN_OTRA;MATRICULACION_CON_NUMERO_DE_PROCEDENCIA;MEDIO;"El trámite de matriculación (R18 78828, 2018-10-24, GVCACERES) generó la matrícula ID 1662827 (600217651) desde la procedencia ""MAT 217651"" del depto 06. La fila B2 quedó con ID_MATRICULA = 217651 (número de procedencia) en vez de 1662827. En esa matrícula la MISMA persona figura como titular HISTÓRICO (B4): la titularidad ya está registrada y cerrada, y el huérfano la sigue mostrando como activa.";1662827;5081761;R18 78828;B4 de 1662827;CANDIDATO_ELIMINACION;A;2018-10-24 15:09:12;GVCACERES;;1;
228581-0;5029066;14428470;LUCERO, LIDIA ANTONIA;228581;400228581;NU_MATRICULA real = depto + ID huérfano (R18);5-ORIGINAL_CON_TITULARIDAD_EN_OTRA;MATRICULACION_CON_NUMERO_DE_PROCEDENCIA;ALTO;"El trámite de matriculación (R18 188710, 2021-10-26, CMIRANDA) generó la matrícula ID 5022429 (400228581) desde la procedencia ""MAT 228581"" del depto 04. La fila B2 quedó con ID_MATRICULA = 228581 (número de procedencia) en vez de 5022429. En esa matrícula la MISMA persona (CD_PERSONA) ya es titular ACTIVA: la fila huérfana repite una titularidad existente.";5022429;5029066;00CASO026674721000;5022429-0;CANDIDATO_ELIMINACION;A;2021-10-25 13:21:53;CMIRANDA;00CASO026674721000;0;4 filas, tipo B, representante 228581-0
228581-1;5029066;14428470;LUCERO, LIDIA ANTONIA;228581;400228581;NU_MATRICULA real = depto + ID huérfano (R18);3-COPIA_REGRABADO;MATRICULACION_CON_NUMERO_DE_PROCEDENCIA + COPIA_B;ALTO;"El trámite de matriculación (R18 188710, 2021-10-26, CMIRANDA) generó la matrícula ID 5022429 (400228581) desde la procedencia ""MAT 228581"" del depto 04. La fila B2 quedó con ID_MATRICULA = 228581 (número de procedencia) en vez de 5022429. En esa matrícula la MISMA persona (CD_PERSONA) ya es titular ACTIVA: la fila huérfana repite una titularidad existente. Además es la copia n.º 2 de 4 de la misma titularidad en el mismo ID (tipo B: diferencias menores: NU_CASO_ORIGEN, RECIENTE, CD_USER_STORE); se conserva como representante 228581-0.";5022429;5029066;R18 188710;5022429-0;CANDIDATO_ELIMINACION;A;2021-10-26 09:31:01;CMIRANDA;;1;4 filas, tipo B, representante 228581-0
228581-2;5029066;14428470;LUCERO, LIDIA ANTONIA;228581;400228581;NU_MATRICULA real = depto + ID huérfano (R18);3-COPIA_REGRABADO;MATRICULACION_CON_NUMERO_DE_PROCEDENCIA + COPIA_B;ALTO;"El trámite de matriculación (R18 188710, 2021-10-26, CMIRANDA) generó la matrícula ID 5022429 (400228581) desde la procedencia ""MAT 228581"" del depto 04. La fila B2 quedó con ID_MATRICULA = 228581 (número de procedencia) en vez de 5022429. En esa matrícula la MISMA persona (CD_PERSONA) ya es titular ACTIVA: la fila huérfana repite una titularidad existente. Además es la copia n.º 3 de 4 de la misma titularidad en el mismo ID (tipo B: diferencias menores: NU_CASO_ORIGEN, RECIENTE, CD_USER_STORE); se conserva como representante 228581-0.";5022429;5029066;R18 188710;5022429-0;CANDIDATO_ELIMINACION;A;2021-10-26 09:51:20;AZAPATA;;1;4 filas, tipo B, representante 228581-0
228581-3;5029066;14428470;LUCERO, LIDIA ANTONIA;228581;400228581;NU_MATRICULA real = depto + ID huérfano (R18);3-COPIA_REGRABADO;MATRICULACION_CON_NUMERO_DE_PROCEDENCIA + COPIA_B;ALTO;"El trámite de matriculación (R18 188710, 2021-10-26, CMIRANDA) generó la matrícula ID 5022429 (400228581) desde la procedencia ""MAT 228581"" del depto 04. La fila B2 quedó con ID_MATRICULA = 228581 (número de procedencia) en vez de 5022429. En esa matrícula la MISMA persona (CD_PERSONA) ya es titular ACTIVA: la fila huérfana repite una titularidad existente. Además es la copia n.º 4 de 4 de la misma titularidad en el mismo ID (tipo B: diferencias menores: NU_CASO_ORIGEN, RECIENTE, CD_USER_STORE); se conserva como representante 228581-0.";5022429;5029066;R18 188710;5022429-0;CANDIDATO_ELIMINACION;A;2021-10-26 10:07:24;CMIRANDA;;1;4 filas, tipo B, representante 228581-0
229440-0;5316914;37519353;RUGGERI, FRANCO DAVID;229440;600229440;NU_MATRICULA real = depto + ID huérfano (R18);5-ORIGINAL_CON_TITULARIDAD_EN_OTRA;MATRICULACION_CON_NUMERO_DE_PROCEDENCIA;ALTO;"El trámite de matriculación (R18 11647, 2017-07-03, LUGONZALEZ, anexado al mismo caso 00CASO006905617000) generó la matrícula ID 5021578 (600229440) desde la procedencia ""MAT 229440"" del depto 06. La fila B2 quedó con ID_MATRICULA = 229440 (número de procedencia) en vez de 5021578. En esa matrícula la MISMA persona (CD_PERSONA) ya es titular ACTIVA: la fila huérfana repite una titularidad existente.";5021578;5316914;00CASO006905617000;5021578-0;CANDIDATO_ELIMINACION;A;2018-05-22 08:19:00;LUGONZALEZ;00CASO006905617000;0;
244133-0;5441898;24702864;CHACON, VERONICA SILVANA;244133;1000244133;NU_MATRICULA real = depto + ID huérfano (R18);6-ORIGINAL_UNICO;MATRICULACION_CON_NUMERO_DE_PROCEDENCIA + GRUPO_D;MEDIO;"El trámite de matriculación (R18 149858, 2020-10-01, CALBANI) generó la matrícula ID 1662878 (1000244133) desde la procedencia ""MAT 244133"" del depto 10. La fila B2 quedó con ID_MATRICULA = 244133 (número de procedencia) en vez de 1662878. En esa matrícula la MISMA persona figura como titular HISTÓRICO (B4): la titularidad ya está registrada y cerrada, y el huérfano la sigue mostrando como activa. El grupo (3 filas) difieren por datos vacíos (DT_DESDE), con 2 usuarios y 2.9 d entre la primera y la última: no se distingue si es completar o corregir: pueden ser actos distintos (otra fecha de adquisición u otro porcentaje), así que hay que compararlo con la matrícula real antes de tocarlo.";1662878;5441898;00CASO017506320000;B4 de 1662878;REVISAR;A;2020-09-28 14:02:20;CALBANI;00CASO017506320000;0;3 filas, tipo D, representante 244133-0
244133-6;5441898;24702864;CHACON, VERONICA SILVANA;244133;1000244133;NU_MATRICULA real = depto + ID huérfano (R18);3-COPIA_REGRABADO;MATRICULACION_CON_NUMERO_DE_PROCEDENCIA + COPIA_D;MEDIO;"El trámite de matriculación (R18 149858, 2020-10-01, CALBANI) generó la matrícula ID 1662878 (1000244133) desde la procedencia ""MAT 244133"" del depto 10. La fila B2 quedó con ID_MATRICULA = 244133 (número de procedencia) en vez de 1662878. En esa matrícula la MISMA persona figura como titular HISTÓRICO (B4): la titularidad ya está registrada y cerrada, y el huérfano la sigue mostrando como activa. Además es la copia n.º 2 de 3 de la misma titularidad en el mismo ID (tipo D: difieren por datos vacíos (DT_DESDE), con 2 usuarios y 2.9 d entre la primera y la última: no se distingue si es completar o corregir); se conserva como representante 244133-0. El grupo (3 filas) difieren por datos vacíos (DT_DESDE), con 2 usuarios y 2.9 d entre la primera y la última: no se distingue si es completar o corregir: pueden ser actos distintos (otra fecha de adquisición u otro porcentaje), así que hay que compararlo con la matrícula real antes de tocarlo.";1662878;5441898;R18 149858;B4 de 1662878;REVISAR;A;2020-10-01 11:14:05;MFERNANDEZ;;1;3 filas, tipo D, representante 244133-0
244133-8;5441898;24702864;CHACON, VERONICA SILVANA;244133;1000244133;NU_MATRICULA real = depto + ID huérfano (R18);3-COPIA_REGRABADO;MATRICULACION_CON_NUMERO_DE_PROCEDENCIA + COPIA_D;MEDIO;"El trámite de matriculación (R18 149858, 2020-10-01, CALBANI) generó la matrícula ID 1662878 (1000244133) desde la procedencia ""MAT 244133"" del depto 10. La fila B2 quedó con ID_MATRICULA = 244133 (número de procedencia) en vez de 1662878. En esa matrícula la MISMA persona figura como titular HISTÓRICO (B4): la titularidad ya está registrada y cerrada, y el huérfano la sigue mostrando como activa. Además es la copia n.º 3 de 3 de la misma titularidad en el mismo ID (tipo D: difieren por datos vacíos (DT_DESDE), con 2 usuarios y 2.9 d entre la primera y la última: no se distingue si es completar o corregir); se conserva como representante 244133-0. El grupo (3 filas) difieren por datos vacíos (DT_DESDE), con 2 usuarios y 2.9 d entre la primera y la última: no se distingue si es completar o corregir: pueden ser actos distintos (otra fecha de adquisición u otro porcentaje), así que hay que compararlo con la matrícula real antes de tocarlo.";1662878;5441898;R18 149858;B4 de 1662878;REVISAR;A;2020-10-01 11:41:19;MFERNANDEZ;;1;3 filas, tipo D, representante 244133-0
244133-1;5441900;20551777;JEREZ, MYRIAM OLGA;244133;1000244133;NU_MATRICULA real = depto + ID huérfano (R18);5-ORIGINAL_CON_TITULARIDAD_EN_OTRA;MATRICULACION_CON_NUMERO_DE_PROCEDENCIA + GRUPO_D;MEDIO;"El trámite de matriculación (R18 149858, 2020-10-01, CALBANI) generó la matrícula ID 1662878 (1000244133) desde la procedencia ""MAT 244133"" del depto 10. La fila B2 quedó con ID_MATRICULA = 244133 (número de procedencia) en vez de 1662878. En esa matrícula la MISMA persona figura como titular HISTÓRICO (B4): la titularidad ya está registrada y cerrada, y el huérfano la sigue mostrando como activa. El grupo (5 filas) difieren por datos vacíos (DT_DESDE, NU_ASIEN_2), con 2 usuarios y 2.9 d entre la primera y la última: no se distingue si es completar o corregir: pueden ser actos distintos (otra fecha de adquisición u otro porcentaje), así que hay que compararlo con la matrícula real antes de tocarlo.";1662878;5441900;00CASO017506320000;B4 de 1662878;REVISAR;A;2020-09-28 14:04:21;CALBANI;00CASO017506320000;0;5 filas, tipo D, representante 244133-1
244133-3;5441900;20551777;JEREZ, MYRIAM OLGA;244133;1000244133;NU_MATRICULA real = depto + ID huérfano (R18);3-COPIA_REGRABADO;MATRICULACION_CON_NUMERO_DE_PROCEDENCIA + COPIA_D;MEDIO;"El trámite de matriculación (R18 149858, 2020-10-01, CALBANI) generó la matrícula ID 1662878 (1000244133) desde la procedencia ""MAT 244133"" del depto 10. La fila B2 quedó con ID_MATRICULA = 244133 (número de procedencia) en vez de 1662878. En esa matrícula la MISMA persona figura como titular HISTÓRICO (B4): la titularidad ya está registrada y cerrada, y el huérfano la sigue mostrando como activa. Además es la copia n.º 2 de 5 de la misma titularidad en el mismo ID (tipo D: difieren por datos vacíos (DT_DESDE, NU_ASIEN_2), con 2 usuarios y 2.9 d entre la primera y la última: no se distingue si es completar o corregir); se conserva como representante 244133-1. El grupo (5 filas) difieren por datos vacíos (DT_DESDE, NU_ASIEN_2), con 2 usuarios y 2.9 d entre la primera y la última: no se distingue si es completar o corregir: pueden ser actos distintos (otra fecha de adquisición u otro porcentaje), así que hay que compararlo con la matrícula real antes de tocarlo.";1662878;5441900;R18 149858;B4 de 1662878;REVISAR;A;2020-09-29 10:52:15;CALBANI;;1;5 filas, tipo D, representante 244133-1
244133-5;5441900;20551777;JEREZ, MYRIAM OLGA;244133;1000244133;NU_MATRICULA real = depto + ID huérfano (R18);3-COPIA_REGRABADO;MATRICULACION_CON_NUMERO_DE_PROCEDENCIA + COPIA_D;MEDIO;"El trámite de matriculación (R18 149858, 2020-10-01, CALBANI) generó la matrícula ID 1662878 (1000244133) desde la procedencia ""MAT 244133"" del depto 10. La fila B2 quedó con ID_MATRICULA = 244133 (número de procedencia) en vez de 1662878. En esa matrícula la MISMA persona figura como titular HISTÓRICO (B4): la titularidad ya está registrada y cerrada, y el huérfano la sigue mostrando como activa. Además es la copia n.º 3 de 5 de la misma titularidad en el mismo ID (tipo D: difieren por datos vacíos (DT_DESDE, NU_ASIEN_2), con 2 usuarios y 2.9 d entre la primera y la última: no se distingue si es completar o corregir); se conserva como representante 244133-1. El grupo (5 filas) difieren por datos vacíos (DT_DESDE, NU_ASIEN_2), con 2 usuarios y 2.9 d entre la primera y la última: no se distingue si es completar o corregir: pueden ser actos distintos (otra fecha de adquisición u otro porcentaje), así que hay que compararlo con la matrícula real antes de tocarlo.";1662878;5441900;R18 149858;B4 de 1662878;REVISAR;A;2020-10-01 09:27:18;CALBANI;;1;5 filas, tipo D, representante 244133-1
244133-7;5441900;20551777;JEREZ, MYRIAM OLGA;244133;1000244133;NU_MATRICULA real = depto + ID huérfano (R18);3-COPIA_REGRABADO;MATRICULACION_CON_NUMERO_DE_PROCEDENCIA + COPIA_D;MEDIO;"El trámite de matriculación (R18 149858, 2020-10-01, CALBANI) generó la matrícula ID 1662878 (1000244133) desde la procedencia ""MAT 244133"" del depto 10. La fila B2 quedó con ID_MATRICULA = 244133 (número de procedencia) en vez de 1662878. En esa matrícula la MISMA persona figura como titular HISTÓRICO (B4): la titularidad ya está registrada y cerrada, y el huérfano la sigue mostrando como activa. Además es la copia n.º 4 de 5 de la misma titularidad en el mismo ID (tipo D: difieren por datos vacíos (DT_DESDE, NU_ASIEN_2), con 2 usuarios y 2.9 d entre la primera y la última: no se distingue si es completar o corregir); se conserva como representante 244133-1. El grupo (5 filas) difieren por datos vacíos (DT_DESDE, NU_ASIEN_2), con 2 usuarios y 2.9 d entre la primera y la última: no se distingue si es completar o corregir: pueden ser actos distintos (otra fecha de adquisición u otro porcentaje), así que hay que compararlo con la matrícula real antes de tocarlo.";1662878;5441900;R18 149858;B4 de 1662878;REVISAR;A;2020-10-01 11:14:46;MFERNANDEZ;;1;5 filas, tipo D, representante 244133-1
244133-9;5441900;20551777;JEREZ, MYRIAM OLGA;244133;1000244133;NU_MATRICULA real = depto + ID huérfano (R18);3-COPIA_REGRABADO;MATRICULACION_CON_NUMERO_DE_PROCEDENCIA + COPIA_D;MEDIO;"El trámite de matriculación (R18 149858, 2020-10-01, CALBANI) generó la matrícula ID 1662878 (1000244133) desde la procedencia ""MAT 244133"" del depto 10. La fila B2 quedó con ID_MATRICULA = 244133 (número de procedencia) en vez de 1662878. En esa matrícula la MISMA persona figura como titular HISTÓRICO (B4): la titularidad ya está registrada y cerrada, y el huérfano la sigue mostrando como activa. Además es la copia n.º 5 de 5 de la misma titularidad en el mismo ID (tipo D: difieren por datos vacíos (DT_DESDE, NU_ASIEN_2), con 2 usuarios y 2.9 d entre la primera y la última: no se distingue si es completar o corregir); se conserva como representante 244133-1. El grupo (5 filas) difieren por datos vacíos (DT_DESDE, NU_ASIEN_2), con 2 usuarios y 2.9 d entre la primera y la última: no se distingue si es completar o corregir: pueden ser actos distintos (otra fecha de adquisición u otro porcentaje), así que hay que compararlo con la matrícula real antes de tocarlo.";1662878;5441900;R18 149858;B4 de 1662878;REVISAR;A;2020-10-01 11:41:49;MFERNANDEZ;;1;5 filas, tipo D, representante 244133-1
244133-2;5598621;24702864;CHACON, VERONICA SILVANA;244133;1000244133;NU_MATRICULA real = depto + ID huérfano (R18);6-ORIGINAL_UNICO;MATRICULACION_CON_NUMERO_DE_PROCEDENCIA;MEDIO;"El trámite de matriculación (R18 149858, 2020-10-01, CALBANI) generó la matrícula ID 1662878 (1000244133) desde la procedencia ""MAT 244133"" del depto 10. La fila B2 quedó con ID_MATRICULA = 244133 (número de procedencia) en vez de 1662878. En esa matrícula figura como histórico (B4) otro registro de persona con el mismo documento y nombre compatible (CHACON, VERONICA SILVANA).";1662878;;R18 149858;B4 de 1662878;REVISAR;A;2020-09-29 10:51:02;CALBANI;;1;
244133-4;5598714;24702864;CHACON, VERONICA SILVANA;244133;1000244133;NU_MATRICULA real = depto + ID huérfano (R18);6-ORIGINAL_UNICO;MATRICULACION_CON_NUMERO_DE_PROCEDENCIA;MEDIO;"El trámite de matriculación (R18 149858, 2020-10-01, CALBANI) generó la matrícula ID 1662878 (1000244133) desde la procedencia ""MAT 244133"" del depto 10. La fila B2 quedó con ID_MATRICULA = 244133 (número de procedencia) en vez de 1662878. En esa matrícula figura como histórico (B4) otro registro de persona con el mismo documento y nombre compatible (CHACON, VERONICA SILVANA).";1662878;;R18 149858;B4 de 1662878;REVISAR;A;2020-10-01 09:26:14;CALBANI;;1;
254990-0;5025872;10658273;GONZALEZ, VICENTE JOSE;254990;1500254990;NU_MATRICULA real = depto + ID huérfano (R18);6-ORIGINAL_UNICO;MATRICULACION_CON_NUMERO_DE_PROCEDENCIA + GRUPO_C;MEDIO;"El trámite de matriculación (R18 299080, 2024-07-26, MDINASSO) generó la matrícula ID 5019171 (1500254990) desde la procedencia ""MAT 254990"" del depto 15. La fila B2 quedó con ID_MATRICULA = 254990 (número de procedencia) en vez de 5019171. En esa matrícula la MISMA persona figura como titular HISTÓRICO (B4): la titularidad ya está registrada y cerrada, y el huérfano la sigue mostrando como activa. El grupo (6 filas) cambian datos relevantes: DT_DESDE: pueden ser actos distintos (otra fecha de adquisición u otro porcentaje), así que hay que compararlo con la matrícula real antes de tocarlo.";5019171;5025872;R18 299080;B4 de 5019171;REVISAR;B;2024-07-16 12:58:02;MDINASSO;;1;6 filas, tipo C, representante 254990-0
254990-2;5025872;10658273;GONZALEZ, VICENTE JOSE;254990;1500254990;NU_MATRICULA real = depto + ID huérfano (R18);3-COPIA_REGRABADO;MATRICULACION_CON_NUMERO_DE_PROCEDENCIA + COPIA_C;MEDIO;"El trámite de matriculación (R18 299080, 2024-07-26, MDINASSO) generó la matrícula ID 5019171 (1500254990) desde la procedencia ""MAT 254990"" del depto 15. La fila B2 quedó con ID_MATRICULA = 254990 (número de procedencia) en vez de 5019171. En esa matrícula la MISMA persona figura como titular HISTÓRICO (B4): la titularidad ya está registrada y cerrada, y el huérfano la sigue mostrando como activa. Además es la copia n.º 2 de 6 de la misma titularidad en el mismo ID (tipo C: cambian datos relevantes: DT_DESDE); se conserva como representante 254990-0. El grupo (6 filas) cambian datos relevantes: DT_DESDE: pueden ser actos distintos (otra fecha de adquisición u otro porcentaje), así que hay que compararlo con la matrícula real antes de tocarlo.";5019171;5025872;R18 299080;B4 de 5019171;REVISAR;B;2024-07-18 07:40:02;MDINASSO;;1;6 filas, tipo C, representante 254990-0
254990-3;5025872;10658273;GONZALEZ, VICENTE JOSE;254990;1500254990;NU_MATRICULA real = depto + ID huérfano (R18);3-COPIA_REGRABADO;MATRICULACION_CON_NUMERO_DE_PROCEDENCIA + COPIA_C;MEDIO;"El trámite de matriculación (R18 299080, 2024-07-26, MDINASSO) generó la matrícula ID 5019171 (1500254990) desde la procedencia ""MAT 254990"" del depto 15. La fila B2 quedó con ID_MATRICULA = 254990 (número de procedencia) en vez de 5019171. En esa matrícula la MISMA persona figura como titular HISTÓRICO (B4): la titularidad ya está registrada y cerrada, y el huérfano la sigue mostrando como activa. Además es la copia n.º 3 de 6 de la misma titularidad en el mismo ID (tipo C: cambian datos relevantes: DT_DESDE); se conserva como representante 254990-0. El grupo (6 filas) cambian datos relevantes: DT_DESDE: pueden ser actos distintos (otra fecha de adquisición u otro porcentaje), así que hay que compararlo con la matrícula real antes de tocarlo.";5019171;5025872;R18 299080;B4 de 5019171;REVISAR;B;2024-07-18 09:52:07;MDINASSO;;1;6 filas, tipo C, representante 254990-0
254990-4;5025872;10658273;GONZALEZ, VICENTE JOSE;254990;1500254990;NU_MATRICULA real = depto + ID huérfano (R18);3-COPIA_REGRABADO;MATRICULACION_CON_NUMERO_DE_PROCEDENCIA + COPIA_C;MEDIO;"El trámite de matriculación (R18 299080, 2024-07-26, MDINASSO) generó la matrícula ID 5019171 (1500254990) desde la procedencia ""MAT 254990"" del depto 15. La fila B2 quedó con ID_MATRICULA = 254990 (número de procedencia) en vez de 5019171. En esa matrícula la MISMA persona figura como titular HISTÓRICO (B4): la titularidad ya está registrada y cerrada, y el huérfano la sigue mostrando como activa. Además es la copia n.º 4 de 6 de la misma titularidad en el mismo ID (tipo C: cambian datos relevantes: DT_DESDE); se conserva como representante 254990-0. El grupo (6 filas) cambian datos relevantes: DT_DESDE: pueden ser actos distintos (otra fecha de adquisición u otro porcentaje), así que hay que compararlo con la matrícula real antes de tocarlo.";5019171;5025872;R18 299080;B4 de 5019171;REVISAR;B;2024-07-18 11:12:18;MDINASSO;;1;6 filas, tipo C, representante 254990-0
254990-5;5025872;10658273;GONZALEZ, VICENTE JOSE;254990;1500254990;NU_MATRICULA real = depto + ID huérfano (R18);3-COPIA_REGRABADO;MATRICULACION_CON_NUMERO_DE_PROCEDENCIA + COPIA_C;MEDIO;"El trámite de matriculación (R18 299080, 2024-07-26, MDINASSO) generó la matrícula ID 5019171 (1500254990) desde la procedencia ""MAT 254990"" del depto 15. La fila B2 quedó con ID_MATRICULA = 254990 (número de procedencia) en vez de 5019171. En esa matrícula la MISMA persona figura como titular HISTÓRICO (B4): la titularidad ya está registrada y cerrada, y el huérfano la sigue mostrando como activa. Además es la copia n.º 5 de 6 de la misma titularidad en el mismo ID (tipo C: cambian datos relevantes: DT_DESDE); se conserva como representante 254990-0. El grupo (6 filas) cambian datos relevantes: DT_DESDE: pueden ser actos distintos (otra fecha de adquisición u otro porcentaje), así que hay que compararlo con la matrícula real antes de tocarlo.";5019171;5025872;R18 299080;B4 de 5019171;REVISAR;B;2024-07-22 07:47:20;MDINASSO;;1;6 filas, tipo C, representante 254990-0
254990-8;5025872;10658273;GONZALEZ, VICENTE JOSE;254990;1500254990;NU_MATRICULA real = depto + ID huérfano (R18);3-COPIA_REGRABADO;MATRICULACION_CON_NUMERO_DE_PROCEDENCIA + COPIA_C;MEDIO;"El trámite de matriculación (R18 299080, 2024-07-26, MDINASSO) generó la matrícula ID 5019171 (1500254990) desde la procedencia ""MAT 254990"" del depto 15. La fila B2 quedó con ID_MATRICULA = 254990 (número de procedencia) en vez de 5019171. En esa matrícula la MISMA persona figura como titular HISTÓRICO (B4): la titularidad ya está registrada y cerrada, y el huérfano la sigue mostrando como activa. Además es la copia n.º 6 de 6 de la misma titularidad en el mismo ID (tipo C: cambian datos relevantes: DT_DESDE); se conserva como representante 254990-0. El grupo (6 filas) cambian datos relevantes: DT_DESDE: pueden ser actos distintos (otra fecha de adquisición u otro porcentaje), así que hay que compararlo con la matrícula real antes de tocarlo.";5019171;5025872;R18 299080;B4 de 5019171;REVISAR;B;2024-07-23 09:35:32;MDINASSO;;1;6 filas, tipo C, representante 254990-0
254990-1;5671676;10658273;GONZALEZ, VICENTE JOSE;254990;1500254990;NU_MATRICULA real = depto + ID huérfano (R18);6-ORIGINAL_UNICO;MATRICULACION_CON_NUMERO_DE_PROCEDENCIA;MEDIO;"El trámite de matriculación (R18 299080, 2024-07-26, MDINASSO) generó la matrícula ID 5019171 (1500254990) desde la procedencia ""MAT 254990"" del depto 15. La fila B2 quedó con ID_MATRICULA = 254990 (número de procedencia) en vez de 5019171. En esa matrícula figura como histórico (B4) otro registro de persona con el mismo documento y nombre compatible (GONZALEZ, VICENTE JOSE).";5019171;;R18 299080;B4 de 5019171;REVISAR;B;2024-07-16 12:58:53;MDINASSO;;1;2 filas, tipo A, representante 254990-1
254990-6;5671676;10658273;GONZALEZ, VICENTE JOSE;254990;1500254990;NU_MATRICULA real = depto + ID huérfano (R18);3-COPIA_REGRABADO;COPIA_REGRABADO_A / MATRICULACION_CON_NUMERO_DE_PROCEDENCIA;ALTO;"El trámite de matriculación (R18 299080, 2024-07-26, MDINASSO) generó la matrícula ID 5019171 (1500254990) desde la procedencia ""MAT 254990"" del depto 15. La fila B2 quedó con ID_MATRICULA = 254990 (número de procedencia) en vez de 5019171. En esa matrícula figura como histórico (B4) otro registro de persona con el mismo documento y nombre compatible (GONZALEZ, VICENTE JOSE). Además es la copia n.º 2 de 2 de la misma titularidad en el mismo ID (tipo A: idénticas salvo DT_ALTA / TM_DESDE / NU_SEQUENCE); se conserva como representante 254990-1.";5019171;;R18 299080;B4 de 5019171;CANDIDATO_ELIMINACION;B;2024-07-22 10:43:42;MDINASSO;;1;2 filas, tipo A, representante 254990-1
254990-7;5671861;10658273;GONZALEZ, JOSE VICENTE;254990;1500254990;NU_MATRICULA real = depto + ID huérfano (R18);6-ORIGINAL_UNICO;MATRICULACION_CON_NUMERO_DE_PROCEDENCIA;MEDIO;"El trámite de matriculación (R18 299080, 2024-07-26, MDINASSO) generó la matrícula ID 5019171 (1500254990) desde la procedencia ""MAT 254990"" del depto 15. La fila B2 quedó con ID_MATRICULA = 254990 (número de procedencia) en vez de 5019171. En esa matrícula figura como histórico (B4) otro registro de persona con el mismo documento y nombre compatible (GONZALEZ, VICENTE JOSE).";5019171;;R18 299080;B4 de 5019171;REVISAR;B;2024-07-22 11:57:08;MDINASSO;;1;
302327-0;5423061;13998553;MANYEGUI, JOSE EDUARDO;302327;400302327;NU_MATRICULA real = depto + ID huérfano (R18);5-ORIGINAL_CON_TITULARIDAD_EN_OTRA;MATRICULACION_CON_NUMERO_DE_PROCEDENCIA;MEDIO;"El trámite de matriculación (R18 350040, 2025-11-07, GARCE, anexado al mismo caso 00CASO034439225000) generó la matrícula ID 5066155 (400302327) desde la procedencia ""MAT 302327"" del depto 04. La fila B2 quedó con ID_MATRICULA = 302327 (número de procedencia) en vez de 5066155. En esa matrícula la MISMA persona figura como titular HISTÓRICO (B4): la titularidad ya está registrada y cerrada, y el huérfano la sigue mostrando como activa.";5066155;5423061;00CASO034439225000;B4 de 5066155;CANDIDATO_ELIMINACION;B;2025-11-07 15:42:07;GARCE;00CASO034439225000;0;
302479-0;5022481;6901990;QUIROGA, ALEJANDRO;302479;800302479;NU_MATRICULA real = depto + ID huérfano (R18);6-ORIGINAL_UNICO;MATRICULACION_CON_NUMERO_DE_PROCEDENCIA;MEDIO;"El trámite de matriculación (R18 197396, 2021-12-29, SRAMIREZ) generó la matrícula ID 5326613 (800302479) desde la procedencia ""MAT 302479"" del depto 08. La fila B2 quedó con ID_MATRICULA = 302479 (número de procedencia) en vez de 5326613. En esa matrícula la MISMA persona figura como titular HISTÓRICO (B4): la titularidad ya está registrada y cerrada, y el huérfano la sigue mostrando como activa.";5326613;5022481;R18 197396;B4 de 5326613;CANDIDATO_ELIMINACION;B;2021-12-29 08:25:06;SRAMIREZ;;1;
303812-0;5661852;3054215;BARBIERI DE VENTURA, MARIA EDDY;303812;100303812;NU_MATRICULA real = depto + ID huérfano (R18);6-ORIGINAL_UNICO;MATRICULACION_CON_NUMERO_DE_PROCEDENCIA;MEDIO;"El trámite de matriculación (R18 281002, 2023-12-07, VPAREJAS) generó la matrícula ID 5066211 (100303812) desde la procedencia ""MAT 303812"" del depto 01. La fila B2 quedó con ID_MATRICULA = 303812 (número de procedencia) en vez de 5066211. En esa matrícula la MISMA persona figura como titular HISTÓRICO (B4): la titularidad ya está registrada y cerrada, y el huérfano la sigue mostrando como activa.";5066211;5661852;R18 281002;B4 de 5066211;CANDIDATO_ELIMINACION;B;2023-12-13 11:42:41;VPAREJAS;;1;
304095-0;392650;4654549;ARROYO, ALICIA MARIA;304095;600304095;NU_MATRICULA real = depto + ID huérfano (R18);5-ORIGINAL_CON_TITULARIDAD_EN_OTRA;MATRICULACION_CON_NUMERO_DE_PROCEDENCIA;MEDIO;"El trámite de matriculación (R18 142084, 2020-07-06, DRIVEROS, anexado al mismo caso 00CASO011262320000) generó la matrícula ID 5049063 (600304095) desde la procedencia ""MAT 304095"" del depto 06. La fila B2 quedó con ID_MATRICULA = 304095 (número de procedencia) en vez de 5049063. En esa matrícula la MISMA persona figura como titular HISTÓRICO (B4): la titularidad ya está registrada y cerrada, y el huérfano la sigue mostrando como activa.";5049063;392650;00CASO011262320000;B4 de 5049063;CANDIDATO_ELIMINACION;B;2020-07-07 09:22:54;DRIVEROS;00CASO011262320000;0;
304095-1;5595250;4654549;ARROYO, ALICIA MARIA;304095;600304095;NU_MATRICULA real = depto + ID huérfano (R18);5-ORIGINAL_CON_TITULARIDAD_EN_OTRA;MATRICULACION_CON_NUMERO_DE_PROCEDENCIA;MEDIO;"El trámite de matriculación (R18 142084, 2020-07-06, DRIVEROS) generó la matrícula ID 5049063 (600304095) desde la procedencia ""MAT 304095"" del depto 06. La fila B2 quedó con ID_MATRICULA = 304095 (número de procedencia) en vez de 5049063. En esa matrícula figura como histórico (B4) otro registro de persona con el mismo documento y nombre compatible (ARROYO, ALICIA MARIA).";5049063;;R18 142084;B4 de 5049063;REVISAR;B;2020-07-08 12:14:02;FVELASCO;;1;
304277-1;5062337;23597507;FERNANDEZ, DANIEL SATURNINO;304277;500304277;NU_MATRICULA real = depto + ID huérfano (R18);5-ORIGINAL_CON_TITULARIDAD_EN_OTRA;MATRICULACION_CON_NUMERO_DE_PROCEDENCIA;MEDIO;"El trámite de matriculación (R18 86290, 2018-12-26, VPAREJAS, anexado al mismo caso 00CASO034712218000) generó la matrícula ID 5066892 (500304277) desde la procedencia ""MAT 304277"" del depto 05. La fila B2 quedó con ID_MATRICULA = 304277 (número de procedencia) en vez de 5066892. En esa matrícula la MISMA persona figura como titular HISTÓRICO (B4): la titularidad ya está registrada y cerrada, y el huérfano la sigue mostrando como activa.";5066892;5062337;00CASO034712218000;B4 de 5066892;CANDIDATO_ELIMINACION;B;2018-12-26 09:42:31;VPAREJAS;00CASO034712218000;0;2 filas, tipo B, representante 304277-1
304277-3;5062337;23597507;FERNANDEZ, DANIEL SATURNINO;304277;500304277;NU_MATRICULA real = depto + ID huérfano (R18);3-COPIA_REGRABADO;MATRICULACION_CON_NUMERO_DE_PROCEDENCIA + COPIA_B;MEDIO;"El trámite de matriculación (R18 86290, 2018-12-26, VPAREJAS) generó la matrícula ID 5066892 (500304277) desde la procedencia ""MAT 304277"" del depto 05. La fila B2 quedó con ID_MATRICULA = 304277 (número de procedencia) en vez de 5066892. En esa matrícula la MISMA persona figura como titular HISTÓRICO (B4): la titularidad ya está registrada y cerrada, y el huérfano la sigue mostrando como activa. Además es la copia n.º 2 de 2 de la misma titularidad en el mismo ID (tipo B: diferencias menores: NU_CASO_ORIGEN, RECIENTE); se conserva como representante 304277-1.";5066892;5062337;R18 86290;B4 de 5066892;CANDIDATO_ELIMINACION;B;2018-12-26 09:44:37;VPAREJAS;;1;2 filas, tipo B, representante 304277-1
304277-0;5062339;24382196;FERNANDEZ, MIGUEL ANGEL;304277;500304277;NU_MATRICULA real = depto + ID huérfano (R18);5-ORIGINAL_CON_TITULARIDAD_EN_OTRA;MATRICULACION_CON_NUMERO_DE_PROCEDENCIA;MEDIO;"El trámite de matriculación (R18 86290, 2018-12-26, VPAREJAS, anexado al mismo caso 00CASO034712218000) generó la matrícula ID 5066892 (500304277) desde la procedencia ""MAT 304277"" del depto 05. La fila B2 quedó con ID_MATRICULA = 304277 (número de procedencia) en vez de 5066892. En esa matrícula la MISMA persona figura como titular HISTÓRICO (B4): la titularidad ya está registrada y cerrada, y el huérfano la sigue mostrando como activa.";5066892;5062339;00CASO034712218000;B4 de 5066892;CANDIDATO_ELIMINACION;B;2018-12-26 09:42:07;VPAREJAS;00CASO034712218000;0;
304277-2;5568041;24282196;FERNANDEZ ESTRADA, MIGUEL ANGEL;304277;500304277;NU_MATRICULA real = depto + ID huérfano (R18);6-ORIGINAL_UNICO;MATRICULACION_CON_NUMERO_DE_PROCEDENCIA_SIN_TITULAR_EN_REAL;MEDIO;"El trámite de matriculación (R18 86290, 2018-12-26, VPAREJAS) generó la matrícula ID 5066892 (500304277) desde la procedencia ""MAT 304277"" del depto 05. La fila B2 quedó con ID_MATRICULA = 304277 (número de procedencia) en vez de 5066892. Pero la persona NO figura como titular, ni activa ni histórica, en la matrícula ID 5066892: la fila huérfana puede ser el único rastro de esa titularidad. Corresponde re-vincular tras verificar, no borrar.";5066892;;R18 86290;;CONSERVAR;B;2018-12-26 09:44:12;VPAREJAS;;1;
304277-4;5568089;24382196;FERNANDEZ ESTRADA, MIGUEL ANGEL;304277;500304277;NU_MATRICULA real = depto + ID huérfano (R18);5-ORIGINAL_CON_TITULARIDAD_EN_OTRA;MATRICULACION_CON_NUMERO_DE_PROCEDENCIA;MEDIO;"El trámite de matriculación (R18 86290, 2018-12-26, VPAREJAS) generó la matrícula ID 5066892 (500304277) desde la procedencia ""MAT 304277"" del depto 05. La fila B2 quedó con ID_MATRICULA = 304277 (número de procedencia) en vez de 5066892. En esa matrícula la MISMA persona figura como titular HISTÓRICO (B4): la titularidad ya está registrada y cerrada, y el huérfano la sigue mostrando como activa.";5066892;5568089;R18 86290;B4 de 5066892;CANDIDATO_ELIMINACION;B;2018-12-26 11:50:53;VPAREJAS;;1;
304527-0;5075318;17513403;QUIBAR, MARIA ANGEL;304527;500304527;NU_MATRICULA real = depto + ID huérfano (R18);5-ORIGINAL_CON_TITULARIDAD_EN_OTRA;MATRICULACION_CON_NUMERO_DE_PROCEDENCIA;ALTO;"El trámite de matriculación (R18 129967, 2020-01-06, ESOTELO, anexado al mismo caso 00CASO000175520000) generó la matrícula ID 5063558 (500304527) desde la procedencia ""MAT 304527"" del depto 05. La fila B2 quedó con ID_MATRICULA = 304527 (número de procedencia) en vez de 5063558. En esa matrícula la MISMA persona (CD_PERSONA) ya es titular ACTIVA: la fila huérfana repite una titularidad existente.";5063558;5075318;00CASO000175520000;5063558-0;CANDIDATO_ELIMINACION;B;2020-01-06 09:58:22;ESOTELO;00CASO000175520000;0;2 filas, tipo B, representante 304527-0
304527-2;5075318;17513403;QUIBAR, MARIA ANGEL;304527;500304527;NU_MATRICULA real = depto + ID huérfano (R18);3-COPIA_REGRABADO;MATRICULACION_CON_NUMERO_DE_PROCEDENCIA + COPIA_B;ALTO;"El trámite de matriculación (R18 129967, 2020-01-06, ESOTELO) generó la matrícula ID 5063558 (500304527) desde la procedencia ""MAT 304527"" del depto 05. La fila B2 quedó con ID_MATRICULA = 304527 (número de procedencia) en vez de 5063558. En esa matrícula la MISMA persona (CD_PERSONA) ya es titular ACTIVA: la fila huérfana repite una titularidad existente. Además es la copia n.º 2 de 2 de la misma titularidad en el mismo ID (tipo B: diferencias menores: NU_CASO_ORIGEN, RECIENTE, CD_USER_STORE); se conserva como representante 304527-0.";5063558;5075318;R18 129967;5063558-0;CANDIDATO_ELIMINACION;B;2020-01-06 12:14:30;FVELASCO;;1;2 filas, tipo B, representante 304527-0
304527-1;5588131;17513403;QUIBAR, MARIA ANGEL;304527;500304527;NU_MATRICULA real = depto + ID huérfano (R18);5-ORIGINAL_CON_TITULARIDAD_EN_OTRA;MATRICULACION_CON_NUMERO_DE_PROCEDENCIA;MEDIO;"El trámite de matriculación (R18 129967, 2020-01-06, ESOTELO) generó la matrícula ID 5063558 (500304527) desde la procedencia ""MAT 304527"" del depto 05. La fila B2 quedó con ID_MATRICULA = 304527 (número de procedencia) en vez de 5063558. En esa matrícula otro registro de persona con el mismo documento y nombre compatible (QUIBAR, MARIA ANGEL) ya es titular ACTIVO. Es probable que sea la misma titularidad, pero mismo DNI no es misma persona.";5063558;5075318;R18 129967;5063558-0;CANDIDATO_ELIMINACION;B;2020-01-06 12:12:56;FVELASCO;;1;
311752-0;5029949;1150676;MORENO GARCIA, ASENCION;311752;700311752;NU_MATRICULA real = depto + ID huérfano (R18);5-ORIGINAL_CON_TITULARIDAD_EN_OTRA;MATRICULACION_CON_NUMERO_DE_PROCEDENCIA;ALTO;"El trámite de matriculación (R18 112118, 2019-08-13, GARCE) generó la matrícula ID 5078375 (700311752) desde la procedencia ""MAT 311752"" del depto 07. La fila B2 quedó con ID_MATRICULA = 311752 (número de procedencia) en vez de 5078375. En esa matrícula la MISMA persona (CD_PERSONA) ya es titular ACTIVA: la fila huérfana repite una titularidad existente.";5078375;5029949;R18 112118;5078375-0;CANDIDATO_ELIMINACION;B;2019-08-13 12:29:31;AFUENTES;;1;
313268-0;1504735;4196376;MORALES, GLORIA DEL CARMEN;313268;500313268;NU_MATRICULA real = depto + ID huérfano (R18);6-ORIGINAL_UNICO;MATRICULACION_CON_NUMERO_DE_PROCEDENCIA;MEDIO;"El trámite de matriculación (R18 296338, 2024-06-11, FALEGRE, anexado al mismo caso 00CASO013718124000) generó la matrícula ID 5080630 (500313268) desde la procedencia ""MAT 313268"" del depto 05. La fila B2 quedó con ID_MATRICULA = 313268 (número de procedencia) en vez de 5080630. En esa matrícula la MISMA persona figura como titular HISTÓRICO (B4): la titularidad ya está registrada y cerrada, y el huérfano la sigue mostrando como activa.";5080630;1504735;00CASO013718124000;B4 de 5080630;CANDIDATO_ELIMINACION;B;2024-06-11 09:33:16;FALEGRE;00CASO013718124000;0;
314021-0;5607107;10802880;OLIVA, CARLOS ALBERTO;314021;600314021;NU_MATRICULA real = depto + ID huérfano (R18);5-ORIGINAL_CON_TITULARIDAD_EN_OTRA;MATRICULACION_CON_NUMERO_DE_PROCEDENCIA;MEDIO;"El trámite de matriculación (R18 166715, 2021-04-27, IAFUENTES) generó la matrícula ID 5081825 (600314021) desde la procedencia ""MAT 314021"" del depto 06. La fila B2 quedó con ID_MATRICULA = 314021 (número de procedencia) en vez de 5081825. En esa matrícula figura como histórico (B4) otro registro de persona con el mismo documento y nombre compatible (OLIVA, CARLOS ALBERTO).";5081825;;R18 166715;B4 de 5081825;REVISAR;B;2021-04-27 16:48:30;IAFUENTES;;1;
314544-0;1659732;16289870;CABRERA, JOSE LUIS;314544;800314544;NU_MATRICULA real = depto + ID huérfano (R18);5-ORIGINAL_CON_TITULARIDAD_EN_OTRA;MATRICULACION_CON_NUMERO_DE_PROCEDENCIA;MEDIO;"El trámite de matriculación (R18 229728, 2022-09-19, CALBANI, anexado al mismo caso 00CASO028096222000) generó la matrícula ID 5085203 (800314544) desde la procedencia ""MAT 314544"" del depto 08. La fila B2 quedó con ID_MATRICULA = 314544 (número de procedencia) en vez de 5085203. En esa matrícula la MISMA persona figura como titular HISTÓRICO (B4): la titularidad ya está registrada y cerrada, y el huérfano la sigue mostrando como activa.";5085203;1659732;00CASO028096222000;B4 de 5085203;CANDIDATO_ELIMINACION;B;2022-09-19 11:23:41;CALBANI;00CASO028096222000;0;
321913-0;513610;4985494;RAMIS, CESAR EDUARDO;321913;300321913;NU_MATRICULA real = depto + ID huérfano (R18);5-ORIGINAL_CON_TITULARIDAD_EN_OTRA;MATRICULACION_CON_NUMERO_DE_PROCEDENCIA;MEDIO;"El trámite de matriculación (R18 285765, 2024-02-05, FALEGRE, anexado al mismo caso 00CASO002459224000) generó la matrícula ID 5212310 (300321913) desde la procedencia ""MAT 321913"" del depto 03. La fila B2 quedó con ID_MATRICULA = 321913 (número de procedencia) en vez de 5212310. En esa matrícula la MISMA persona figura como titular HISTÓRICO (B4): la titularidad ya está registrada y cerrada, y el huérfano la sigue mostrando como activa.";5212310;513610;00CASO002459224000;B4 de 5212310;CANDIDATO_ELIMINACION;B;2024-02-06 08:19:09;FALEGRE;00CASO002459224000;0;
321913-1;5247837;12481105;RODRIGUEZ, ROSALINDA;321913;300321913;NU_MATRICULA real = depto + ID huérfano (R18);6-ORIGINAL_UNICO;MATRICULACION_CON_NUMERO_DE_PROCEDENCIA;MEDIO;"El trámite de matriculación (R18 285765, 2024-02-05, FALEGRE, anexado al mismo caso 00CASO002459224000) generó la matrícula ID 5212310 (300321913) desde la procedencia ""MAT 321913"" del depto 03. La fila B2 quedó con ID_MATRICULA = 321913 (número de procedencia) en vez de 5212310. En esa matrícula la MISMA persona figura como titular HISTÓRICO (B4): la titularidad ya está registrada y cerrada, y el huérfano la sigue mostrando como activa.";5212310;5247837;00CASO002459224000;B4 de 5212310;CANDIDATO_ELIMINACION;B;2024-02-06 08:19:48;FALEGRE;00CASO002459224000;0;
325978-0;1432571;16294774;VIDELA, PATRICIA DE LOURDES;325978;700325978;NU_MATRICULA real = depto + ID huérfano (R18);5-ORIGINAL_CON_TITULARIDAD_EN_OTRA;MATRICULACION_CON_NUMERO_DE_PROCEDENCIA;MEDIO;"El trámite de matriculación (R18 138031, 2020-05-22, GARCE, anexado al mismo caso 00CASO007753620000) generó la matrícula ID 5252018 (700325978) desde la procedencia ""MAT 325978"" del depto 07. La fila B2 quedó con ID_MATRICULA = 325978 (número de procedencia) en vez de 5252018. En esa matrícula la MISMA persona figura como titular HISTÓRICO (B4): la titularidad ya está registrada y cerrada, y el huérfano la sigue mostrando como activa.";5252018;1432571;00CASO007753620000;B4 de 5252018;CANDIDATO_ELIMINACION;B;2020-05-22 10:10:46;GARCE;00CASO007753620000;0;
330600-0;1583214;25686491;GENCO, MARCOS LEONARDO;330600;500330600;NU_MATRICULA real = depto + ID huérfano (R18);5-ORIGINAL_CON_TITULARIDAD_EN_OTRA;MATRICULACION_CON_NUMERO_DE_PROCEDENCIA;MEDIO;"El trámite de matriculación (R18 205160, 2022-03-15, ESOTELO, anexado al mismo caso 00CASO006092522000) generó la matrícula ID 5276341 (500330600) desde la procedencia ""MAT 330600"" del depto 05. La fila B2 quedó con ID_MATRICULA = 330600 (número de procedencia) en vez de 5276341. En esa matrícula la MISMA persona figura como titular HISTÓRICO (B4): la titularidad ya está registrada y cerrada, y el huérfano la sigue mostrando como activa.";5276341;1583214;00CASO006092522000;B4 de 5276341;CANDIDATO_ELIMINACION;B;2022-03-15 09:38:17;ESOTELO;00CASO006092522000;0;
330600-1;5082004;28410133;GENCO, GRISELDA LUISA;330600;500330600;NU_MATRICULA real = depto + ID huérfano (R18);5-ORIGINAL_CON_TITULARIDAD_EN_OTRA;MATRICULACION_CON_NUMERO_DE_PROCEDENCIA;MEDIO;"El trámite de matriculación (R18 205160, 2022-03-15, ESOTELO, anexado al mismo caso 00CASO006092522000) generó la matrícula ID 5276341 (500330600) desde la procedencia ""MAT 330600"" del depto 05. La fila B2 quedó con ID_MATRICULA = 330600 (número de procedencia) en vez de 5276341. En esa matrícula la MISMA persona figura como titular HISTÓRICO (B4): la titularidad ya está registrada y cerrada, y el huérfano la sigue mostrando como activa.";5276341;5082004;00CASO006092522000;B4 de 5276341;CANDIDATO_ELIMINACION;B;2022-03-15 09:39:09;ESOTELO;00CASO006092522000;0;
330600-2;5085870;30212719;GENCO, MARIA ELENA;330600;500330600;NU_MATRICULA real = depto + ID huérfano (R18);5-ORIGINAL_CON_TITULARIDAD_EN_OTRA;MATRICULACION_CON_NUMERO_DE_PROCEDENCIA;MEDIO;"El trámite de matriculación (R18 205160, 2022-03-15, ESOTELO, anexado al mismo caso 00CASO006092522000) generó la matrícula ID 5276341 (500330600) desde la procedencia ""MAT 330600"" del depto 05. La fila B2 quedó con ID_MATRICULA = 330600 (número de procedencia) en vez de 5276341. En esa matrícula la MISMA persona figura como titular HISTÓRICO (B4): la titularidad ya está registrada y cerrada, y el huérfano la sigue mostrando como activa.";5276341;5085870;00CASO006092522000;B4 de 5276341;CANDIDATO_ELIMINACION;B;2022-03-15 09:40:02;ESOTELO;00CASO006092522000;0;
330600-3;5625060;25686491;GENCO, MARCOS LEONARDO;330600;500330600;NU_MATRICULA real = depto + ID huérfano (R18);5-ORIGINAL_CON_TITULARIDAD_EN_OTRA;MATRICULACION_CON_NUMERO_DE_PROCEDENCIA;MEDIO;"El trámite de matriculación (R18 205160, 2022-03-15, ESOTELO) generó la matrícula ID 5276341 (500330600) desde la procedencia ""MAT 330600"" del depto 05. La fila B2 quedó con ID_MATRICULA = 330600 (número de procedencia) en vez de 5276341. En esa matrícula la MISMA persona figura como titular HISTÓRICO (B4): la titularidad ya está registrada y cerrada, y el huérfano la sigue mostrando como activa.";5276341;5625060;R18 205160;B4 de 5276341;CANDIDATO_ELIMINACION;B;2022-03-15 09:47:55;ESOTELO;;1;
334904-0;1468170;17513672;BONFIGLIO, LUIS NORBERTO;334904;600334904;NU_MATRICULA real = depto + ID huérfano (R18);5-ORIGINAL_CON_TITULARIDAD_EN_OTRA;MATRICULACION_CON_NUMERO_DE_PROCEDENCIA;MEDIO;"El trámite de matriculación (R18 165563, 2021-04-14, FALEGRE, anexado al mismo caso 00CASO007463021000) generó la matrícula ID 5321093 (600334904) desde la procedencia ""MAT 334904"" del depto 06. La fila B2 quedó con ID_MATRICULA = 334904 (número de procedencia) en vez de 5321093. En esa matrícula la MISMA persona figura como titular HISTÓRICO (B4): la titularidad ya está registrada y cerrada, y el huérfano la sigue mostrando como activa.";5321093;1468170;00CASO007463021000;B4 de 5321093;CANDIDATO_ELIMINACION;B;2021-04-14 12:54:19;FALEGRE;00CASO007463021000;0;
340797-0;5072771;;EVANS, ROBERT FREDERICK;340797;1500340797;NU_MATRICULA real = depto + ID huérfano (R18);6-ORIGINAL_UNICO;MATRICULACION_CON_NUMERO_DE_PROCEDENCIA;MEDIO;"El trámite de matriculación (R18 13513, 2017-07-19, BCENTURION, anexado al mismo caso 00CASO008104117000) generó la matrícula ID 5390680 (1500340797) desde la procedencia ""MAT 340797"" del depto 15. La fila B2 quedó con ID_MATRICULA = 340797 (número de procedencia) en vez de 5390680. En esa matrícula la MISMA persona figura como titular HISTÓRICO (B4): la titularidad ya está registrada y cerrada, y el huérfano la sigue mostrando como activa.";5390680;5072771;00CASO008104117000;B4 de 5390680;CANDIDATO_ELIMINACION;B;2024-01-11 08:24:20;BCENTURION;00CASO008104117000;0;
344543-2;5461924;25034693;LOMBARDO, FRANCISCO ANTONIO;344543;700344543;NU_MATRICULA real = depto + ID huérfano (R18);6-ORIGINAL_UNICO;MATRICULACION_CON_NUMERO_DE_PROCEDENCIA;MEDIO;"El trámite de matriculación (R18 106590, 2019-06-21, TEALVAREZ) generó la matrícula ID 5423169 (700344543) desde la procedencia ""MAT 344543"" del depto 07. La fila B2 quedó con ID_MATRICULA = 344543 (número de procedencia) en vez de 5423169. En esa matrícula la MISMA persona figura como titular HISTÓRICO (B4): la titularidad ya está registrada y cerrada, y el huérfano la sigue mostrando como activa.";5423169;5461924;R18 106590;B4 de 5423169;CANDIDATO_ELIMINACION;B;2019-06-21 09:56:05;TEALVAREZ;;1;
344543-0;5534611;25034693;LOMBARDO, FRANCISCO ANTONIO;344543;700344543;NU_MATRICULA real = depto + ID huérfano (R18);6-ORIGINAL_UNICO;MATRICULACION_CON_NUMERO_DE_PROCEDENCIA;MEDIO;"El trámite de matriculación (R18 106590, 2019-06-21, TEALVAREZ, anexado al mismo caso 00CASO016116619000) generó la matrícula ID 5423169 (700344543) desde la procedencia ""MAT 344543"" del depto 07. La fila B2 quedó con ID_MATRICULA = 344543 (número de procedencia) en vez de 5423169. En esa matrícula la MISMA persona figura como titular HISTÓRICO (B4): la titularidad ya está registrada y cerrada, y el huérfano la sigue mostrando como activa.";5423169;5534611;00CASO016116619000;B4 de 5423169;CANDIDATO_ELIMINACION;B;2019-06-21 09:52:41;TEALVAREZ;00CASO016116619000;0;2 filas, tipo B, representante 344543-0
344543-1;5534611;25034693;LOMBARDO, FRANCISCO ANTONIO;344543;700344543;NU_MATRICULA real = depto + ID huérfano (R18);3-COPIA_REGRABADO;MATRICULACION_CON_NUMERO_DE_PROCEDENCIA + COPIA_B;MEDIO;"El trámite de matriculación (R18 106590, 2019-06-21, TEALVAREZ) generó la matrícula ID 5423169 (700344543) desde la procedencia ""MAT 344543"" del depto 07. La fila B2 quedó con ID_MATRICULA = 344543 (número de procedencia) en vez de 5423169. En esa matrícula la MISMA persona figura como titular HISTÓRICO (B4): la titularidad ya está registrada y cerrada, y el huérfano la sigue mostrando como activa. Además es la copia n.º 2 de 2 de la misma titularidad en el mismo ID (tipo B: diferencias menores: NU_CASO_ORIGEN, RECIENTE); se conserva como representante 344543-0.";5423169;5534611;R18 106590;B4 de 5423169;CANDIDATO_ELIMINACION;B;2019-06-21 09:55:08;TEALVAREZ;;1;2 filas, tipo B, representante 344543-0
344577-0;1470840;13210734;CARRASCO DE MUÑOZ, ANA MARIA;344577;600344577;NU_MATRICULA real = depto + ID huérfano (R18);5-ORIGINAL_CON_TITULARIDAD_EN_OTRA;MATRICULACION_CON_NUMERO_DE_PROCEDENCIA;MEDIO;"El trámite de matriculación (R18 124121, 2019-11-12, VCACERES, anexado al mismo caso 00CASO030681619000) generó la matrícula ID 5424791 (600344577) desde la procedencia ""MAT 344577"" del depto 06. La fila B2 quedó con ID_MATRICULA = 344577 (número de procedencia) en vez de 5424791. En esa matrícula la MISMA persona figura como titular HISTÓRICO (B4): la titularidad ya está registrada y cerrada, y el huérfano la sigue mostrando como activa.";5424791;1470840;00CASO030681619000;B4 de 5424791;CANDIDATO_ELIMINACION;B;2019-11-13 08:33:09;VCACERES;00CASO030681619000;0;
344577-1;5585981;13210734;CARRASCO, ANA MARIA;344577;600344577;NU_MATRICULA real = depto + ID huérfano (R18);5-ORIGINAL_CON_TITULARIDAD_EN_OTRA;MATRICULACION_CON_NUMERO_DE_PROCEDENCIA;MEDIO;"El trámite de matriculación (R18 124121, 2019-11-12, VCACERES) generó la matrícula ID 5424791 (600344577) desde la procedencia ""MAT 344577"" del depto 06. La fila B2 quedó con ID_MATRICULA = 344577 (número de procedencia) en vez de 5424791. En esa matrícula figura como histórico (B4) otro registro de persona con el mismo documento y nombre compatible (CARRASCO DE MUÑOZ, ANA MARIA).";5424791;;R18 124121;B4 de 5424791;REVISAR;B;2019-11-13 08:35:01;VCACERES;;1;
344577-2;5585982;13084737;MUÑOZ, LUIS FELIPE;344577;600344577;NU_MATRICULA real = depto + ID huérfano (R18);5-ORIGINAL_CON_TITULARIDAD_EN_OTRA;MATRICULACION_CON_NUMERO_DE_PROCEDENCIA;MEDIO;"El trámite de matriculación (R18 124121, 2019-11-12, VCACERES) generó la matrícula ID 5424791 (600344577) desde la procedencia ""MAT 344577"" del depto 06. La fila B2 quedó con ID_MATRICULA = 344577 (número de procedencia) en vez de 5424791. En esa matrícula figura como histórico (B4) otro registro de persona con el mismo documento y nombre compatible (MUÑOZ, LUIS FELIPE).";5424791;;R18 124121;B4 de 5424791;REVISAR;B;2019-11-13 08:35:51;VCACERES;;1;
348536-0;1522527;6901697;BALDINI, LUIS LORENZO;348536;600348536;NU_MATRICULA real = depto + ID huérfano (R18);5-ORIGINAL_CON_TITULARIDAD_EN_OTRA;MATRICULACION_CON_NUMERO_DE_PROCEDENCIA;MEDIO;"El trámite de matriculación (R18 68140, 2018-08-23, GCMIRANDA) generó la matrícula ID 5461329 (600348536) desde la procedencia ""MAT 348536"" del depto 06. La fila B2 quedó con ID_MATRICULA = 348536 (número de procedencia) en vez de 5461329. En esa matrícula la MISMA persona figura como titular HISTÓRICO (B4): la titularidad ya está registrada y cerrada, y el huérfano la sigue mostrando como activa.";5461329;1522527;R18 68140;B4 de 5461329;CANDIDATO_ELIMINACION;B;2018-08-23 13:54:54;GCMIRANDA;;1;
351113-0;1472589;11925229;CALDERONE, JOSE PEDRO RAMON;351113;700351113;NU_MATRICULA real = depto + ID huérfano (R18);5-ORIGINAL_CON_TITULARIDAD_EN_OTRA;MATRICULACION_CON_NUMERO_DE_PROCEDENCIA;MEDIO;"El trámite de matriculación (R18 317324, 2025-02-04, MDINASSO, anexado al mismo caso 00CASO002216825000) generó la matrícula ID 5483354 (700351113) desde la procedencia ""MAT 351113"" del depto 07. La fila B2 quedó con ID_MATRICULA = 351113 (número de procedencia) en vez de 5483354. En esa matrícula la MISMA persona figura como titular HISTÓRICO (B4): la titularidad ya está registrada y cerrada, y el huérfano la sigue mostrando como activa.";5483354;1472589;00CASO002216825000;B4 de 5483354;CANDIDATO_ELIMINACION;B;2025-02-04 11:08:12;MDINASSO;00CASO002216825000;0;2 filas, tipo B, representante 351113-0
351113-1;1472589;11925229;CALDERONE, JOSE PEDRO RAMON;351113;700351113;NU_MATRICULA real = depto + ID huérfano (R18);3-COPIA_REGRABADO;MATRICULACION_CON_NUMERO_DE_PROCEDENCIA + COPIA_B;MEDIO;"El trámite de matriculación (R18 317324, 2025-02-04, MDINASSO) generó la matrícula ID 5483354 (700351113) desde la procedencia ""MAT 351113"" del depto 07. La fila B2 quedó con ID_MATRICULA = 351113 (número de procedencia) en vez de 5483354. En esa matrícula la MISMA persona figura como titular HISTÓRICO (B4): la titularidad ya está registrada y cerrada, y el huérfano la sigue mostrando como activa. Además es la copia n.º 2 de 2 de la misma titularidad en el mismo ID (tipo B: diferencias menores: NU_CASO_ORIGEN, RECIENTE); se conserva como representante 351113-0.";5483354;1472589;R18 317324;B4 de 5483354;CANDIDATO_ELIMINACION;B;2025-02-05 10:24:10;MDINASSO;;1;2 filas, tipo B, representante 351113-0
352392-0;1559559;18448073;DIAZ, HUGO DANIEL;352392;600352392;NU_MATRICULA real = depto + ID huérfano (R18);5-ORIGINAL_CON_TITULARIDAD_EN_OTRA;MATRICULACION_CON_NUMERO_DE_PROCEDENCIA;ALTO;"El trámite de matriculación (R18 37220, 2017-12-29, ACHIARELLO) generó la matrícula ID 5499209 (600352392) desde la procedencia ""MAT 352392"" del depto 06. La fila B2 quedó con ID_MATRICULA = 352392 (número de procedencia) en vez de 5499209. En esa matrícula la MISMA persona (CD_PERSONA) ya es titular ACTIVA: la fila huérfana repite una titularidad existente.";5499209;1559559;00CASO024137817000;5499209-0;CANDIDATO_ELIMINACION;B;2017-12-29 09:46:16;ACHIARELLO;00CASO024137817000;0;2 filas, tipo B, representante 352392-0
352392-1;1559559;18448073;DIAZ, HUGO DANIEL;352392;600352392;NU_MATRICULA real = depto + ID huérfano (R18);3-COPIA_REGRABADO;MATRICULACION_CON_NUMERO_DE_PROCEDENCIA + COPIA_B;ALTO;"El trámite de matriculación (R18 37220, 2017-12-29, ACHIARELLO) generó la matrícula ID 5499209 (600352392) desde la procedencia ""MAT 352392"" del depto 06. La fila B2 quedó con ID_MATRICULA = 352392 (número de procedencia) en vez de 5499209. En esa matrícula la MISMA persona (CD_PERSONA) ya es titular ACTIVA: la fila huérfana repite una titularidad existente. Además es la copia n.º 2 de 2 de la misma titularidad en el mismo ID (tipo B: diferencias menores: NU_CASO_ORIGEN, RECIENTE); se conserva como representante 352392-0.";5499209;1559559;R18 37220;5499209-0;CANDIDATO_ELIMINACION;B;2017-12-29 09:47:33;ACHIARELLO;;1;2 filas, tipo B, representante 352392-0
354198-0;5564673;93095287;RIVERA GALLARDO, EDUARDO;354198;700354198;NU_MATRICULA real = depto + ID huérfano (R18);5-ORIGINAL_CON_TITULARIDAD_EN_OTRA;MATRICULACION_CON_NUMERO_DE_PROCEDENCIA;MEDIO;"El trámite de matriculación (R18 78817, 2018-10-24, GGARCE) generó la matrícula ID 5491450 (700354198) desde la procedencia ""MAT 354198"" del depto 07. La fila B2 quedó con ID_MATRICULA = 354198 (número de procedencia) en vez de 5491450. En esa matrícula la MISMA persona figura como titular HISTÓRICO (B4): la titularidad ya está registrada y cerrada, y el huérfano la sigue mostrando como activa.";5491450;5564673;R18 78817;B4 de 5491450;CANDIDATO_ELIMINACION;B;2018-10-24 15:13:03;GGARCE;;1;
354198-1;5564676;93095287;RIVERA GALLARDO, EDUARDO;354198;700354198;NU_MATRICULA real = depto + ID huérfano (R18);5-ORIGINAL_CON_TITULARIDAD_EN_OTRA;MATRICULACION_CON_NUMERO_DE_PROCEDENCIA;MEDIO;"El trámite de matriculación (R18 78817, 2018-10-24, GGARCE) generó la matrícula ID 5491450 (700354198) desde la procedencia ""MAT 354198"" del depto 07. La fila B2 quedó con ID_MATRICULA = 354198 (número de procedencia) en vez de 5491450. En esa matrícula figura como histórico (B4) otro registro de persona con el mismo documento y nombre compatible (RIVERA GALLARDO, EDUARDO).";5491450;;R18 78817;B4 de 5491450;REVISAR;B;2018-10-24 15:14:47;GGARCE;;1;
356903-2;1435124;16256545;VALDIVIA, SERGIO OSVALDO;356903;500356903;NU_MATRICULA real = depto + ID huérfano (R18);5-ORIGINAL_CON_TITULARIDAD_EN_OTRA;MATRICULACION_CON_NUMERO_DE_PROCEDENCIA;MEDIO;"El trámite de matriculación (R18 241278, 2022-12-15, LUGONZALEZ) generó la matrícula ID 5532411 (500356903) desde la procedencia ""MAT 356903"" del depto 05. La fila B2 quedó con ID_MATRICULA = 356903 (número de procedencia) en vez de 5532411. En esa matrícula la MISMA persona figura como titular HISTÓRICO (B4): la titularidad ya está registrada y cerrada, y el huérfano la sigue mostrando como activa.";5532411;1435124;R18 241278;B4 de 5532411;CANDIDATO_ELIMINACION;B;2022-12-15 13:21:05;LUGONZALEZ;;1;
356903-0;1504257;17119753;VALDIVIA, OMAR ESTEBAN;356903;500356903;NU_MATRICULA real = depto + ID huérfano (R18);5-ORIGINAL_CON_TITULARIDAD_EN_OTRA;MATRICULACION_CON_NUMERO_DE_PROCEDENCIA;MEDIO;"El trámite de matriculación (R18 241278, 2022-12-15, LUGONZALEZ, anexado al mismo caso 00CASO038281922000) generó la matrícula ID 5532411 (500356903) desde la procedencia ""MAT 356903"" del depto 05. La fila B2 quedó con ID_MATRICULA = 356903 (número de procedencia) en vez de 5532411. En esa matrícula la MISMA persona figura como titular HISTÓRICO (B4): la titularidad ya está registrada y cerrada, y el huérfano la sigue mostrando como activa.";5532411;1504257;00CASO038281922000;B4 de 5532411;CANDIDATO_ELIMINACION;B;2022-12-15 12:25:08;LUGONZALEZ;00CASO038281922000;0;2 filas, tipo B, representante 356903-0
356903-4;1504257;17119753;VALDIVIA, OMAR ESTEBAN;356903;500356903;NU_MATRICULA real = depto + ID huérfano (R18);3-COPIA_REGRABADO;MATRICULACION_CON_NUMERO_DE_PROCEDENCIA + COPIA_B;MEDIO;"El trámite de matriculación (R18 241278, 2022-12-15, LUGONZALEZ) generó la matrícula ID 5532411 (500356903) desde la procedencia ""MAT 356903"" del depto 05. La fila B2 quedó con ID_MATRICULA = 356903 (número de procedencia) en vez de 5532411. En esa matrícula la MISMA persona figura como titular HISTÓRICO (B4): la titularidad ya está registrada y cerrada, y el huérfano la sigue mostrando como activa. Además es la copia n.º 2 de 2 de la misma titularidad en el mismo ID (tipo B: diferencias menores: NU_CASO_ORIGEN, RECIENTE); se conserva como representante 356903-0.";5532411;1504257;R18 241278;B4 de 5532411;CANDIDATO_ELIMINACION;B;2022-12-15 13:22:50;LUGONZALEZ;;1;2 filas, tipo B, representante 356903-0
356903-1;1504258;23589645;VALDIVIA, HORACIO ANDRES;356903;500356903;NU_MATRICULA real = depto + ID huérfano (R18);5-ORIGINAL_CON_TITULARIDAD_EN_OTRA;MATRICULACION_CON_NUMERO_DE_PROCEDENCIA;MEDIO;"El trámite de matriculación (R18 241278, 2022-12-15, LUGONZALEZ, anexado al mismo caso 00CASO038281922000) generó la matrícula ID 5532411 (500356903) desde la procedencia ""MAT 356903"" del depto 05. La fila B2 quedó con ID_MATRICULA = 356903 (número de procedencia) en vez de 5532411. En esa matrícula la MISMA persona figura como titular HISTÓRICO (B4): la titularidad ya está registrada y cerrada, y el huérfano la sigue mostrando como activa.";5532411;1504258;00CASO038281922000;B4 de 5532411;CANDIDATO_ELIMINACION;B;2022-12-15 12:25:28;LUGONZALEZ;00CASO038281922000;0;2 filas, tipo B, representante 356903-1
356903-3;1504258;23589645;VALDIVIA, HORACIO ANDRES;356903;500356903;NU_MATRICULA real = depto + ID huérfano (R18);3-COPIA_REGRABADO;MATRICULACION_CON_NUMERO_DE_PROCEDENCIA + COPIA_B;MEDIO;"El trámite de matriculación (R18 241278, 2022-12-15, LUGONZALEZ) generó la matrícula ID 5532411 (500356903) desde la procedencia ""MAT 356903"" del depto 05. La fila B2 quedó con ID_MATRICULA = 356903 (número de procedencia) en vez de 5532411. En esa matrícula la MISMA persona figura como titular HISTÓRICO (B4): la titularidad ya está registrada y cerrada, y el huérfano la sigue mostrando como activa. Además es la copia n.º 2 de 2 de la misma titularidad en el mismo ID (tipo B: diferencias menores: NU_CASO_ORIGEN, RECIENTE); se conserva como representante 356903-1.";5532411;1504258;R18 241278;B4 de 5532411;CANDIDATO_ELIMINACION;B;2022-12-15 13:21:39;LUGONZALEZ;;1;2 filas, tipo B, representante 356903-1
356903-5;5643031;16256545;VALDIVIA, SERGIO OSVALDO;356903;500356903;NU_MATRICULA real = depto + ID huérfano (R18);5-ORIGINAL_CON_TITULARIDAD_EN_OTRA;MATRICULACION_CON_NUMERO_DE_PROCEDENCIA;MEDIO;"El trámite de matriculación (R18 241278, 2022-12-15, LUGONZALEZ) generó la matrícula ID 5532411 (500356903) desde la procedencia ""MAT 356903"" del depto 05. La fila B2 quedó con ID_MATRICULA = 356903 (número de procedencia) en vez de 5532411. En esa matrícula figura como histórico (B4) otro registro de persona con el mismo documento y nombre compatible (VALDIVIA, SERGIO OSVALDO).";5532411;;R18 241278;B4 de 5532411;REVISAR;B;2022-12-15 13:30:17;AEGUAJARDO;;1;2 filas, tipo A, representante 356903-5
356903-8;5643031;16256545;VALDIVIA, SERGIO OSVALDO;356903;500356903;NU_MATRICULA real = depto + ID huérfano (R18);3-COPIA_REGRABADO;COPIA_REGRABADO_A / MATRICULACION_CON_NUMERO_DE_PROCEDENCIA;ALTO;"El trámite de matriculación (R18 241278, 2022-12-15, LUGONZALEZ) generó la matrícula ID 5532411 (500356903) desde la procedencia ""MAT 356903"" del depto 05. La fila B2 quedó con ID_MATRICULA = 356903 (número de procedencia) en vez de 5532411. En esa matrícula figura como histórico (B4) otro registro de persona con el mismo documento y nombre compatible (VALDIVIA, SERGIO OSVALDO). Además es la copia n.º 2 de 2 de la misma titularidad en el mismo ID (tipo A: idénticas salvo DT_ALTA / TM_DESDE / NU_SEQUENCE); se conserva como representante 356903-5.";5532411;;R18 241278;B4 de 5532411;CANDIDATO_ELIMINACION;B;2022-12-16 07:51:27;AEGUAJARDO;;1;2 filas, tipo A, representante 356903-5
356903-6;5643032;23589645;VALDIVIA, HORACIO ANDRES;356903;500356903;NU_MATRICULA real = depto + ID huérfano (R18);5-ORIGINAL_CON_TITULARIDAD_EN_OTRA;MATRICULACION_CON_NUMERO_DE_PROCEDENCIA;MEDIO;"El trámite de matriculación (R18 241278, 2022-12-15, LUGONZALEZ) generó la matrícula ID 5532411 (500356903) desde la procedencia ""MAT 356903"" del depto 05. La fila B2 quedó con ID_MATRICULA = 356903 (número de procedencia) en vez de 5532411. En esa matrícula figura como histórico (B4) otro registro de persona con el mismo documento y nombre compatible (VALDIVIA, HORACIO ANDRES).";5532411;;R18 241278;B4 de 5532411;REVISAR;B;2022-12-15 13:31:20;AEGUAJARDO;;1;2 filas, tipo A, representante 356903-6
356903-9;5643032;23589645;VALDIVIA, HORACIO ANDRES;356903;500356903;NU_MATRICULA real = depto + ID huérfano (R18);3-COPIA_REGRABADO;COPIA_REGRABADO_A / MATRICULACION_CON_NUMERO_DE_PROCEDENCIA;ALTO;"El trámite de matriculación (R18 241278, 2022-12-15, LUGONZALEZ) generó la matrícula ID 5532411 (500356903) desde la procedencia ""MAT 356903"" del depto 05. La fila B2 quedó con ID_MATRICULA = 356903 (número de procedencia) en vez de 5532411. En esa matrícula figura como histórico (B4) otro registro de persona con el mismo documento y nombre compatible (VALDIVIA, HORACIO ANDRES). Además es la copia n.º 2 de 2 de la misma titularidad en el mismo ID (tipo A: idénticas salvo DT_ALTA / TM_DESDE / NU_SEQUENCE); se conserva como representante 356903-6.";5532411;;R18 241278;B4 de 5532411;CANDIDATO_ELIMINACION;B;2022-12-16 07:52:12;AEGUAJARDO;;1;2 filas, tipo A, representante 356903-6
356903-7;5643034;17119753;VALDIVIA, OMAR ESTEBAN;356903;500356903;NU_MATRICULA real = depto + ID huérfano (R18);5-ORIGINAL_CON_TITULARIDAD_EN_OTRA;MATRICULACION_CON_NUMERO_DE_PROCEDENCIA;MEDIO;"El trámite de matriculación (R18 241278, 2022-12-15, LUGONZALEZ) generó la matrícula ID 5532411 (500356903) desde la procedencia ""MAT 356903"" del depto 05. La fila B2 quedó con ID_MATRICULA = 356903 (número de procedencia) en vez de 5532411. En esa matrícula figura como histórico (B4) otro registro de persona con el mismo documento y nombre compatible (VALDIVIA, OMAR ESTEBAN).";5532411;;R18 241278;B4 de 5532411;REVISAR;B;2022-12-15 13:32:16;AEGUAJARDO;;1;2 filas, tipo A, representante 356903-7
356903-10;5643034;17119753;VALDIVIA, OMAR ESTEBAN;356903;500356903;NU_MATRICULA real = depto + ID huérfano (R18);3-COPIA_REGRABADO;COPIA_REGRABADO_A / MATRICULACION_CON_NUMERO_DE_PROCEDENCIA;ALTO;"El trámite de matriculación (R18 241278, 2022-12-15, LUGONZALEZ) generó la matrícula ID 5532411 (500356903) desde la procedencia ""MAT 356903"" del depto 05. La fila B2 quedó con ID_MATRICULA = 356903 (número de procedencia) en vez de 5532411. En esa matrícula figura como histórico (B4) otro registro de persona con el mismo documento y nombre compatible (VALDIVIA, OMAR ESTEBAN). Además es la copia n.º 2 de 2 de la misma titularidad en el mismo ID (tipo A: idénticas salvo DT_ALTA / TM_DESDE / NU_SEQUENCE); se conserva como representante 356903-7.";5532411;;R18 241278;B4 de 5532411;CANDIDATO_ELIMINACION;B;2022-12-16 07:53:04;AEGUAJARDO;;1;2 filas, tipo A, representante 356903-7
359568-0;5304417;28156979;COLLI, MARCOS MAURO;359568;600359568;NU_MATRICULA real = depto + ID huérfano (R18);5-ORIGINAL_CON_TITULARIDAD_EN_OTRA;MATRICULACION_CON_NUMERO_DE_PROCEDENCIA;MEDIO;"El trámite de matriculación (R18 78809, 2018-10-24, TEROCA) generó la matrícula ID 5549779 (600359568) desde la procedencia ""MAT 359568"" del depto 06. La fila B2 quedó con ID_MATRICULA = 359568 (número de procedencia) en vez de 5549779. En esa matrícula la MISMA persona figura como titular HISTÓRICO (B4): la titularidad ya está registrada y cerrada, y el huérfano la sigue mostrando como activa.";5549779;5304417;R18 78809;B4 de 5549779;CANDIDATO_ELIMINACION;B;2018-10-24 15:23:46;TEROCA;;1;
359994-1;5001912;20972477;MORABITO, DARDO GUSTAVO;359994;600359994;NU_MATRICULA real = depto + ID huérfano (R18);5-ORIGINAL_CON_TITULARIDAD_EN_OTRA;MATRICULACION_CON_NUMERO_DE_PROCEDENCIA;MEDIO;"El trámite de matriculación (R18 164931, 2021-04-07, DFARINA, anexado al mismo caso 00CASO006765921000) generó la matrícula ID 5538855 (600359994) desde la procedencia ""MAT 359994"" del depto 06. La fila B2 quedó con ID_MATRICULA = 359994 (número de procedencia) en vez de 5538855. En esa matrícula la MISMA persona figura como titular HISTÓRICO (B4): la titularidad ya está registrada y cerrada, y el huérfano la sigue mostrando como activa.";5538855;5001912;00CASO006765921000;B4 de 5538855;CANDIDATO_ELIMINACION;B;2021-04-07 11:06:24;DFARINA;00CASO006765921000;0;
359994-0;5001914;21379027;LA HOZ, LAURA NORMA;359994;600359994;NU_MATRICULA real = depto + ID huérfano (R18);5-ORIGINAL_CON_TITULARIDAD_EN_OTRA;MATRICULACION_CON_NUMERO_DE_PROCEDENCIA;MEDIO;"El trámite de matriculación (R18 164931, 2021-04-07, DFARINA, anexado al mismo caso 00CASO006765921000) generó la matrícula ID 5538855 (600359994) desde la procedencia ""MAT 359994"" del depto 06. La fila B2 quedó con ID_MATRICULA = 359994 (número de procedencia) en vez de 5538855. En esa matrícula la MISMA persona figura como titular HISTÓRICO (B4): la titularidad ya está registrada y cerrada, y el huérfano la sigue mostrando como activa.";5538855;5001914;00CASO006765921000;B4 de 5538855;CANDIDATO_ELIMINACION;B;2021-04-07 11:05:48;DFARINA;00CASO006765921000;0;
360688-1;1496174;11964717;ACOSTA, CARLOS MIGUEL;360688;100360688;NU_MATRICULA real = depto + ID huérfano (R18);5-ORIGINAL_CON_TITULARIDAD_EN_OTRA;MATRICULACION_CON_NUMERO_DE_PROCEDENCIA;MEDIO;"El trámite de matriculación (R18 95745, 2019-03-19, VCACERES, anexado al mismo caso 00CASO006411119000) generó la matrícula ID 5568747 (100360688) desde la procedencia ""MAT 360688"" del depto 01. La fila B2 quedó con ID_MATRICULA = 360688 (número de procedencia) en vez de 5568747. En esa matrícula la MISMA persona figura como titular HISTÓRICO (B4): la titularidad ya está registrada y cerrada, y el huérfano la sigue mostrando como activa.";5568747;1496174;00CASO006411119000;B4 de 5568747;CANDIDATO_ELIMINACION;B;2019-03-20 09:41:37;VCACERES;00CASO006411119000;0;2 filas, tipo A, representante 360688-1
360688-2;1496174;11964717;ACOSTA, CARLOS MIGUEL;360688;100360688;NU_MATRICULA real = depto + ID huérfano (R18);3-COPIA_REGRABADO;MATRICULACION_CON_NUMERO_DE_PROCEDENCIA + COPIA_A;MEDIO;"El trámite de matriculación (R18 95745, 2019-03-19, VCACERES, anexado al mismo caso 00CASO006411119000) generó la matrícula ID 5568747 (100360688) desde la procedencia ""MAT 360688"" del depto 01. La fila B2 quedó con ID_MATRICULA = 360688 (número de procedencia) en vez de 5568747. En esa matrícula la MISMA persona figura como titular HISTÓRICO (B4): la titularidad ya está registrada y cerrada, y el huérfano la sigue mostrando como activa. Además es la copia n.º 2 de 2 de la misma titularidad en el mismo ID (tipo A: idénticas salvo DT_ALTA / TM_DESDE / NU_SEQUENCE); se conserva como representante 360688-1.";5568747;1496174;00CASO006411119000;B4 de 5568747;CANDIDATO_ELIMINACION;B;2019-03-20 09:55:40;VCACERES;00CASO006411119000;0;2 filas, tipo A, representante 360688-1
360688-0;5087286;16553745;ACOSTA, ALICIA BEATRIZ;360688;100360688;NU_MATRICULA real = depto + ID huérfano (R18);5-ORIGINAL_CON_TITULARIDAD_EN_OTRA;MATRICULACION_CON_NUMERO_DE_PROCEDENCIA;MEDIO;"El trámite de matriculación (R18 95745, 2019-03-19, VCACERES, anexado al mismo caso 00CASO006411119000) generó la matrícula ID 5568747 (100360688) desde la procedencia ""MAT 360688"" del depto 01. La fila B2 quedó con ID_MATRICULA = 360688 (número de procedencia) en vez de 5568747. En esa matrícula la MISMA persona figura como titular HISTÓRICO (B4): la titularidad ya está registrada y cerrada, y el huérfano la sigue mostrando como activa.";5568747;5087286;00CASO006411119000;B4 de 5568747;CANDIDATO_ELIMINACION;B;2019-03-20 09:40:41;VCACERES;00CASO006411119000;0;
360688-3;5385622;29681612;ACOSTA, MARIA GABRIELA;360688;100360688;NU_MATRICULA real = depto + ID huérfano (R18);5-ORIGINAL_CON_TITULARIDAD_EN_OTRA;MATRICULACION_CON_NUMERO_DE_PROCEDENCIA;MEDIO;"El trámite de matriculación (R18 95745, 2019-03-19, VCACERES, anexado al mismo caso 00CASO006411119000) generó la matrícula ID 5568747 (100360688) desde la procedencia ""MAT 360688"" del depto 01. La fila B2 quedó con ID_MATRICULA = 360688 (número de procedencia) en vez de 5568747. En esa matrícula la MISMA persona figura como titular HISTÓRICO (B4): la titularidad ya está registrada y cerrada, y el huérfano la sigue mostrando como activa.";5568747;5385622;00CASO006411119000;B4 de 5568747;CANDIDATO_ELIMINACION;B;2019-03-20 09:57:40;VCACERES;00CASO006411119000;0;
361474-0;5604875;6932111;LOPEZ, PEDRO AVELINO;361474;1600361474;NU_MATRICULA real = depto + ID huérfano (R18);5-ORIGINAL_CON_TITULARIDAD_EN_OTRA;MATRICULACION_CON_NUMERO_DE_PROCEDENCIA;ALTO;"El trámite de matriculación (R18 162500, 2021-03-08, FALEGRE) generó la matrícula ID 5810991 (1600361474) desde la procedencia ""MAT 361474"" del depto 16. La fila B2 quedó con ID_MATRICULA = 361474 (número de procedencia) en vez de 5810991. En esa matrícula la MISMA persona (CD_PERSONA) ya es titular ACTIVA: la fila huérfana repite una titularidad existente.";5810991;5604875;R18 162500;5810991-0;CANDIDATO_ELIMINACION;B;2021-03-10 12:28:03;FALEGRE;;1;
361474-1;5604907;6932111;LOPEZ, PEDRO AVELINO;361474;1600361474;NU_MATRICULA real = depto + ID huérfano (R18);5-ORIGINAL_CON_TITULARIDAD_EN_OTRA;MATRICULACION_CON_NUMERO_DE_PROCEDENCIA;MEDIO;"El trámite de matriculación (R18 162500, 2021-03-08, FALEGRE) generó la matrícula ID 5810991 (1600361474) desde la procedencia ""MAT 361474"" del depto 16. La fila B2 quedó con ID_MATRICULA = 361474 (número de procedencia) en vez de 5810991. En esa matrícula otro registro de persona con el mismo documento y nombre compatible (LOPEZ, PEDRO AVELINO) ya es titular ACTIVO. Es probable que sea la misma titularidad, pero mismo DNI no es misma persona.";5810991;5604875;R18 162500;5810991-0;CANDIDATO_ELIMINACION;B;2021-03-11 08:28:45;FALEGRE;;1;
363150-0;540327;5586461;MOLINA, HECTOR ENRIQUE;363150;400363150;NU_MATRICULA real = depto + ID huérfano (R18);6-ORIGINAL_UNICO;MATRICULACION_CON_NUMERO_DE_PROCEDENCIA;MEDIO;"El trámite de matriculación (R18 312922, 2024-12-03, OESPEJO, anexado al mismo caso 00CASO033309724000) generó la matrícula ID 5583521 (400363150) desde la procedencia ""MAT 363150"" del depto 04. La fila B2 quedó con ID_MATRICULA = 363150 (número de procedencia) en vez de 5583521. En esa matrícula la MISMA persona figura como titular HISTÓRICO (B4): la titularidad ya está registrada y cerrada, y el huérfano la sigue mostrando como activa.";5583521;540327;00CASO033309724000;B4 de 5583521;CANDIDATO_ELIMINACION;B;2024-12-03 10:31:15;OESPEJO;00CASO033309724000;0;
363150-1;5680607;5586461;MOLINA, HECTOR ENRIQUE;363150;400363150;NU_MATRICULA real = depto + ID huérfano (R18);6-ORIGINAL_UNICO;MATRICULACION_CON_NUMERO_DE_PROCEDENCIA;MEDIO;"El trámite de matriculación (R18 312922, 2024-12-03, OESPEJO) generó la matrícula ID 5583521 (400363150) desde la procedencia ""MAT 363150"" del depto 04. La fila B2 quedó con ID_MATRICULA = 363150 (número de procedencia) en vez de 5583521. En esa matrícula la MISMA persona figura como titular HISTÓRICO (B4): la titularidad ya está registrada y cerrada, y el huérfano la sigue mostrando como activa.";5583521;5680607;R18 312922;B4 de 5583521;CANDIDATO_ELIMINACION;B;2024-12-03 10:36:21;OESPEJO;;1;2 filas, tipo A, representante 363150-1
363150-2;5680607;5586461;MOLINA, HECTOR ENRIQUE;363150;400363150;NU_MATRICULA real = depto + ID huérfano (R18);3-COPIA_REGRABADO;MATRICULACION_CON_NUMERO_DE_PROCEDENCIA + COPIA_A;MEDIO;"El trámite de matriculación (R18 312922, 2024-12-03, OESPEJO) generó la matrícula ID 5583521 (400363150) desde la procedencia ""MAT 363150"" del depto 04. La fila B2 quedó con ID_MATRICULA = 363150 (número de procedencia) en vez de 5583521. En esa matrícula la MISMA persona figura como titular HISTÓRICO (B4): la titularidad ya está registrada y cerrada, y el huérfano la sigue mostrando como activa. Además es la copia n.º 2 de 2 de la misma titularidad en el mismo ID (tipo A: idénticas salvo DT_ALTA / TM_DESDE / NU_SEQUENCE); se conserva como representante 363150-1.";5583521;5680607;R18 312922;B4 de 5583521;CANDIDATO_ELIMINACION;B;2024-12-03 10:37:58;OESPEJO;;1;2 filas, tipo A, representante 363150-1
363150-3;5680668;5586461;MOLINA, HECTOR ENRIQUE;363150;400363150;NU_MATRICULA real = depto + ID huérfano (R18);6-ORIGINAL_UNICO;MATRICULACION_CON_NUMERO_DE_PROCEDENCIA;MEDIO;"El trámite de matriculación (R18 312922, 2024-12-03, OESPEJO) generó la matrícula ID 5583521 (400363150) desde la procedencia ""MAT 363150"" del depto 04. La fila B2 quedó con ID_MATRICULA = 363150 (número de procedencia) en vez de 5583521. En esa matrícula figura como histórico (B4) otro registro de persona con el mismo documento y nombre compatible (MOLINA, HECTOR ENRIQUE).";5583521;;R18 312922;B4 de 5583521;REVISAR;B;2024-12-03 14:52:03;AZAPATA;;1;
363456-0;1596346;13709446;CENTENO, WALTER MANUEL;363456;700363456;NU_MATRICULA real = depto + ID huérfano (R18);5-ORIGINAL_CON_TITULARIDAD_EN_OTRA;MATRICULACION_CON_NUMERO_DE_PROCEDENCIA;MEDIO;"El trámite de matriculación (R18 157185, 2020-12-22, CMIRANDA, anexado al mismo caso 00CASO024737920000) generó la matrícula ID 5584150 (700363456) desde la procedencia ""MAT 363456"" del depto 07. La fila B2 quedó con ID_MATRICULA = 363456 (número de procedencia) en vez de 5584150. En esa matrícula la MISMA persona figura como titular HISTÓRICO (B4): la titularidad ya está registrada y cerrada, y el huérfano la sigue mostrando como activa.";5584150;1596346;00CASO024737920000;B4 de 5584150;CANDIDATO_ELIMINACION;B;2020-12-22 15:27:14;CMIRANDA;00CASO024737920000;0;
363631-0;5380979;33570633;BLAZQUEZ, MATIAS DANIEL;363631;500363631;NU_MATRICULA real = depto + ID huérfano (R18);5-ORIGINAL_CON_TITULARIDAD_EN_OTRA;MATRICULACION_CON_NUMERO_DE_PROCEDENCIA + GRUPO_C;MEDIO;"El trámite de matriculación (R18 318191, 2025-02-13, GJFIORENS, anexado al mismo caso 00CASO003211525000) generó la matrícula ID 5581941 (500363631) desde la procedencia ""MAT 363631"" del depto 05. La fila B2 quedó con ID_MATRICULA = 363631 (número de procedencia) en vez de 5581941. En esa matrícula la MISMA persona figura como titular HISTÓRICO (B4): la titularidad ya está registrada y cerrada, y el huérfano la sigue mostrando como activa. El grupo (2 filas) cambian datos relevantes: DT_DESDE, DS_PORCENTAJE, NU_ASIEN_2: pueden ser actos distintos (otra fecha de adquisición u otro porcentaje), así que hay que compararlo con la matrícula real antes de tocarlo.";5581941;5380979;00CASO003211525000;B4 de 5581941;REVISAR;B;2025-02-13 14:04:02;GJFIORENS;00CASO003211525000;0;2 filas, tipo C, representante 363631-0
363631-3;5380979;33570633;BLAZQUEZ, MATIAS DANIEL;363631;500363631;NU_MATRICULA real = depto + ID huérfano (R18);3-COPIA_REGRABADO;MATRICULACION_CON_NUMERO_DE_PROCEDENCIA + COPIA_C;MEDIO;"El trámite de matriculación (R18 318191, 2025-02-13, GJFIORENS, anexado al mismo caso 00CASO003211525000) generó la matrícula ID 5581941 (500363631) desde la procedencia ""MAT 363631"" del depto 05. La fila B2 quedó con ID_MATRICULA = 363631 (número de procedencia) en vez de 5581941. En esa matrícula la MISMA persona figura como titular HISTÓRICO (B4): la titularidad ya está registrada y cerrada, y el huérfano la sigue mostrando como activa. Además es la copia n.º 2 de 2 de la misma titularidad en el mismo ID (tipo C: cambian datos relevantes: DT_DESDE, DS_PORCENTAJE, NU_ASIEN_2); se conserva como representante 363631-0. El grupo (2 filas) cambian datos relevantes: DT_DESDE, DS_PORCENTAJE, NU_ASIEN_2: pueden ser actos distintos (otra fecha de adquisición u otro porcentaje), así que hay que compararlo con la matrícula real antes de tocarlo.";5581941;5380979;00CASO003211525000;B4 de 5581941;REVISAR;B;2025-02-13 14:05:36;GJFIORENS;00CASO003211525000;0;2 filas, tipo C, representante 363631-0
363631-2;5380980;35530880;BLAZQUEZ, FEDERICO MARTIN;363631;500363631;NU_MATRICULA real = depto + ID huérfano (R18);5-ORIGINAL_CON_TITULARIDAD_EN_OTRA;MATRICULACION_CON_NUMERO_DE_PROCEDENCIA + GRUPO_C;MEDIO;"El trámite de matriculación (R18 318191, 2025-02-13, GJFIORENS, anexado al mismo caso 00CASO003211525000) generó la matrícula ID 5581941 (500363631) desde la procedencia ""MAT 363631"" del depto 05. La fila B2 quedó con ID_MATRICULA = 363631 (número de procedencia) en vez de 5581941. En esa matrícula la MISMA persona figura como titular HISTÓRICO (B4): la titularidad ya está registrada y cerrada, y el huérfano la sigue mostrando como activa. El grupo (2 filas) cambian datos relevantes: DT_DESDE, DS_PORCENTAJE, NU_ASIEN_2: pueden ser actos distintos (otra fecha de adquisición u otro porcentaje), así que hay que compararlo con la matrícula real antes de tocarlo.";5581941;5380980;00CASO003211525000;B4 de 5581941;REVISAR;B;2025-02-13 14:05:05;GJFIORENS;00CASO003211525000;0;2 filas, tipo C, representante 363631-2
363631-4;5380980;35530880;BLAZQUEZ, FEDERICO MARTIN;363631;500363631;NU_MATRICULA real = depto + ID huérfano (R18);3-COPIA_REGRABADO;MATRICULACION_CON_NUMERO_DE_PROCEDENCIA + COPIA_C;MEDIO;"El trámite de matriculación (R18 318191, 2025-02-13, GJFIORENS, anexado al mismo caso 00CASO003211525000) generó la matrícula ID 5581941 (500363631) desde la procedencia ""MAT 363631"" del depto 05. La fila B2 quedó con ID_MATRICULA = 363631 (número de procedencia) en vez de 5581941. En esa matrícula la MISMA persona figura como titular HISTÓRICO (B4): la titularidad ya está registrada y cerrada, y el huérfano la sigue mostrando como activa. Además es la copia n.º 2 de 2 de la misma titularidad en el mismo ID (tipo C: cambian datos relevantes: DT_DESDE, DS_PORCENTAJE, NU_ASIEN_2); se conserva como representante 363631-2. El grupo (2 filas) cambian datos relevantes: DT_DESDE, DS_PORCENTAJE, NU_ASIEN_2: pueden ser actos distintos (otra fecha de adquisición u otro porcentaje), así que hay que compararlo con la matrícula real antes de tocarlo.";5581941;5380980;00CASO003211525000;B4 de 5581941;REVISAR;B;2025-02-13 14:06:16;GJFIORENS;00CASO003211525000;0;2 filas, tipo C, representante 363631-2
363631-1;5380981;39021519;BLAZQUEZ, GUILLERMO ANDRES;363631;500363631;NU_MATRICULA real = depto + ID huérfano (R18);5-ORIGINAL_CON_TITULARIDAD_EN_OTRA;MATRICULACION_CON_NUMERO_DE_PROCEDENCIA + GRUPO_C;MEDIO;"El trámite de matriculación (R18 318191, 2025-02-13, GJFIORENS, anexado al mismo caso 00CASO003211525000) generó la matrícula ID 5581941 (500363631) desde la procedencia ""MAT 363631"" del depto 05. La fila B2 quedó con ID_MATRICULA = 363631 (número de procedencia) en vez de 5581941. En esa matrícula la MISMA persona figura como titular HISTÓRICO (B4): la titularidad ya está registrada y cerrada, y el huérfano la sigue mostrando como activa. El grupo (2 filas) cambian datos relevantes: DT_DESDE, DS_PORCENTAJE, NU_ASIEN_2: pueden ser actos distintos (otra fecha de adquisición u otro porcentaje), así que hay que compararlo con la matrícula real antes de tocarlo.";5581941;5380981;00CASO003211525000;B4 de 5581941;REVISAR;B;2025-02-13 14:04:45;GJFIORENS;00CASO003211525000;0;2 filas, tipo C, representante 363631-1
363631-5;5380981;39021519;BLAZQUEZ, GUILLERMO ANDRES;363631;500363631;NU_MATRICULA real = depto + ID huérfano (R18);3-COPIA_REGRABADO;MATRICULACION_CON_NUMERO_DE_PROCEDENCIA + COPIA_C;MEDIO;"El trámite de matriculación (R18 318191, 2025-02-13, GJFIORENS, anexado al mismo caso 00CASO003211525000) generó la matrícula ID 5581941 (500363631) desde la procedencia ""MAT 363631"" del depto 05. La fila B2 quedó con ID_MATRICULA = 363631 (número de procedencia) en vez de 5581941. En esa matrícula la MISMA persona figura como titular HISTÓRICO (B4): la titularidad ya está registrada y cerrada, y el huérfano la sigue mostrando como activa. Además es la copia n.º 2 de 2 de la misma titularidad en el mismo ID (tipo C: cambian datos relevantes: DT_DESDE, DS_PORCENTAJE, NU_ASIEN_2); se conserva como representante 363631-1. El grupo (2 filas) cambian datos relevantes: DT_DESDE, DS_PORCENTAJE, NU_ASIEN_2: pueden ser actos distintos (otra fecha de adquisición u otro porcentaje), así que hay que compararlo con la matrícula real antes de tocarlo.";5581941;5380981;00CASO003211525000;B4 de 5581941;REVISAR;B;2025-02-13 14:06:40;GJFIORENS;00CASO003211525000;0;2 filas, tipo C, representante 363631-1
364638-0;535911;4134201;QUINTEROS, MARIA ELENA;364638;700364638;NU_MATRICULA real = depto + ID huérfano (R18);6-ORIGINAL_UNICO;MATRICULACION_CON_NUMERO_DE_PROCEDENCIA;MEDIO;"El trámite de matriculación (R18 153824, 2020-11-19, CMIRANDA, anexado al mismo caso 00CASO021910320000) generó la matrícula ID 5328481 (700364638) desde la procedencia ""MAT 364638"" del depto 07. La fila B2 quedó con ID_MATRICULA = 364638 (número de procedencia) en vez de 5328481. En esa matrícula la MISMA persona figura como titular HISTÓRICO (B4): la titularidad ya está registrada y cerrada, y el huérfano la sigue mostrando como activa.";5328481;535911;00CASO021910320000;B4 de 5328481;CANDIDATO_ELIMINACION;B;2020-11-19 12:05:09;CMIRANDA;00CASO021910320000;0;
366978-0;5661937;14524643;CEPPARO, MARIA LUISA;366978;500366978;NU_MATRICULA real = depto + ID huérfano (R18);5-ORIGINAL_CON_TITULARIDAD_EN_OTRA;MATRICULACION_CON_NUMERO_DE_PROCEDENCIA;MEDIO;"El trámite de matriculación (R18 280948, 2023-12-06, DELOPEZ) generó la matrícula ID 5603567 (500366978) desde la procedencia ""MAT 366978"" del depto 05. La fila B2 quedó con ID_MATRICULA = 366978 (número de procedencia) en vez de 5603567. En esa matrícula figura como histórico (B4) otro registro de persona con el mismo documento y nombre compatible (CEPPARO, MARIA LIDIA).";5603567;;R18 280948;B4 de 5603567;REVISAR;B;2023-12-11 14:30:46;GACHIARELL;;1;2 filas, tipo A, representante 366978-0
366978-1;5661937;14524643;CEPPARO, MARIA LUISA;366978;500366978;NU_MATRICULA real = depto + ID huérfano (R18);3-COPIA_REGRABADO;COPIA_REGRABADO_A / MATRICULACION_CON_NUMERO_DE_PROCEDENCIA;ALTO;"El trámite de matriculación (R18 280948, 2023-12-06, DELOPEZ) generó la matrícula ID 5603567 (500366978) desde la procedencia ""MAT 366978"" del depto 05. La fila B2 quedó con ID_MATRICULA = 366978 (número de procedencia) en vez de 5603567. En esa matrícula figura como histórico (B4) otro registro de persona con el mismo documento y nombre compatible (CEPPARO, MARIA LIDIA). Además es la copia n.º 2 de 2 de la misma titularidad en el mismo ID (tipo A: idénticas salvo DT_ALTA / TM_DESDE / NU_SEQUENCE); se conserva como representante 366978-0.";5603567;;R18 280948;B4 de 5603567;CANDIDATO_ELIMINACION;B;2023-12-11 14:31:28;GACHIARELL;;1;2 filas, tipo A, representante 366978-0
368036-0;1508371;22142553;PERONI, GRACIELA LUCILA;368036;400368036;NU_MATRICULA real = depto + ID huérfano (R18);5-ORIGINAL_CON_TITULARIDAD_EN_OTRA;MATRICULACION_CON_NUMERO_DE_PROCEDENCIA;MEDIO;"El trámite de matriculación (R18 295666, 2024-06-03, GARCE) generó la matrícula ID 5803338 (400368036) desde la procedencia ""MAT 368036"" del depto 04. La fila B2 quedó con ID_MATRICULA = 368036 (número de procedencia) en vez de 5803338. En esa matrícula figura como histórico (B4) otro registro de persona con el mismo documento y nombre compatible (PERONI, GRACIELA LUCILA).";5803338;;R18 295666;B4 de 5803338;REVISAR;B;2024-06-03 13:03:24;GARCE;;1;
368036-1;5670509;23267743;PERONI, GUILLERMO MAXIMILIANO;368036;400368036;NU_MATRICULA real = depto + ID huérfano (R18);5-ORIGINAL_CON_TITULARIDAD_EN_OTRA;MATRICULACION_CON_NUMERO_DE_PROCEDENCIA;MEDIO;"El trámite de matriculación (R18 295666, 2024-06-03, GARCE) generó la matrícula ID 5803338 (400368036) desde la procedencia ""MAT 368036"" del depto 04. La fila B2 quedó con ID_MATRICULA = 368036 (número de procedencia) en vez de 5803338. En esa matrícula la MISMA persona figura como titular HISTÓRICO (B4): la titularidad ya está registrada y cerrada, y el huérfano la sigue mostrando como activa.";5803338;5670509;R18 295666;B4 de 5803338;CANDIDATO_ELIMINACION;B;2024-06-03 13:04:51;GARCE;;1;
371049-0;5644871;24382168;VIDOLIN, FRANCISCO PABLO;371049;400371049;NU_MATRICULA real = depto + ID huérfano (R18);5-ORIGINAL_CON_TITULARIDAD_EN_OTRA;MATRICULACION_CON_NUMERO_DE_PROCEDENCIA;MEDIO;"El trámite de matriculación (R18 245214, 2023-02-13, RGUILLOT) generó la matrícula ID 5644393 (400371049) desde la procedencia ""MAT 371049"" del depto 04. La fila B2 quedó con ID_MATRICULA = 371049 (número de procedencia) en vez de 5644393. En esa matrícula figura como histórico (B4) otro registro de persona con el mismo documento y nombre compatible (VIDOLIN, FRANCISCO PABLO).";5644393;;R18 245214;B4 de 5644393;REVISAR;B;2023-02-13 10:50:38;RGUILLOT;;1;2 filas, tipo A, representante 371049-0
371049-1;5644871;24382168;VIDOLIN, FRANCISCO PABLO;371049;400371049;NU_MATRICULA real = depto + ID huérfano (R18);3-COPIA_REGRABADO;COPIA_REGRABADO_A / MATRICULACION_CON_NUMERO_DE_PROCEDENCIA;ALTO;"El trámite de matriculación (R18 245214, 2023-02-13, RGUILLOT) generó la matrícula ID 5644393 (400371049) desde la procedencia ""MAT 371049"" del depto 04. La fila B2 quedó con ID_MATRICULA = 371049 (número de procedencia) en vez de 5644393. En esa matrícula figura como histórico (B4) otro registro de persona con el mismo documento y nombre compatible (VIDOLIN, FRANCISCO PABLO). Además es la copia n.º 2 de 2 de la misma titularidad en el mismo ID (tipo A: idénticas salvo DT_ALTA / TM_DESDE / NU_SEQUENCE); se conserva como representante 371049-0.";5644393;;R18 245214;B4 de 5644393;CANDIDATO_ELIMINACION;B;2023-02-13 10:52:41;RGUILLOT;;1;2 filas, tipo A, representante 371049-0
372075-0;1554159;14441532;PALMEIRO, CARMEN ALICIA;372075;300372075;NU_MATRICULA real = depto + ID huérfano (R18);5-ORIGINAL_CON_TITULARIDAD_EN_OTRA;MATRICULACION_CON_NUMERO_DE_PROCEDENCIA;ALTO;"El trámite de matriculación (R18 78819, 2018-10-24, GVCACERES) generó la matrícula ID 5641510 (300372075) desde la procedencia ""MAT 372075"" del depto 03. La fila B2 quedó con ID_MATRICULA = 372075 (número de procedencia) en vez de 5641510. En esa matrícula la MISMA persona (CD_PERSONA) ya es titular ACTIVA: la fila huérfana repite una titularidad existente.";5641510;1554159;R18 78819;5641510-0;CANDIDATO_ELIMINACION;B;2018-10-24 14:54:36;GVCACERES;;1;
374040-1;5401894;31815013;ALASTRA, NATALIA ELIZABETH;374040;600374040;NU_MATRICULA real = depto + ID huérfano (R18);6-ORIGINAL_UNICO;MATRICULACION_CON_NUMERO_DE_PROCEDENCIA;MEDIO;"El trámite de matriculación (R18 68143, 2018-08-23, GCMIRANDA) generó la matrícula ID 5657220 (600374040) desde la procedencia ""MAT 374040"" del depto 06. La fila B2 quedó con ID_MATRICULA = 374040 (número de procedencia) en vez de 5657220. En esa matrícula la MISMA persona figura como titular HISTÓRICO (B4): la titularidad ya está registrada y cerrada, y el huérfano la sigue mostrando como activa.";5657220;5401894;R18 68143;B4 de 5657220;CANDIDATO_ELIMINACION;B;2018-08-23 14:13:02;GCMIRANDA;;1;
374040-0;5560729;28932415;ATENCIO, JORGE ALEJANDRO;374040;600374040;NU_MATRICULA real = depto + ID huérfano (R18);6-ORIGINAL_UNICO;MATRICULACION_CON_NUMERO_DE_PROCEDENCIA;MEDIO;"El trámite de matriculación (R18 68143, 2018-08-23, GCMIRANDA) generó la matrícula ID 5657220 (600374040) desde la procedencia ""MAT 374040"" del depto 06. La fila B2 quedó con ID_MATRICULA = 374040 (número de procedencia) en vez de 5657220. En esa matrícula figura como histórico (B4) otro registro de persona con el mismo documento y nombre compatible (ATENCIO MONTIVERO, JORGE ALEJANDRO).";5657220;;R18 68143;B4 de 5657220;REVISAR;B;2018-08-23 14:12:09;GCMIRANDA;;1;
374040-2;5560738;28932415;ATENCIO, JORGE ALEJANDRO;374040;600374040;NU_MATRICULA real = depto + ID huérfano (R18);6-ORIGINAL_UNICO;MATRICULACION_CON_NUMERO_DE_PROCEDENCIA;MEDIO;"El trámite de matriculación (R18 68143, 2018-08-23, GCMIRANDA) generó la matrícula ID 5657220 (600374040) desde la procedencia ""MAT 374040"" del depto 06. La fila B2 quedó con ID_MATRICULA = 374040 (número de procedencia) en vez de 5657220. En esa matrícula la MISMA persona figura como titular HISTÓRICO (B4): la titularidad ya está registrada y cerrada, y el huérfano la sigue mostrando como activa.";5657220;5560738;R18 68143;B4 de 5657220;CANDIDATO_ELIMINACION;B;2018-08-23 15:05:27;OVILLALON;;1;
381016-0;5406545;34675634;SCOPEL, VANESA CAROLINA;381016;600381016;NU_MATRICULA real = depto + ID huérfano (R18);5-ORIGINAL_CON_TITULARIDAD_EN_OTRA;MATRICULACION_CON_NUMERO_DE_PROCEDENCIA;ALTO;"El trámite de matriculación (R18 186611, 2021-10-14, FALEGRE, anexado al mismo caso 00CASO025425021000) generó la matrícula ID 5678029 (600381016) desde la procedencia ""MAT 381016"" del depto 06. La fila B2 quedó con ID_MATRICULA = 381016 (número de procedencia) en vez de 5678029. En esa matrícula la MISMA persona (CD_PERSONA) ya es titular ACTIVA: la fila huérfana repite una titularidad existente.";5678029;5406545;00CASO025425021000;5678029-0;CANDIDATO_ELIMINACION;B;2021-10-14 11:03:59;FALEGRE;00CASO025425021000;0;2 filas, tipo B, representante 381016-0
381016-1;5406545;34675634;SCOPEL, VANESA CAROLINA;381016;600381016;NU_MATRICULA real = depto + ID huérfano (R18);3-COPIA_REGRABADO;MATRICULACION_CON_NUMERO_DE_PROCEDENCIA + COPIA_B;ALTO;"El trámite de matriculación (R18 186611, 2021-10-14, FALEGRE) generó la matrícula ID 5678029 (600381016) desde la procedencia ""MAT 381016"" del depto 06. La fila B2 quedó con ID_MATRICULA = 381016 (número de procedencia) en vez de 5678029. En esa matrícula la MISMA persona (CD_PERSONA) ya es titular ACTIVA: la fila huérfana repite una titularidad existente. Además es la copia n.º 2 de 2 de la misma titularidad en el mismo ID (tipo B: diferencias menores: NU_CASO_ORIGEN, RECIENTE); se conserva como representante 381016-0.";5678029;5406545;R18 186611;5678029-0;CANDIDATO_ELIMINACION;B;2021-10-14 12:23:42;FALEGRE;;1;2 filas, tipo B, representante 381016-0
381745-0;1506749;4413996;VARALTA, MARGARITA ELISA;381745;500381745;NU_MATRICULA real = depto + ID huérfano (R18);6-ORIGINAL_UNICO;MATRICULACION_CON_NUMERO_DE_PROCEDENCIA;MEDIO;"El trámite de matriculación (R18 240324, 2022-12-05, VPAREJAS, anexado al mismo caso 00CASO037340322000) generó la matrícula ID 5714180 (500381745) desde la procedencia ""MAT 381745"" del depto 05. La fila B2 quedó con ID_MATRICULA = 381745 (número de procedencia) en vez de 5714180. En esa matrícula la MISMA persona figura como titular HISTÓRICO (B4): la titularidad ya está registrada y cerrada, y el huérfano la sigue mostrando como activa.";5714180;1506749;00CASO037340322000;B4 de 5714180;CANDIDATO_ELIMINACION;B;2022-12-05 09:53:09;VPAREJAS;00CASO037340322000;0;
381745-1;5642593;4413996;VARALTA, MARGARITA ELISA;381745;500381745;NU_MATRICULA real = depto + ID huérfano (R18);6-ORIGINAL_UNICO;MATRICULACION_CON_NUMERO_DE_PROCEDENCIA;MEDIO;"El trámite de matriculación (R18 240324, 2022-12-05, VPAREJAS) generó la matrícula ID 5714180 (500381745) desde la procedencia ""MAT 381745"" del depto 05. La fila B2 quedó con ID_MATRICULA = 381745 (número de procedencia) en vez de 5714180. En esa matrícula figura como histórico (B4) otro registro de persona con el mismo documento y nombre compatible (VARALTA, MARGARITA ELISA).";5714180;;R18 240324;B4 de 5714180;REVISAR;B;2022-12-05 09:56:30;VPAREJAS;;1;
384754-1;1474687;13591309;BALIANI, ELSA SILVIA;384754;900384754;NU_MATRICULA real = depto + ID huérfano (R18);2-BORRADOR_DE_TRAMITE;MATRICULACION_CON_NUMERO_DE_PROCEDENCIA;ALTO;"El trámite de matriculación (R18 155938, 2020-12-14, CALBANI, anexado al mismo caso 00CASO023818520000) generó la matrícula ID 5726486 (900384754) desde la procedencia ""MAT 384754"" del depto 09. La fila B2 quedó con ID_MATRICULA = 384754 (número de procedencia) en vez de 5726486. En esa matrícula la MISMA persona (CD_PERSONA) ya es titular ACTIVA: la fila huérfana repite una titularidad existente.";5726486;1474687;00CASO023818520000;5726486-2;CANDIDATO_ELIMINACION;B;2020-12-17 11:11:05;CALBANI;00CASO023818520000;0;
384754-3;1501135;13842780;PALLERES, MONICA GRACIELA;384754;900384754;NU_MATRICULA real = depto + ID huérfano (R18);2-BORRADOR_DE_TRAMITE;MATRICULACION_CON_NUMERO_DE_PROCEDENCIA;ALTO;"El trámite de matriculación (R18 155938, 2020-12-14, CALBANI, anexado al mismo caso 00CASO023818520000) generó la matrícula ID 5726486 (900384754) desde la procedencia ""MAT 384754"" del depto 09. La fila B2 quedó con ID_MATRICULA = 384754 (número de procedencia) en vez de 5726486. En esa matrícula la MISMA persona (CD_PERSONA) ya es titular ACTIVA: la fila huérfana repite una titularidad existente.";5726486;1501135;00CASO023818520000;5726486-4;CANDIDATO_ELIMINACION;B;2020-12-17 11:13:38;CALBANI;00CASO023818520000;0;
384754-2;1525946;5938806;ROLDAN, ELSA GLADYS;384754;900384754;NU_MATRICULA real = depto + ID huérfano (R18);2-BORRADOR_DE_TRAMITE;MATRICULACION_CON_NUMERO_DE_PROCEDENCIA;ALTO;"El trámite de matriculación (R18 155938, 2020-12-14, CALBANI, anexado al mismo caso 00CASO023818520000) generó la matrícula ID 5726486 (900384754) desde la procedencia ""MAT 384754"" del depto 09. La fila B2 quedó con ID_MATRICULA = 384754 (número de procedencia) en vez de 5726486. En esa matrícula la MISMA persona (CD_PERSONA) ya es titular ACTIVA: la fila huérfana repite una titularidad existente.";5726486;1525946;00CASO023818520000;5726486-3;CANDIDATO_ELIMINACION;B;2020-12-17 11:12:26;CALBANI;00CASO023818520000;0;
384754-0;1593490;12304632;VIGNONI, HECTOR SERGIO;384754;900384754;NU_MATRICULA real = depto + ID huérfano (R18);2-BORRADOR_DE_TRAMITE;MATRICULACION_CON_NUMERO_DE_PROCEDENCIA;ALTO;"El trámite de matriculación (R18 155938, 2020-12-14, CALBANI, anexado al mismo caso 00CASO023818520000) generó la matrícula ID 5726486 (900384754) desde la procedencia ""MAT 384754"" del depto 09. La fila B2 quedó con ID_MATRICULA = 384754 (número de procedencia) en vez de 5726486. En esa matrícula la MISMA persona (CD_PERSONA) ya es titular ACTIVA: la fila huérfana repite una titularidad existente.";5726486;1593490;00CASO023818520000;5726486-1;CANDIDATO_ELIMINACION;B;2020-12-17 11:09:25;CALBANI;00CASO023818520000;0;
384754-5;1612145;16697553;MAINERI, MARIO EDUARDO;384754;900384754;NU_MATRICULA real = depto + ID huérfano (R18);2-BORRADOR_DE_TRAMITE;MATRICULACION_CON_NUMERO_DE_PROCEDENCIA;ALTO;"El trámite de matriculación (R18 155938, 2020-12-14, CALBANI, anexado al mismo caso 00CASO023818520000) generó la matrícula ID 5726486 (900384754) desde la procedencia ""MAT 384754"" del depto 09. La fila B2 quedó con ID_MATRICULA = 384754 (número de procedencia) en vez de 5726486. En esa matrícula la MISMA persona (CD_PERSONA) ya es titular ACTIVA: la fila huérfana repite una titularidad existente.";5726486;1612145;00CASO023818520000;5726486-6;CANDIDATO_ELIMINACION;B;2020-12-17 11:15:49;CALBANI;00CASO023818520000;0;
384754-4;5044127;6894515;FERNANDEZ, SERVANDO DOMINGO;384754;900384754;NU_MATRICULA real = depto + ID huérfano (R18);2-BORRADOR_DE_TRAMITE;MATRICULACION_CON_NUMERO_DE_PROCEDENCIA;ALTO;"El trámite de matriculación (R18 155938, 2020-12-14, CALBANI, anexado al mismo caso 00CASO023818520000) generó la matrícula ID 5726486 (900384754) desde la procedencia ""MAT 384754"" del depto 09. La fila B2 quedó con ID_MATRICULA = 384754 (número de procedencia) en vez de 5726486. En esa matrícula la MISMA persona (CD_PERSONA) ya es titular ACTIVA: la fila huérfana repite una titularidad existente.";5726486;5044127;00CASO023818520000;5726486-5;CANDIDATO_ELIMINACION;B;2020-12-17 11:14:33;CALBANI;00CASO023818520000;0;
384754-6;5422636;20445233;GONZALEZ, LAURA ELIZABETH;384754;900384754;NU_MATRICULA real = depto + ID huérfano (R18);2-BORRADOR_DE_TRAMITE;MATRICULACION_CON_NUMERO_DE_PROCEDENCIA;ALTO;"El trámite de matriculación (R18 155938, 2020-12-14, CALBANI, anexado al mismo caso 00CASO023818520000) generó la matrícula ID 5726486 (900384754) desde la procedencia ""MAT 384754"" del depto 09. La fila B2 quedó con ID_MATRICULA = 384754 (número de procedencia) en vez de 5726486. En esa matrícula la MISMA persona (CD_PERSONA) ya es titular ACTIVA: la fila huérfana repite una titularidad existente.";5726486;5422636;00CASO023818520000;5726486-7;CANDIDATO_ELIMINACION;B;2020-12-17 11:17:17;CALBANI;00CASO023818520000;0;
384754-7;5601927;23059349;RINAUDO, CELINA EMA;384754;900384754;NU_MATRICULA real = depto + ID huérfano (R18);5-ORIGINAL_CON_TITULARIDAD_EN_OTRA;MATRICULACION_CON_NUMERO_DE_PROCEDENCIA;MEDIO;"El trámite de matriculación (R18 155938, 2020-12-14, CALBANI) generó la matrícula ID 5726486 (900384754) desde la procedencia ""MAT 384754"" del depto 09. La fila B2 quedó con ID_MATRICULA = 384754 (número de procedencia) en vez de 5726486. En esa matrícula otro registro de persona con el mismo documento y nombre compatible (RINAUDO, CELINA EMA) ya es titular ACTIVO. Es probable que sea la misma titularidad, pero mismo DNI no es misma persona.";5726486;5422638;R18 155938;5726486-9;CANDIDATO_ELIMINACION;B;2020-12-17 11:21:35;CALBANI;;1;
385864-0;5312806;14987019;CROXATTO, PATRICIA VIVIANA;385864;1000385864;NU_MATRICULA real = depto + ID huérfano (R18);5-ORIGINAL_CON_TITULARIDAD_EN_OTRA;MATRICULACION_CON_NUMERO_DE_PROCEDENCIA;ALTO;"El trámite de matriculación (R18 333973, 2025-06-19, MFERNANDEZ, anexado al mismo caso 00CASO018436425000) generó la matrícula ID 5722862 (1000385864) desde la procedencia ""MAT 385864"" del depto 10. La fila B2 quedó con ID_MATRICULA = 385864 (número de procedencia) en vez de 5722862. En esa matrícula la MISMA persona (CD_PERSONA) ya es titular ACTIVA: la fila huérfana repite una titularidad existente.";5722862;5312806;00CASO018436425000;5722862-0;CANDIDATO_ELIMINACION;B;2025-06-19 11:34:40;MFERNANDEZ;00CASO018436425000;0;
387488-2;1631730;16293939;LUJAN, VICTOR WALTHER;387488;1300387488;NU_MATRICULA real = depto + ID huérfano (R18);5-ORIGINAL_CON_TITULARIDAD_EN_OTRA;MATRICULACION_CON_NUMERO_DE_PROCEDENCIA;MEDIO;"El trámite de matriculación (R18 320343, 2025-03-07, FALEGRE, anexado al mismo caso 00CASO005366825000) generó la matrícula ID 5765272 (1300387488) desde la procedencia ""MAT 387488"" del depto 13. La fila B2 quedó con ID_MATRICULA = 387488 (número de procedencia) en vez de 5765272. En esa matrícula la MISMA persona figura como titular HISTÓRICO (B4): la titularidad ya está registrada y cerrada, y el huérfano la sigue mostrando como activa.";5765272;1631730;00CASO005366825000;B4 de 5765272;CANDIDATO_ELIMINACION;B;2025-03-10 09:10:04;FALEGRE;00CASO005366825000;0;
387488-3;5337833;20688674;LUJAN, PABLO DARIO;387488;1300387488;NU_MATRICULA real = depto + ID huérfano (R18);5-ORIGINAL_CON_TITULARIDAD_EN_OTRA;MATRICULACION_CON_NUMERO_DE_PROCEDENCIA;MEDIO;"El trámite de matriculación (R18 320343, 2025-03-07, FALEGRE, anexado al mismo caso 00CASO005366825000) generó la matrícula ID 5765272 (1300387488) desde la procedencia ""MAT 387488"" del depto 13. La fila B2 quedó con ID_MATRICULA = 387488 (número de procedencia) en vez de 5765272. En esa matrícula la MISMA persona figura como titular HISTÓRICO (B4): la titularidad ya está registrada y cerrada, y el huérfano la sigue mostrando como activa.";5765272;5337833;00CASO005366825000;B4 de 5765272;CANDIDATO_ELIMINACION;B;2025-03-10 09:10:58;FALEGRE;00CASO005366825000;0;
387488-0;5437431;11603335;LUJAN, JOSE ALBERTO;387488;1300387488;NU_MATRICULA real = depto + ID huérfano (R18);5-ORIGINAL_CON_TITULARIDAD_EN_OTRA;MATRICULACION_CON_NUMERO_DE_PROCEDENCIA;MEDIO;"El trámite de matriculación (R18 320343, 2025-03-07, FALEGRE, anexado al mismo caso 00CASO005366825000) generó la matrícula ID 5765272 (1300387488) desde la procedencia ""MAT 387488"" del depto 13. La fila B2 quedó con ID_MATRICULA = 387488 (número de procedencia) en vez de 5765272. En esa matrícula la MISMA persona figura como titular HISTÓRICO (B4): la titularidad ya está registrada y cerrada, y el huérfano la sigue mostrando como activa.";5765272;5437431;00CASO005366825000;B4 de 5765272;CANDIDATO_ELIMINACION;B;2025-03-10 09:08:26;FALEGRE;00CASO005366825000;0;
387488-1;5437432;14025341;LUJAN, MARIO OSCAR;387488;1300387488;NU_MATRICULA real = depto + ID huérfano (R18);5-ORIGINAL_CON_TITULARIDAD_EN_OTRA;MATRICULACION_CON_NUMERO_DE_PROCEDENCIA;MEDIO;"El trámite de matriculación (R18 320343, 2025-03-07, FALEGRE, anexado al mismo caso 00CASO005366825000) generó la matrícula ID 5765272 (1300387488) desde la procedencia ""MAT 387488"" del depto 13. La fila B2 quedó con ID_MATRICULA = 387488 (número de procedencia) en vez de 5765272. En esa matrícula la MISMA persona figura como titular HISTÓRICO (B4): la titularidad ya está registrada y cerrada, y el huérfano la sigue mostrando como activa.";5765272;5437432;00CASO005366825000;B4 de 5765272;CANDIDATO_ELIMINACION;B;2025-03-10 09:09:17;FALEGRE;00CASO005366825000;0;
387758-0;1569138;16179822;CURTO, PATRICIA GRACIELA;387758;500387758;NU_MATRICULA real = depto + ID huérfano (R18);5-ORIGINAL_CON_TITULARIDAD_EN_OTRA;MATRICULACION_CON_NUMERO_DE_PROCEDENCIA;MEDIO;"El trámite de matriculación (R18 68259, 2018-08-24, AFUENTES, anexado al mismo caso 00CASO022413818000) generó la matrícula ID 5761633 (500387758) desde la procedencia ""MAT 387758"" del depto 05. La fila B2 quedó con ID_MATRICULA = 387758 (número de procedencia) en vez de 5761633. En esa matrícula la MISMA persona figura como titular HISTÓRICO (B4): la titularidad ya está registrada y cerrada, y el huérfano la sigue mostrando como activa.";5761633;1569138;00CASO022413818000;B4 de 5761633;CANDIDATO_ELIMINACION;B;2018-08-24 09:51:10;AFUENTES;00CASO022413818000;0;
388965-0;5390142;3051103;ASSOF, ROSA;388965;600388965;NU_MATRICULA real = depto + ID huérfano (R18);6-ORIGINAL_UNICO;MATRICULACION_CON_NUMERO_DE_PROCEDENCIA;MEDIO;"El trámite de matriculación (R18 254721, 2023-04-27, CMIRANDA, anexado al mismo caso 00CASO009985423000) generó la matrícula ID 5309003 (600388965) desde la procedencia ""MAT 388965"" del depto 06. La fila B2 quedó con ID_MATRICULA = 388965 (número de procedencia) en vez de 5309003. En esa matrícula la MISMA persona figura como titular HISTÓRICO (B4): la titularidad ya está registrada y cerrada, y el huérfano la sigue mostrando como activa.";5309003;5390142;00CASO009985423000;B4 de 5309003;CANDIDATO_ELIMINACION;B;2023-04-27 13:17:29;CMIRANDA;00CASO009985423000;0;
394721-0;5443814;12489936;CARDOZO, SUSANA GRACIELA;394721;400394721;NU_MATRICULA real = depto + ID huérfano (R18);6-ORIGINAL_UNICO;MATRICULACION_CON_NUMERO_DE_PROCEDENCIA;MEDIO;"El trámite de matriculación (R18 86351, 2018-12-26, CMIRANDA, anexado al mismo caso 00CASO034764018000) generó la matrícula ID 5789676 (400394721) desde la procedencia ""MAT 394721"" del depto 04. La fila B2 quedó con ID_MATRICULA = 394721 (número de procedencia) en vez de 5789676. En esa matrícula la MISMA persona figura como titular HISTÓRICO (B4): la titularidad ya está registrada y cerrada, y el huérfano la sigue mostrando como activa.";5789676;5443814;00CASO034764018000;B4 de 5789676;CANDIDATO_ELIMINACION;B;2018-12-26 12:31:38;CMIRANDA;00CASO034764018000;0;2 filas, tipo B, representante 394721-0
394721-1;5443814;12489936;CARDOZO, SUSANA GRACIELA;394721;400394721;NU_MATRICULA real = depto + ID huérfano (R18);3-COPIA_REGRABADO;MATRICULACION_CON_NUMERO_DE_PROCEDENCIA + COPIA_B;MEDIO;"El trámite de matriculación (R18 86351, 2018-12-26, CMIRANDA) generó la matrícula ID 5789676 (400394721) desde la procedencia ""MAT 394721"" del depto 04. La fila B2 quedó con ID_MATRICULA = 394721 (número de procedencia) en vez de 5789676. En esa matrícula la MISMA persona figura como titular HISTÓRICO (B4): la titularidad ya está registrada y cerrada, y el huérfano la sigue mostrando como activa. Además es la copia n.º 2 de 2 de la misma titularidad en el mismo ID (tipo B: diferencias menores: NU_CASO_ORIGEN, RECIENTE); se conserva como representante 394721-0.";5789676;5443814;R18 86351;B4 de 5789676;CANDIDATO_ELIMINACION;B;2018-12-27 10:26:25;CMIRANDA;;1;2 filas, tipo B, representante 394721-0
394733-0;1486230;14962423;VEZZONI, RICARDO JOSE;394733;500394733;NU_MATRICULA real = depto + ID huérfano (R18);5-ORIGINAL_CON_TITULARIDAD_EN_OTRA;MATRICULACION_CON_NUMERO_DE_PROCEDENCIA;MEDIO;"El trámite de matriculación (R18 81544, 2018-11-20, ESOTELO, anexado al mismo caso 00CASO031020818000) generó la matrícula ID 5434060 (500394733) desde la procedencia ""MAT 394733"" del depto 05. La fila B2 quedó con ID_MATRICULA = 394733 (número de procedencia) en vez de 5434060. En esa matrícula la MISMA persona figura como titular HISTÓRICO (B4): la titularidad ya está registrada y cerrada, y el huérfano la sigue mostrando como activa.";5434060;1486230;00CASO031020818000;B4 de 5434060;CANDIDATO_ELIMINACION;B;2018-11-20 12:58:11;ESOTELO;00CASO031020818000;0;7 filas, tipo B, representante 394733-0
394733-1;1486230;14962423;VEZZONI, RICARDO JOSE;394733;500394733;NU_MATRICULA real = depto + ID huérfano (R18);3-COPIA_REGRABADO;MATRICULACION_CON_NUMERO_DE_PROCEDENCIA + COPIA_B;MEDIO;"El trámite de matriculación (R18 81544, 2018-11-20, ESOTELO) generó la matrícula ID 5434060 (500394733) desde la procedencia ""MAT 394733"" del depto 05. La fila B2 quedó con ID_MATRICULA = 394733 (número de procedencia) en vez de 5434060. En esa matrícula la MISMA persona figura como titular HISTÓRICO (B4): la titularidad ya está registrada y cerrada, y el huérfano la sigue mostrando como activa. Además es la copia n.º 2 de 7 de la misma titularidad en el mismo ID (tipo B: diferencias menores: NU_CASO_ORIGEN, RECIENTE); se conserva como representante 394733-0.";5434060;1486230;R18 81544;B4 de 5434060;CANDIDATO_ELIMINACION;B;2018-11-21 11:52:45;ESOTELO;;1;7 filas, tipo B, representante 394733-0
394733-2;1486230;14962423;VEZZONI, RICARDO JOSE;394733;500394733;NU_MATRICULA real = depto + ID huérfano (R18);3-COPIA_REGRABADO;MATRICULACION_CON_NUMERO_DE_PROCEDENCIA + COPIA_B;MEDIO;"El trámite de matriculación (R18 81544, 2018-11-20, ESOTELO) generó la matrícula ID 5434060 (500394733) desde la procedencia ""MAT 394733"" del depto 05. La fila B2 quedó con ID_MATRICULA = 394733 (número de procedencia) en vez de 5434060. En esa matrícula la MISMA persona figura como titular HISTÓRICO (B4): la titularidad ya está registrada y cerrada, y el huérfano la sigue mostrando como activa. Además es la copia n.º 3 de 7 de la misma titularidad en el mismo ID (tipo B: diferencias menores: NU_CASO_ORIGEN, RECIENTE); se conserva como representante 394733-0.";5434060;1486230;R18 81544;B4 de 5434060;CANDIDATO_ELIMINACION;B;2018-11-21 11:55:19;ESOTELO;;1;7 filas, tipo B, representante 394733-0
394733-3;1486230;14962423;VEZZONI, RICARDO JOSE;394733;500394733;NU_MATRICULA real = depto + ID huérfano (R18);3-COPIA_REGRABADO;MATRICULACION_CON_NUMERO_DE_PROCEDENCIA + COPIA_B;MEDIO;"El trámite de matriculación (R18 81544, 2018-11-20, ESOTELO) generó la matrícula ID 5434060 (500394733) desde la procedencia ""MAT 394733"" del depto 05. La fila B2 quedó con ID_MATRICULA = 394733 (número de procedencia) en vez de 5434060. En esa matrícula la MISMA persona figura como titular HISTÓRICO (B4): la titularidad ya está registrada y cerrada, y el huérfano la sigue mostrando como activa. Además es la copia n.º 4 de 7 de la misma titularidad en el mismo ID (tipo B: diferencias menores: NU_CASO_ORIGEN, RECIENTE); se conserva como representante 394733-0.";5434060;1486230;R18 81544;B4 de 5434060;CANDIDATO_ELIMINACION;B;2018-11-21 11:56:39;ESOTELO;;1;7 filas, tipo B, representante 394733-0
394733-4;1486230;14962423;VEZZONI, RICARDO JOSE;394733;500394733;NU_MATRICULA real = depto + ID huérfano (R18);3-COPIA_REGRABADO;MATRICULACION_CON_NUMERO_DE_PROCEDENCIA + COPIA_B;MEDIO;"El trámite de matriculación (R18 81544, 2018-11-20, ESOTELO) generó la matrícula ID 5434060 (500394733) desde la procedencia ""MAT 394733"" del depto 05. La fila B2 quedó con ID_MATRICULA = 394733 (número de procedencia) en vez de 5434060. En esa matrícula la MISMA persona figura como titular HISTÓRICO (B4): la titularidad ya está registrada y cerrada, y el huérfano la sigue mostrando como activa. Además es la copia n.º 5 de 7 de la misma titularidad en el mismo ID (tipo B: diferencias menores: NU_CASO_ORIGEN, RECIENTE); se conserva como representante 394733-0.";5434060;1486230;R18 81544;B4 de 5434060;CANDIDATO_ELIMINACION;B;2018-11-22 08:29:17;ESOTELO;;1;7 filas, tipo B, representante 394733-0
394733-7;1486230;14962423;VEZZONI, RICARDO JOSE;394733;500394733;NU_MATRICULA real = depto + ID huérfano (R18);3-COPIA_REGRABADO;MATRICULACION_CON_NUMERO_DE_PROCEDENCIA + COPIA_B;MEDIO;"El trámite de matriculación (R18 81544, 2018-11-20, ESOTELO) generó la matrícula ID 5434060 (500394733) desde la procedencia ""MAT 394733"" del depto 05. La fila B2 quedó con ID_MATRICULA = 394733 (número de procedencia) en vez de 5434060. En esa matrícula la MISMA persona figura como titular HISTÓRICO (B4): la titularidad ya está registrada y cerrada, y el huérfano la sigue mostrando como activa. Además es la copia n.º 6 de 7 de la misma titularidad en el mismo ID (tipo B: diferencias menores: NU_CASO_ORIGEN, RECIENTE); se conserva como representante 394733-0.";5434060;1486230;R18 81544;B4 de 5434060;CANDIDATO_ELIMINACION;B;2018-11-28 09:40:16;ESOTELO;;1;7 filas, tipo B, representante 394733-0
394733-8;1486230;14962423;VEZZONI, RICARDO JOSE;394733;500394733;NU_MATRICULA real = depto + ID huérfano (R18);3-COPIA_REGRABADO;MATRICULACION_CON_NUMERO_DE_PROCEDENCIA + COPIA_B;MEDIO;"El trámite de matriculación (R18 81544, 2018-11-20, ESOTELO) generó la matrícula ID 5434060 (500394733) desde la procedencia ""MAT 394733"" del depto 05. La fila B2 quedó con ID_MATRICULA = 394733 (número de procedencia) en vez de 5434060. En esa matrícula la MISMA persona figura como titular HISTÓRICO (B4): la titularidad ya está registrada y cerrada, y el huérfano la sigue mostrando como activa. Además es la copia n.º 7 de 7 de la misma titularidad en el mismo ID (tipo B: diferencias menores: NU_CASO_ORIGEN, RECIENTE); se conserva como representante 394733-0.";5434060;1486230;R18 81544;B4 de 5434060;CANDIDATO_ELIMINACION;B;2018-11-29 14:45:26;ESOTELO;;1;7 filas, tipo B, representante 394733-0
394733-5;5528035;31124259;SORIANO, LEANDRO EMANUEL;394733;500394733;NU_MATRICULA real = depto + ID huérfano (R18);5-ORIGINAL_CON_TITULARIDAD_EN_OTRA;MATRICULACION_CON_NUMERO_DE_PROCEDENCIA_SIN_TITULAR_EN_REAL;MEDIO;"El trámite de matriculación (R18 81544, 2018-11-20, ESOTELO) generó la matrícula ID 5434060 (500394733) desde la procedencia ""MAT 394733"" del depto 05. La fila B2 quedó con ID_MATRICULA = 394733 (número de procedencia) en vez de 5434060. Pero la persona NO figura como titular, ni activa ni histórica, en la matrícula ID 5434060: la fila huérfana puede ser el único rastro de esa titularidad. Corresponde re-vincular tras verificar, no borrar.";5434060;;R18 81544;;CONSERVAR;B;2018-11-22 08:34:58;ESOTELO;;1;2 filas, tipo C, representante 394733-5
394733-6;5528035;31124259;SORIANO, LEANDRO EMANUEL;394733;500394733;NU_MATRICULA real = depto + ID huérfano (R18);3-COPIA_REGRABADO;COPIA_REGRABADO_C / MATRICULACION_CON_NUMERO_DE_PROCEDENCIA_SIN_TITULAR_EN_REAL;MEDIO;"El trámite de matriculación (R18 81544, 2018-11-20, ESOTELO) generó la matrícula ID 5434060 (500394733) desde la procedencia ""MAT 394733"" del depto 05. La fila B2 quedó con ID_MATRICULA = 394733 (número de procedencia) en vez de 5434060. Pero la persona NO figura como titular, ni activa ni histórica, en la matrícula ID 5434060: la fila huérfana puede ser el único rastro de esa titularidad. Corresponde re-vincular tras verificar, no borrar. Además es la copia n.º 2 de 2 de la misma titularidad en el mismo ID (tipo C: cambian datos relevantes: DS_PORCENTAJE); se conserva como representante 394733-5.";5434060;;R18 81544;394733-5;REVISAR;B;2018-11-22 08:35:53;ESOTELO;;1;2 filas, tipo C, representante 394733-5
396487-0;391692;20388945;TAKEMURA, ALDO DANIEL;396487;300396487;NU_MATRICULA real = depto + ID huérfano (R18);5-ORIGINAL_CON_TITULARIDAD_EN_OTRA;MATRICULACION_CON_NUMERO_DE_PROCEDENCIA;MEDIO;"El trámite de matriculación (R18 68147, 2018-08-23, GCMIRANDA) generó la matrícula ID 5799637 (300396487) desde la procedencia ""MAT 396487"" del depto 03. La fila B2 quedó con ID_MATRICULA = 396487 (número de procedencia) en vez de 5799637. En esa matrícula la MISMA persona figura como titular HISTÓRICO (B4): la titularidad ya está registrada y cerrada, y el huérfano la sigue mostrando como activa.";5799637;391692;R18 68147;B4 de 5799637;CANDIDATO_ELIMINACION;B;2018-08-23 14:32:19;GCMIRANDA;;1;
396487-1;5035198;18461443;TAKEMURA, SONIA PATRICIA;396487;300396487;NU_MATRICULA real = depto + ID huérfano (R18);5-ORIGINAL_CON_TITULARIDAD_EN_OTRA;MATRICULACION_CON_NUMERO_DE_PROCEDENCIA;MEDIO;"El trámite de matriculación (R18 68147, 2018-08-23, GCMIRANDA) generó la matrícula ID 5799637 (300396487) desde la procedencia ""MAT 396487"" del depto 03. La fila B2 quedó con ID_MATRICULA = 396487 (número de procedencia) en vez de 5799637. En esa matrícula la MISMA persona figura como titular HISTÓRICO (B4): la titularidad ya está registrada y cerrada, y el huérfano la sigue mostrando como activa.";5799637;5035198;R18 68147;B4 de 5799637;CANDIDATO_ELIMINACION;B;2018-08-23 14:33:45;GCMIRANDA;;1;
396776-0;5560731;13806995;SANTONI, LUIS EDUARDO;396776;300396776;NU_MATRICULA real = depto + ID huérfano (R18);5-ORIGINAL_CON_TITULARIDAD_EN_OTRA;MATRICULACION_CON_NUMERO_DE_PROCEDENCIA;MEDIO;"El trámite de matriculación (R18 68148, 2018-08-23, GCMIRANDA) generó la matrícula ID 5810552 (300396776) desde la procedencia ""MAT 396776"" del depto 03. La fila B2 quedó con ID_MATRICULA = 396776 (número de procedencia) en vez de 5810552. En esa matrícula otro registro de persona con el mismo documento y nombre compatible (SANTONI, LUIS EDUARDO) ya es titular ACTIVO. Es probable que sea la misma titularidad, pero mismo DNI no es misma persona.";5810552;1505823;R18 68148;5810552-0;CANDIDATO_ELIMINACION;B;2018-08-23 14:40:24;GCMIRANDA;;1;
401649-0;5462463;22032024;PUEBLA, SERGIO DARIO;401649;600401649;NU_MATRICULA real = depto + ID huérfano (R18);5-ORIGINAL_CON_TITULARIDAD_EN_OTRA;MATRICULACION_CON_NUMERO_DE_PROCEDENCIA;ALTO;"El trámite de matriculación (R18 308611, 2024-10-18, FALEGRE) generó la matrícula ID 5839675 (600401649) desde la procedencia ""MAT 401649"" del depto 06. La fila B2 quedó con ID_MATRICULA = 401649 (número de procedencia) en vez de 5839675. En esa matrícula la MISMA persona (CD_PERSONA) ya es titular ACTIVA: la fila huérfana repite una titularidad existente.";5839675;5462463;00CASO020817824000;5839675-0;CANDIDATO_ELIMINACION;B;2024-08-23 14:31:38;FALEGRE;00CASO020817824000;0;6 filas, tipo B, representante 401649-0
401649-1;5462463;22032024;PUEBLA, SERGIO DARIO;401649;600401649;NU_MATRICULA real = depto + ID huérfano (R18);3-COPIA_REGRABADO;MATRICULACION_CON_NUMERO_DE_PROCEDENCIA + COPIA_B;ALTO;"El trámite de matriculación (R18 308611, 2024-10-18, FALEGRE) generó la matrícula ID 5839675 (600401649) desde la procedencia ""MAT 401649"" del depto 06. La fila B2 quedó con ID_MATRICULA = 401649 (número de procedencia) en vez de 5839675. En esa matrícula la MISMA persona (CD_PERSONA) ya es titular ACTIVA: la fila huérfana repite una titularidad existente. Además es la copia n.º 2 de 6 de la misma titularidad en el mismo ID (tipo B: diferencias menores: NU_CASO_ORIGEN, RECIENTE, CD_USER_STORE); se conserva como representante 401649-0.";5839675;5462463;R18 308611;5839675-0;CANDIDATO_ELIMINACION;B;2024-08-29 10:43:16;FALEGRE;;1;6 filas, tipo B, representante 401649-0
401649-2;5462463;22032024;PUEBLA, SERGIO DARIO;401649;600401649;NU_MATRICULA real = depto + ID huérfano (R18);3-COPIA_REGRABADO;MATRICULACION_CON_NUMERO_DE_PROCEDENCIA + COPIA_B;ALTO;"El trámite de matriculación (R18 308611, 2024-10-18, FALEGRE) generó la matrícula ID 5839675 (600401649) desde la procedencia ""MAT 401649"" del depto 06. La fila B2 quedó con ID_MATRICULA = 401649 (número de procedencia) en vez de 5839675. En esa matrícula la MISMA persona (CD_PERSONA) ya es titular ACTIVA: la fila huérfana repite una titularidad existente. Además es la copia n.º 3 de 6 de la misma titularidad en el mismo ID (tipo B: diferencias menores: NU_CASO_ORIGEN, RECIENTE, CD_USER_STORE); se conserva como representante 401649-0.";5839675;5462463;R18 308611;5839675-0;CANDIDATO_ELIMINACION;B;2024-09-03 13:05:37;FALEGRE;;1;6 filas, tipo B, representante 401649-0
401649-3;5462463;22032024;PUEBLA, SERGIO DARIO;401649;600401649;NU_MATRICULA real = depto + ID huérfano (R18);3-COPIA_REGRABADO;MATRICULACION_CON_NUMERO_DE_PROCEDENCIA + COPIA_B;ALTO;"El trámite de matriculación (R18 308611, 2024-10-18, FALEGRE) generó la matrícula ID 5839675 (600401649) desde la procedencia ""MAT 401649"" del depto 06. La fila B2 quedó con ID_MATRICULA = 401649 (número de procedencia) en vez de 5839675. En esa matrícula la MISMA persona (CD_PERSONA) ya es titular ACTIVA: la fila huérfana repite una titularidad existente. Además es la copia n.º 4 de 6 de la misma titularidad en el mismo ID (tipo B: diferencias menores: NU_CASO_ORIGEN, RECIENTE, CD_USER_STORE); se conserva como representante 401649-0.";5839675;5462463;R18 308611;5839675-0;CANDIDATO_ELIMINACION;B;2024-09-17 08:10:35;FALEGRE;;1;6 filas, tipo B, representante 401649-0
401649-4;5462463;22032024;PUEBLA, SERGIO DARIO;401649;600401649;NU_MATRICULA real = depto + ID huérfano (R18);3-COPIA_REGRABADO;MATRICULACION_CON_NUMERO_DE_PROCEDENCIA + COPIA_B;ALTO;"El trámite de matriculación (R18 308611, 2024-10-18, FALEGRE) generó la matrícula ID 5839675 (600401649) desde la procedencia ""MAT 401649"" del depto 06. La fila B2 quedó con ID_MATRICULA = 401649 (número de procedencia) en vez de 5839675. En esa matrícula la MISMA persona (CD_PERSONA) ya es titular ACTIVA: la fila huérfana repite una titularidad existente. Además es la copia n.º 5 de 6 de la misma titularidad en el mismo ID (tipo B: diferencias menores: NU_CASO_ORIGEN, RECIENTE, CD_USER_STORE); se conserva como representante 401649-0.";5839675;5462463;R18 308611;5839675-0;CANDIDATO_ELIMINACION;B;2024-10-18 09:38:11;FALEGRE;;1;6 filas, tipo B, representante 401649-0
401649-5;5462463;22032024;PUEBLA, SERGIO DARIO;401649;600401649;NU_MATRICULA real = depto + ID huérfano (R18);3-COPIA_REGRABADO;MATRICULACION_CON_NUMERO_DE_PROCEDENCIA + COPIA_B;ALTO;"El trámite de matriculación (R18 308611, 2024-10-18, FALEGRE) generó la matrícula ID 5839675 (600401649) desde la procedencia ""MAT 401649"" del depto 06. La fila B2 quedó con ID_MATRICULA = 401649 (número de procedencia) en vez de 5839675. En esa matrícula la MISMA persona (CD_PERSONA) ya es titular ACTIVA: la fila huérfana repite una titularidad existente. Además es la copia n.º 6 de 6 de la misma titularidad en el mismo ID (tipo B: diferencias menores: NU_CASO_ORIGEN, RECIENTE, CD_USER_STORE); se conserva como representante 401649-0.";5839675;5462463;R18 308611;5839675-0;CANDIDATO_ELIMINACION;B;2024-10-18 09:47:11;AEGUAJARDO;;1;6 filas, tipo B, representante 401649-0
403100-0;1525120;17171976;ABREGO, ARMANDO;403100;1400403100;NU_MATRICULA real = depto + ID huérfano (R18);6-ORIGINAL_UNICO;MATRICULACION_CON_NUMERO_DE_PROCEDENCIA;MEDIO;"El trámite de matriculación (R18 68139, 2018-08-23, GCMIRANDA) generó la matrícula ID 1515440 (1400403100) desde la procedencia ""MAT 403100"" del depto 14. La fila B2 quedó con ID_MATRICULA = 403100 (número de procedencia) en vez de 1515440. En esa matrícula la MISMA persona figura como titular HISTÓRICO (B4): la titularidad ya está registrada y cerrada, y el huérfano la sigue mostrando como activa.";1515440;1525120;R18 68139;B4 de 1515440;CANDIDATO_ELIMINACION;B;2018-08-23 13:42:00;GCMIRANDA;;1;
403100-1;5560723;14764639;PEREYRA, MARGARITA BEATRIZ;403100;1400403100;NU_MATRICULA real = depto + ID huérfano (R18);6-ORIGINAL_UNICO;MATRICULACION_CON_NUMERO_DE_PROCEDENCIA;MEDIO;"El trámite de matriculación (R18 68139, 2018-08-23, GCMIRANDA) generó la matrícula ID 1515440 (1400403100) desde la procedencia ""MAT 403100"" del depto 14. La fila B2 quedó con ID_MATRICULA = 403100 (número de procedencia) en vez de 1515440. En esa matrícula figura como histórico (B4) otro registro de persona con el mismo documento y nombre compatible (PEREYRA, MARGARITA BEATRIZ).";1515440;;R18 68139;B4 de 1515440;REVISAR;B;2018-08-23 13:42:54;GCMIRANDA;;1;
403918-0;5460353;23326782;WINITZKY, GABRIEL ALEJANDRO;403918;1300403918;NU_MATRICULA real = depto + ID huérfano (R18);6-ORIGINAL_UNICO;MATRICULACION_CON_NUMERO_DE_PROCEDENCIA;MEDIO;"El trámite de matriculación (R18 146386, 2020-08-21, GJFIORENS, anexado al mismo caso 00CASO014672120000) generó la matrícula ID 5834567 (1300403918) desde la procedencia ""MAT 403918"" del depto 13. La fila B2 quedó con ID_MATRICULA = 403918 (número de procedencia) en vez de 5834567. En esa matrícula la MISMA persona figura como titular HISTÓRICO (B4): la titularidad ya está registrada y cerrada, y el huérfano la sigue mostrando como activa.";5834567;5460353;00CASO014672120000;B4 de 5834567;CANDIDATO_ELIMINACION;B;2020-08-21 20:18:52;GJFIORENS;00CASO014672120000;0;3 filas, tipo B, representante 403918-0
403918-1;5460353;23326782;WINITZKY, GABRIEL ALEJANDRO;403918;1300403918;NU_MATRICULA real = depto + ID huérfano (R18);3-COPIA_REGRABADO;MATRICULACION_CON_NUMERO_DE_PROCEDENCIA + COPIA_B;MEDIO;"El trámite de matriculación (R18 146386, 2020-08-21, GJFIORENS) generó la matrícula ID 5834567 (1300403918) desde la procedencia ""MAT 403918"" del depto 13. La fila B2 quedó con ID_MATRICULA = 403918 (número de procedencia) en vez de 5834567. En esa matrícula la MISMA persona figura como titular HISTÓRICO (B4): la titularidad ya está registrada y cerrada, y el huérfano la sigue mostrando como activa. Además es la copia n.º 2 de 3 de la misma titularidad en el mismo ID (tipo B: diferencias menores: NU_CASO_ORIGEN, RECIENTE, CD_USER_STORE); se conserva como representante 403918-0.";5834567;5460353;R18 146386;B4 de 5834567;CANDIDATO_ELIMINACION;B;2020-08-21 21:31:36;GACHIARELL;;1;3 filas, tipo B, representante 403918-0
403918-2;5460353;23326782;WINITZKY, GABRIEL ALEJANDRO;403918;1300403918;NU_MATRICULA real = depto + ID huérfano (R18);3-COPIA_REGRABADO;MATRICULACION_CON_NUMERO_DE_PROCEDENCIA + COPIA_B;MEDIO;"El trámite de matriculación (R18 146386, 2020-08-21, GJFIORENS) generó la matrícula ID 5834567 (1300403918) desde la procedencia ""MAT 403918"" del depto 13. La fila B2 quedó con ID_MATRICULA = 403918 (número de procedencia) en vez de 5834567. En esa matrícula la MISMA persona figura como titular HISTÓRICO (B4): la titularidad ya está registrada y cerrada, y el huérfano la sigue mostrando como activa. Además es la copia n.º 3 de 3 de la misma titularidad en el mismo ID (tipo B: diferencias menores: NU_CASO_ORIGEN, RECIENTE, CD_USER_STORE); se conserva como representante 403918-0.";5834567;5460353;R18 146386;B4 de 5834567;CANDIDATO_ELIMINACION;B;2020-08-21 21:44:04;GACHIARELL;;1;3 filas, tipo B, representante 403918-0
403918-3;5597248;23326782;WINITSKY, GABRIEL ALEJANDRO;403918;1300403918;NU_MATRICULA real = depto + ID huérfano (R18);6-ORIGINAL_UNICO;MATRICULACION_CON_NUMERO_DE_PROCEDENCIA;MEDIO;"El trámite de matriculación (R18 146386, 2020-08-21, GJFIORENS) generó la matrícula ID 5834567 (1300403918) desde la procedencia ""MAT 403918"" del depto 13. La fila B2 quedó con ID_MATRICULA = 403918 (número de procedencia) en vez de 5834567. En esa matrícula figura como histórico (B4) otro registro de persona con el mismo documento y nombre compatible (WINITZKY, GABRIEL ALEJANDRO).";5834567;;R18 146386;B4 de 5834567;REVISAR;B;2020-08-25 09:40:29;GACHIARELL;;1;
406475-0;5392701;28511416;RIZZOTTI, MARIA DE LOS ANGELES;406475;500406475;NU_MATRICULA real = depto + ID huérfano (R18);5-ORIGINAL_CON_TITULARIDAD_EN_OTRA;MATRICULACION_CON_NUMERO_DE_PROCEDENCIA;MEDIO;"El trámite de matriculación (R18 86152, 2018-12-21, CMIRANDA, anexado al mismo caso 00CASO034596318000) generó la matrícula ID 5820781 (500406475) desde la procedencia ""MAT 406475"" del depto 05. La fila B2 quedó con ID_MATRICULA = 406475 (número de procedencia) en vez de 5820781. En esa matrícula la MISMA persona figura como titular HISTÓRICO (B4): la titularidad ya está registrada y cerrada, y el huérfano la sigue mostrando como activa.";5820781;5392701;00CASO034596318000;B4 de 5820781;CANDIDATO_ELIMINACION;B;2018-12-21 12:59:47;CMIRANDA;00CASO034596318000;0;
406475-1;5568065;28511416;RIZZOTTI, MARIA DE LOS ANGELES;406475;500406475;NU_MATRICULA real = depto + ID huérfano (R18);5-ORIGINAL_CON_TITULARIDAD_EN_OTRA;MATRICULACION_CON_NUMERO_DE_PROCEDENCIA;MEDIO;"El trámite de matriculación (R18 86152, 2018-12-21, CMIRANDA) generó la matrícula ID 5820781 (500406475) desde la procedencia ""MAT 406475"" del depto 05. La fila B2 quedó con ID_MATRICULA = 406475 (número de procedencia) en vez de 5820781. En esa matrícula figura como histórico (B4) otro registro de persona con el mismo documento y nombre compatible (RIZZOTTI, MARIA DE LOS ANGELES).";5820781;;R18 86152;B4 de 5820781;REVISAR;B;2018-12-26 10:32:30;CMIRANDA;;1;4 filas, tipo A, representante 406475-1
406475-2;5568065;28511416;RIZZOTTI, MARIA DE LOS ANGELES;406475;500406475;NU_MATRICULA real = depto + ID huérfano (R18);3-COPIA_REGRABADO;COPIA_REGRABADO_A / MATRICULACION_CON_NUMERO_DE_PROCEDENCIA;ALTO;"El trámite de matriculación (R18 86152, 2018-12-21, CMIRANDA) generó la matrícula ID 5820781 (500406475) desde la procedencia ""MAT 406475"" del depto 05. La fila B2 quedó con ID_MATRICULA = 406475 (número de procedencia) en vez de 5820781. En esa matrícula figura como histórico (B4) otro registro de persona con el mismo documento y nombre compatible (RIZZOTTI, MARIA DE LOS ANGELES). Además es la copia n.º 2 de 4 de la misma titularidad en el mismo ID (tipo A: idénticas salvo DT_ALTA / TM_DESDE / NU_SEQUENCE); se conserva como representante 406475-1.";5820781;;R18 86152;B4 de 5820781;CANDIDATO_ELIMINACION;B;2018-12-26 10:37:37;CMIRANDA;;1;4 filas, tipo A, representante 406475-1
406475-3;5568065;28511416;RIZZOTTI, MARIA DE LOS ANGELES;406475;500406475;NU_MATRICULA real = depto + ID huérfano (R18);3-COPIA_REGRABADO;COPIA_REGRABADO_A / MATRICULACION_CON_NUMERO_DE_PROCEDENCIA;ALTO;"El trámite de matriculación (R18 86152, 2018-12-21, CMIRANDA) generó la matrícula ID 5820781 (500406475) desde la procedencia ""MAT 406475"" del depto 05. La fila B2 quedó con ID_MATRICULA = 406475 (número de procedencia) en vez de 5820781. En esa matrícula figura como histórico (B4) otro registro de persona con el mismo documento y nombre compatible (RIZZOTTI, MARIA DE LOS ANGELES). Además es la copia n.º 3 de 4 de la misma titularidad en el mismo ID (tipo A: idénticas salvo DT_ALTA / TM_DESDE / NU_SEQUENCE); se conserva como representante 406475-1.";5820781;;R18 86152;B4 de 5820781;CANDIDATO_ELIMINACION;B;2018-12-26 10:38:48;CMIRANDA;;1;4 filas, tipo A, representante 406475-1
406475-4;5568065;28511416;RIZZOTTI, MARIA DE LOS ANGELES;406475;500406475;NU_MATRICULA real = depto + ID huérfano (R18);3-COPIA_REGRABADO;COPIA_REGRABADO_A / MATRICULACION_CON_NUMERO_DE_PROCEDENCIA;ALTO;"El trámite de matriculación (R18 86152, 2018-12-21, CMIRANDA) generó la matrícula ID 5820781 (500406475) desde la procedencia ""MAT 406475"" del depto 05. La fila B2 quedó con ID_MATRICULA = 406475 (número de procedencia) en vez de 5820781. En esa matrícula figura como histórico (B4) otro registro de persona con el mismo documento y nombre compatible (RIZZOTTI, MARIA DE LOS ANGELES). Además es la copia n.º 4 de 4 de la misma titularidad en el mismo ID (tipo A: idénticas salvo DT_ALTA / TM_DESDE / NU_SEQUENCE); se conserva como representante 406475-1.";5820781;;R18 86152;B4 de 5820781;CANDIDATO_ELIMINACION;B;2018-12-26 10:47:32;CMIRANDA;;1;4 filas, tipo A, representante 406475-1
410733-0;1581565;25123159;CORDOBA, ARIEL ALEJANDRO;410733;500410733;NU_MATRICULA real = depto + ID huérfano (R18);6-ORIGINAL_UNICO;MATRICULACION_CON_NUMERO_DE_PROCEDENCIA;MEDIO;"El trámite de matriculación (R18 98646, 2019-04-12, GARCE, anexado al mismo caso 00CASO008933619000) generó la matrícula ID 5870080 (500410733) desde la procedencia ""MAT 410733"" del depto 05. La fila B2 quedó con ID_MATRICULA = 410733 (número de procedencia) en vez de 5870080. En esa matrícula la MISMA persona figura como titular HISTÓRICO (B4): la titularidad ya está registrada y cerrada, y el huérfano la sigue mostrando como activa.";5870080;1581565;00CASO008933619000;B4 de 5870080;CANDIDATO_ELIMINACION;B;2019-04-12 14:47:30;GARCE;00CASO008933619000;0;
411518-0;5560730;31084078;LOVAGLIO, RICARDO HERNAN;411518;300411518;NU_MATRICULA real = depto + ID huérfano (R18);5-ORIGINAL_CON_TITULARIDAD_EN_OTRA;MATRICULACION_CON_NUMERO_DE_PROCEDENCIA;MEDIO;"El trámite de matriculación (R18 68144, 2018-08-23, GCMIRANDA) generó la matrícula ID 5875817 (300411518) desde la procedencia ""MAT 411518"" del depto 03. La fila B2 quedó con ID_MATRICULA = 411518 (número de procedencia) en vez de 5875817. En esa matrícula figura como histórico (B4) otro registro de persona con el mismo documento y nombre compatible (LOVAGLIO, RICARDO HERNAN).";5875817;;R18 68144;B4 de 5875817;REVISAR;B;2018-08-23 14:18:30;GCMIRANDA;;1;
413226-0;5630431;28159493;FARIAS CASTRO, ADRIAN MARCELO;413226;700413226;NU_MATRICULA real = depto + ID huérfano (R18);5-ORIGINAL_CON_TITULARIDAD_EN_OTRA;MATRICULACION_CON_NUMERO_DE_PROCEDENCIA;ALTO;"El trámite de matriculación (R18 309767, 2024-10-30, FALEGRE) generó la matrícula ID 5884728 (700413226) desde la procedencia ""MAT 413226"" del depto 07. La fila B2 quedó con ID_MATRICULA = 413226 (número de procedencia) en vez de 5884728. En esa matrícula la MISMA persona (CD_PERSONA) ya es titular ACTIVA: la fila huérfana repite una titularidad existente.";5884728;5630431;R18 309767;5884728-0;CANDIDATO_ELIMINACION;B;2024-10-25 09:50:22;AEGUAJARDO;;1;
413845-0;5474915;12436761;PICCOLO, ANTONIA MARIA;413845;700413845;NU_MATRICULA real = depto + ID huérfano (R18);6-ORIGINAL_UNICO;MATRICULACION_CON_NUMERO_DE_PROCEDENCIA;MEDIO;"El trámite de matriculación (R18 158602, 2021-01-15, FALEGRE) generó la matrícula ID 5566163 (700413845) desde la procedencia ""MAT 413845"" del depto 07. La fila B2 quedó con ID_MATRICULA = 413845 (número de procedencia) en vez de 5566163. En esa matrícula la MISMA persona figura como titular HISTÓRICO (B4): la titularidad ya está registrada y cerrada, y el huérfano la sigue mostrando como activa.";5566163;5474915;00CASO000683321000;B4 de 5566163;CANDIDATO_ELIMINACION;B;2021-01-14 10:26:35;LUGONZALEZ;00CASO000683321000;0;
429513-0;5494055;22985373;CAYO, SANDRO RUBEN;429513;800429513;NU_MATRICULA real = depto + ID huérfano (R18);5-ORIGINAL_CON_TITULARIDAD_EN_OTRA;MATRICULACION_CON_NUMERO_DE_PROCEDENCIA + COPIA_B;ALTO;"El trámite de matriculación (R18 43933, 2018-02-26, SRAMIREZ) generó la matrícula ID 5935301 (800429513) desde la procedencia ""MAT 429513"" del depto 08. La fila B2 quedó con ID_MATRICULA = 429513 (número de procedencia) en vez de 5935301. En esa matrícula la MISMA persona (CD_PERSONA) ya es titular ACTIVA: la fila huérfana repite una titularidad existente. Además es la copia n.º 1 de 2 de la misma titularidad en el mismo ID (tipo B: diferencias menores: DT_DESDE vacío en alguna); se conserva como representante 429513-1.";5935301;5494055;R18 43933;5935301-0;CANDIDATO_ELIMINACION;B;2018-02-22 09:47:33;SRAMIREZ;;1;2 filas, tipo B, representante 429513-1
429513-1;5494055;22985373;CAYO, SANDRO RUBEN;429513;800429513;NU_MATRICULA real = depto + ID huérfano (R18);3-COPIA_REGRABADO;MATRICULACION_CON_NUMERO_DE_PROCEDENCIA;ALTO;"El trámite de matriculación (R18 43933, 2018-02-26, SRAMIREZ) generó la matrícula ID 5935301 (800429513) desde la procedencia ""MAT 429513"" del depto 08. La fila B2 quedó con ID_MATRICULA = 429513 (número de procedencia) en vez de 5935301. En esa matrícula la MISMA persona (CD_PERSONA) ya es titular ACTIVA: la fila huérfana repite una titularidad existente.";5935301;5494055;R18 43933;5935301-0;CANDIDATO_ELIMINACION;B;2018-02-23 09:29:55;SRAMIREZ;;1;2 filas, tipo B, representante 429513-1
429907-0;1457517;4739696;ICART, AIDA STELLA;429907;400429907;NU_MATRICULA real = depto + ID huérfano (R18);5-ORIGINAL_CON_TITULARIDAD_EN_OTRA;MATRICULACION_CON_NUMERO_DE_PROCEDENCIA;MEDIO;"El trámite de matriculación (R18 78813, 2018-10-24, TEROCA) generó la matrícula ID 5950306 (400429907) desde la procedencia ""MAT 429907"" del depto 04. La fila B2 quedó con ID_MATRICULA = 429907 (número de procedencia) en vez de 5950306. En esa matrícula la MISMA persona figura como titular HISTÓRICO (B4): la titularidad ya está registrada y cerrada, y el huérfano la sigue mostrando como activa.";5950306;1457517;R18 78813;B4 de 5950306;CANDIDATO_ELIMINACION;B;2018-10-25 09:55:38;TEROCA;;1;
429978-0;5611174;25666512;FORLIZZI GOMEZ CENTURION, MARIA BELEN ISABEL;429978;400429978;NU_MATRICULA real = depto + ID huérfano (R18);5-ORIGINAL_CON_TITULARIDAD_EN_OTRA;MATRICULACION_CON_NUMERO_DE_PROCEDENCIA;MEDIO;"El trámite de matriculación (R18 173838, 2021-07-16, VCACERES) generó la matrícula ID 5939793 (400429978) desde la procedencia ""MAT 429978"" del depto 04. La fila B2 quedó con ID_MATRICULA = 429978 (número de procedencia) en vez de 5939793. En esa matrícula figura como histórico (B4) otro registro de persona con el mismo documento y nombre compatible (FORLIZZI GOMEZ CENTURION, MARÍA BELEN ISABEL).";5939793;;R18 173838;B4 de 5939793;REVISAR;B;2021-07-19 12:40:59;VCACERES;;1;2 filas, tipo A, representante 429978-0
429978-2;5611174;25666512;FORLIZZI GOMEZ CENTURION, MARIA BELEN ISABEL;429978;400429978;NU_MATRICULA real = depto + ID huérfano (R18);3-COPIA_REGRABADO;COPIA_REGRABADO_A / MATRICULACION_CON_NUMERO_DE_PROCEDENCIA;ALTO;"El trámite de matriculación (R18 173838, 2021-07-16, VCACERES) generó la matrícula ID 5939793 (400429978) desde la procedencia ""MAT 429978"" del depto 04. La fila B2 quedó con ID_MATRICULA = 429978 (número de procedencia) en vez de 5939793. En esa matrícula figura como histórico (B4) otro registro de persona con el mismo documento y nombre compatible (FORLIZZI GOMEZ CENTURION, MARÍA BELEN ISABEL). Además es la copia n.º 2 de 2 de la misma titularidad en el mismo ID (tipo A: idénticas salvo DT_ALTA / TM_DESDE / NU_SEQUENCE); se conserva como representante 429978-0.";5939793;;R18 173838;B4 de 5939793;CANDIDATO_ELIMINACION;B;2021-07-19 13:27:12;VCACERES;;1;2 filas, tipo A, representante 429978-0
429978-1;5611176;25666512;FORLIZZI GOMEZ CENTURION, MARIA BELEN ISABEL;429978;400429978;NU_MATRICULA real = depto + ID huérfano (R18);5-ORIGINAL_CON_TITULARIDAD_EN_OTRA;MATRICULACION_CON_NUMERO_DE_PROCEDENCIA;MEDIO;"El trámite de matriculación (R18 173838, 2021-07-16, VCACERES) generó la matrícula ID 5939793 (400429978) desde la procedencia ""MAT 429978"" del depto 04. La fila B2 quedó con ID_MATRICULA = 429978 (número de procedencia) en vez de 5939793. En esa matrícula figura como histórico (B4) otro registro de persona con el mismo documento y nombre compatible (FORLIZZI GOMEZ CENTURION, MARÍA BELEN ISABEL).";5939793;;R18 173838;B4 de 5939793;REVISAR;B;2021-07-19 12:43:49;VCACERES;;1;
432002-0;5502900;30202719;MARTIN, MARISABEL;432002;1500432002;NU_MATRICULA real = depto + ID huérfano (R18);6-ORIGINAL_UNICO;MATRICULACION_CON_NUMERO_DE_PROCEDENCIA;MEDIO;"El trámite de matriculación (R18 155127, 2020-12-04, CMIRANDA, anexado al mismo caso 00CASO023220820000) generó la matrícula ID 1066 (1500432002) desde la procedencia ""MAT 432002"" del depto 15. La fila B2 quedó con ID_MATRICULA = 432002 (número de procedencia) en vez de 1066. En esa matrícula la MISMA persona figura como titular HISTÓRICO (B4): la titularidad ya está registrada y cerrada, y el huérfano la sigue mostrando como activa.";1066;5502900;00CASO023220820000;B4 de 1066;CANDIDATO_ELIMINACION;B;2020-12-04 16:27:20;CMIRANDA;00CASO023220820000;0;
432380-0;1496683;16361070;QUIÑONEZ, GRACIELA YOLANDA;432380;700432380;NU_MATRICULA real = depto + ID huérfano (R18);5-ORIGINAL_CON_TITULARIDAD_EN_OTRA;MATRICULACION_CON_NUMERO_DE_PROCEDENCIA;MEDIO;"El trámite de matriculación (R18 312052, 2024-11-22, CRIDI) generó la matrícula ID 1246 (700432380) desde la procedencia ""MAT 432380"" del depto 07. La fila B2 quedó con ID_MATRICULA = 432380 (número de procedencia) en vez de 1246. En esa matrícula la MISMA persona figura como titular HISTÓRICO (B4): la titularidad ya está registrada y cerrada, y el huérfano la sigue mostrando como activa.";1246;1496683;00CASO031742724000;B4 de 1246;CANDIDATO_ELIMINACION;B;2024-11-21 13:04:31;FALEGRE;00CASO031742724000;0;2 filas, tipo B, representante 432380-0
432380-2;1496683;16361070;QUIÑONEZ, GRACIELA YOLANDA;432380;700432380;NU_MATRICULA real = depto + ID huérfano (R18);3-COPIA_REGRABADO;MATRICULACION_CON_NUMERO_DE_PROCEDENCIA + COPIA_B;MEDIO;"El trámite de matriculación (R18 312052, 2024-11-22, CRIDI) generó la matrícula ID 1246 (700432380) desde la procedencia ""MAT 432380"" del depto 07. La fila B2 quedó con ID_MATRICULA = 432380 (número de procedencia) en vez de 1246. En esa matrícula la MISMA persona figura como titular HISTÓRICO (B4): la titularidad ya está registrada y cerrada, y el huérfano la sigue mostrando como activa. Además es la copia n.º 2 de 2 de la misma titularidad en el mismo ID (tipo B: diferencias menores: NU_CASO_ORIGEN, RECIENTE, CD_USER_STORE); se conserva como representante 432380-0.";1246;1496683;R18 312052;B4 de 1246;CANDIDATO_ELIMINACION;B;2024-11-22 14:06:59;CRIDI;;1;2 filas, tipo B, representante 432380-0
432380-1;5679881;16361070;QUIÑONES, GRACIELA YOLANDA;432380;700432380;NU_MATRICULA real = depto + ID huérfano (R18);5-ORIGINAL_CON_TITULARIDAD_EN_OTRA;MATRICULACION_CON_NUMERO_DE_PROCEDENCIA;MEDIO;"El trámite de matriculación (R18 312052, 2024-11-22, CRIDI) generó la matrícula ID 1246 (700432380) desde la procedencia ""MAT 432380"" del depto 07. La fila B2 quedó con ID_MATRICULA = 432380 (número de procedencia) en vez de 1246. En esa matrícula figura como histórico (B4) otro registro de persona con el mismo documento y nombre compatible (QUIÑONEZ, GRACIELA YOLANDA).";1246;;R18 312052;B4 de 1246;REVISAR;B;2024-11-22 08:04:29;FALEGRE;;1;
434027-0;5032175;3277136;DELGADO, JUAN AGUSTIN;434027;1500434027;NU_MATRICULA real = depto + ID huérfano (R18);6-ORIGINAL_UNICO;MATRICULACION_CON_NUMERO_DE_PROCEDENCIA;MEDIO;"El trámite de matriculación (R18 33454, 2017-12-06, GAVITA, anexado al mismo caso 00CASO021637017000) generó la matrícula ID 5024564 (1500434027) desde la procedencia ""MAT 434027"" del depto 15. La fila B2 quedó con ID_MATRICULA = 434027 (número de procedencia) en vez de 5024564. En esa matrícula la MISMA persona figura como titular HISTÓRICO (B4): la titularidad ya está registrada y cerrada, y el huérfano la sigue mostrando como activa.";5024564;5032175;00CASO021637017000;B4 de 5024564;CANDIDATO_ELIMINACION;B;2017-12-06 14:46:22;GAVITA;00CASO021637017000;0;
435244-0;5580842;8027573;NAVARRO, JUAN ANTONIO;435244;1500435244;NU_MATRICULA real = depto + ID huérfano (R18);6-ORIGINAL_UNICO;MATRICULACION_CON_NUMERO_DE_PROCEDENCIA_SIN_TITULAR_EN_REAL;MEDIO;"El trámite de matriculación (R18 107988, 2019-07-02, MVILLADA) generó la matrícula ID 1615112 (1500435244) desde la procedencia ""MAT 435244"" del depto 15. La fila B2 quedó con ID_MATRICULA = 435244 (número de procedencia) en vez de 1615112. Pero la persona NO figura como titular, ni activa ni histórica, en la matrícula ID 1615112: la fila huérfana puede ser el único rastro de esa titularidad. Corresponde re-vincular tras verificar, no borrar.";1615112;;R18 107988;;CONSERVAR;B;2019-08-14 07:28:03;CMINOLA;;1;
1400669-0;1415649;;ZOGBI, ROBERTO;1400669;255622;misma procedencia tomo/foja/inscripción (sin el titular);6-ORIGINAL_UNICO;HEREDADO_DE_MIGRACION;MEDIO;La fila ya existía en la migración (está en DIG_DOC_R00_B2_20170902) y el ID conserva 1 filas hijas en R00. La matrícula 1400669 no llegó a R00 o se borró después. Es historia registral, no una copia. La candidata 5017797 no tiene a esta persona como titular.;5017797;;;;CONSERVAR;C;2008-06-20 00:00:00;;;;
1439223-1;404900;8149976;LEMOLI, JUAN CARLOS;1439223;;;5-ORIGINAL_CON_TITULARIDAD_EN_OTRA;CABECERA_R00_FALTANTE_SIN_GEMELA;MEDIO;Sin cabecera R00, pero con 1 filas hijas del formulario y 1 filas en B4, y sin matrícula gemela ni titularidad equivalente. Parece una matrícula real a la que le falta la fila de R00: lo que falta es la cabecera, no sobra el titular.;;;;;CONSERVAR;C;2024-06-28 13:43:10;DRIVEROS;;1;
1439223-0;1443912;320817;LEMOLI, JUAN CARLOS;1439223;;;6-ORIGINAL_UNICO;HEREDADO_DE_MIGRACION;MEDIO;La fila ya existía en la migración (está en DIG_DOC_R00_B2_20170902) y el ID conserva 1 filas hijas en R00. La matrícula 1439223 no llegó a R00 o se borró después. Es historia registral, no una copia.;;;;;CONSERVAR;C;1997-07-22 00:00:00;;;;
1530537-0;1538448;17600230;SARRADELL, RAMON ISMAEL;1530537;;;5-ORIGINAL_CON_TITULARIDAD_EN_OTRA;MATRICULA_MIGRADA_SIN_R00;BAJO;El ID es una matrícula registrada por la migración (V_PROCEDENCIA_DOMNIO_MIG) cuya cabecera R00 ya no existe, y no hay otra matrícula con su tomo/foja donde esta persona sea titular. El WORKFLOW grabó la titularidad (2019-05-06), así que la matrícula probablemente existía en ese momento y se borró después.;;;;;CONSERVAR;C;2019-05-06 11:04:20;ISRAMIREZ;;1;
1530537-1;1538456;23368619;DI MANO, VIVIANA PATRICIA;1530537;;;5-ORIGINAL_CON_TITULARIDAD_EN_OTRA;MATRICULA_MIGRADA_SIN_R00;BAJO;El ID es una matrícula registrada por la migración (V_PROCEDENCIA_DOMNIO_MIG) cuya cabecera R00 ya no existe, y no hay otra matrícula con su tomo/foja donde esta persona sea titular. El WORKFLOW grabó la titularidad (2019-05-06), así que la matrícula probablemente existía en ese momento y se borró después.;;;;;CONSERVAR;C;2019-05-06 11:05:36;ISRAMIREZ;;1;
1538495-0;1545135;20949574;CAMARGO, MARIA ESTER;1538495;;;4-LEGADO_SIN_ALTA;HEREDADO_DE_MIGRACION;MEDIO;La fila ya existía en la migración (está en DIG_DOC_R00_B2_20170902) y el ID conserva 4 filas hijas en R00. La matrícula 1538495 no llegó a R00 o se borró después. Es historia registral, no una copia.;;;;;CONSERVAR;C;;;;;
1538495-1;1545136;21809687;GUZMAN, FRANCISCO ROMUALDO;1538495;;;4-LEGADO_SIN_ALTA;HEREDADO_DE_MIGRACION;MEDIO;La fila ya existía en la migración (está en DIG_DOC_R00_B2_20170902) y el ID conserva 4 filas hijas en R00. La matrícula 1538495 no llegó a R00 o se borró después. Es historia registral, no una copia.;;;;;CONSERVAR;C;;;;;
5050106-0;5060858;3351655;ALONSO AVILA, FERNANDO;5050106;;misma procedencia tomo/foja/inscripción;5-ORIGINAL_CON_TITULARIDAD_EN_OTRA;MATRICULA_MIGRADA_RE_MATRICULADA_SIN_TITULAR_EN_REAL;MEDIO;El ID 5050106 es una matrícula de la migración (V_PROCEDENCIA_DOMNIO_MIG) que ya no tiene cabecera en R00. La matrícula ID 6336819 (sin NU) tiene el mismo tomo/foja/inscripción/departamento: es la misma finca, re-matriculada. Pero la persona NO figura como titular, ni activa ni histórica, en la matrícula ID 6336819: la fila huérfana puede ser el único rastro de esa titularidad. Corresponde re-vincular tras verificar, no borrar.;6336819;;;;CONSERVAR;E;2020-09-07 13:04:29;SBONANO;;1;
5084836-0;5635066;3347310;ALARCON, JOSE;5084836;300588099;misma procedencia tomo/foja/inscripción;5-ORIGINAL_CON_TITULARIDAD_EN_OTRA;MATRICULA_MIGRADA_RE_MATRICULADA;MEDIO;El ID 5084836 es una matrícula de la migración (V_PROCEDENCIA_DOMNIO_MIG) que ya no tiene cabecera en R00. La matrícula ID 234520 (300588099) tiene el mismo tomo/foja/inscripción/departamento: es la misma finca, re-matriculada. En esa matrícula la MISMA persona (CD_PERSONA) ya es titular ACTIVA: la fila huérfana repite una titularidad existente.;234520;5635066;;234520-0;CANDIDATO_ELIMINACION;E;2022-08-19 13:08:34;MVILLADA;;1;
5126650-0;5635559;;PAVONI, JUAN JOSE MARIO;5126650;300579755;misma procedencia tomo/foja/inscripción;6-ORIGINAL_UNICO;MATRICULA_MIGRADA_RE_MATRICULADA_SIN_TITULAR_EN_REAL;MEDIO;El ID 5126650 es una matrícula de la migración (V_PROCEDENCIA_DOMNIO_MIG) que ya no tiene cabecera en R00. La matrícula ID 5586863 (300579755) tiene el mismo tomo/foja/inscripción/departamento: es la misma finca, re-matriculada. Pero la persona NO figura como titular, ni activa ni histórica, en la matrícula ID 5586863: la fila huérfana puede ser el único rastro de esa titularidad. Corresponde re-vincular tras verificar, no borrar.;5586863;;;;CONSERVAR;E;2022-08-26 10:32:25;CMINOLA;;1;
5134600-0;5163101;;PORRO, ABELARDO;5134600;700255732;misma procedencia tomo/foja/inscripción (sin el titular);6-ORIGINAL_UNICO;HEREDADO_DE_MIGRACION;MEDIO;La fila ya existía en la migración (está en DIG_DOC_R00_B2_20170902) y el ID conserva 1 filas hijas en R00. La matrícula 5134600 no llegó a R00 o se borró después. Es historia registral, no una copia. La candidata 5021166 no tiene a esta persona como titular.;5021166;;;;CONSERVAR;E;2008-05-26 00:00:00;;;;
5134600-1;5363923;8239596;PORRO, ABELARDO ARTURO;5134600;700255732;matrícula generada por el R18 cuya procedencia es el ID;5-ORIGINAL_CON_TITULARIDAD_EN_OTRA;MATRICULACION_CON_NUMERO_DE_PROCEDENCIA + GRUPO_C;ALTO;"El trámite de matriculación (R18 149130, 2020-09-23, GJFIORENS, anexado al mismo caso 00CASO017125820000) generó la matrícula ID 5021166 (700255732) desde la procedencia ""MAT 255732"" del depto 07. La fila B2 quedó con ID_MATRICULA = 5134600 (número de procedencia) en vez de 5021166. En esa matrícula la MISMA persona (CD_PERSONA) ya es titular ACTIVA: la fila huérfana repite una titularidad existente. El grupo (2 filas) cambian datos relevantes: NU_NUMERADOR, NU_ASIEN_2: pueden ser actos distintos (otra fecha de adquisición u otro porcentaje), así que hay que compararlo con la matrícula real antes de tocarlo.";5021166;5363923;00CASO017125820000;5021166-0;REVISAR;E;2020-09-23 17:13:21;GJFIORENS;00CASO017125820000;0;2 filas, tipo C, representante 5134600-1
5134600-2;5363923;8239596;PORRO, ABELARDO ARTURO;5134600;700255732;matrícula generada por el R18 cuya procedencia es el ID;3-COPIA_REGRABADO;MATRICULACION_CON_NUMERO_DE_PROCEDENCIA + COPIA_C;ALTO;"El trámite de matriculación (R18 149130, 2020-09-23, GJFIORENS, anexado al mismo caso 00CASO017125820000) generó la matrícula ID 5021166 (700255732) desde la procedencia ""MAT 255732"" del depto 07. La fila B2 quedó con ID_MATRICULA = 5134600 (número de procedencia) en vez de 5021166. En esa matrícula la MISMA persona (CD_PERSONA) ya es titular ACTIVA: la fila huérfana repite una titularidad existente. Además es la copia n.º 2 de 2 de la misma titularidad en el mismo ID (tipo C: cambian datos relevantes: NU_NUMERADOR, NU_ASIEN_2); se conserva como representante 5134600-1. El grupo (2 filas) cambian datos relevantes: NU_NUMERADOR, NU_ASIEN_2: pueden ser actos distintos (otra fecha de adquisición u otro porcentaje), así que hay que compararlo con la matrícula real antes de tocarlo.";5021166;5363923;00CASO017125820000;5021166-0;REVISAR;E;2020-09-23 18:19:32;GACHIARELL;00CASO017125820000;0;2 filas, tipo C, representante 5134600-1
5135828-0;5651211;3327729;CENTORBI, SALVADOR;5135828;300576433;misma procedencia tomo/foja/inscripción;5-ORIGINAL_CON_TITULARIDAD_EN_OTRA;MATRICULA_MIGRADA_RE_MATRICULADA_SIN_TITULAR_EN_REAL;MEDIO;El ID 5135828 es una matrícula de la migración (V_PROCEDENCIA_DOMNIO_MIG) que ya no tiene cabecera en R00. La matrícula ID 6347418 (300576433) tiene el mismo tomo/foja/inscripción/departamento: es la misma finca, re-matriculada. Pero la persona NO figura como titular, ni activa ni histórica, en la matrícula ID 6347418: la fila huérfana puede ser el único rastro de esa titularidad. Corresponde re-vincular tras verificar, no borrar.;6347418;;;;CONSERVAR;E;2023-05-19 08:05:17;AHERNANDEZ;;1;2 filas, tipo A, representante 5135828-0
5135828-1;5651211;3327729;CENTORBI, SALVADOR;5135828;300576433;misma procedencia tomo/foja/inscripción;3-COPIA_REGRABADO;COPIA_REGRABADO_A / MATRICULA_MIGRADA_RE_MATRICULADA_SIN_TITULAR_EN_REAL;ALTO;"El ID 5135828 es una matrícula de la migración (V_PROCEDENCIA_DOMNIO_MIG) que ya no tiene cabecera en R00. La matrícula ID 6347418 (300576433) tiene el mismo tomo/foja/inscripción/departamento: es la misma finca, re-matriculada. Pero la persona NO figura como titular, ni activa ni histórica, en la matrícula ID 6347418: la fila huérfana puede ser el único rastro de esa titularidad. Corresponde re-vincular tras verificar, no borrar. Además es la copia n.º 2 de 2 de la misma titularidad en el mismo ID (tipo A: idénticas salvo DT_ALTA / TM_DESDE / NU_SEQUENCE); se conserva como representante 5135828-0.";6347418;;;5135828-0;CANDIDATO_ELIMINACION;E;2023-05-19 08:06:04;AHERNANDEZ;;1;2 filas, tipo A, representante 5135828-0
5158862-0;5651656;;XXX, XXXX;5158862;;;6-ORIGINAL_UNICO;MATRICULA_MIGRADA_SIN_R00;BAJO;El ID es una matrícula registrada por la migración (V_PROCEDENCIA_DOMNIO_MIG) cuya cabecera R00 ya no existe, y no hay otra matrícula con su tomo/foja donde esta persona sea titular. El WORKFLOW grabó la titularidad (2023-05-30), así que la matrícula probablemente existía en ese momento y se borró después.;;;;;CONSERVAR;E;2023-05-30 08:11:26;RCARDENAS;;1;
5189362-0;5638546;;LUCISANO, FRANCISCA;5189362;300582686;misma procedencia tomo/foja/inscripción;6-ORIGINAL_UNICO;MATRICULA_MIGRADA_RE_MATRICULADA_SIN_TITULAR_EN_REAL;MEDIO;El ID 5189362 es una matrícula de la migración (V_PROCEDENCIA_DOMNIO_MIG) que ya no tiene cabecera en R00. La matrícula ID 6357593 (300582686) tiene el mismo tomo/foja/inscripción/departamento: es la misma finca, re-matriculada. Pero la persona NO figura como titular, ni activa ni histórica, en la matrícula ID 6357593: la fila huérfana puede ser el único rastro de esa titularidad. Corresponde re-vincular tras verificar, no borrar.;6357593;;;;CONSERVAR;E;2022-10-06 08:35:15;CMINOLA;;1;
5190122-2;1644505;28399260;SIMUNOVIC, DAVID JORGE;5190122;;;5-ORIGINAL_CON_TITULARIDAD_EN_OTRA;MATRICULA_MIGRADA_SIN_R00;BAJO;El ID es una matrícula registrada por la migración (V_PROCEDENCIA_DOMNIO_MIG) cuya cabecera R00 ya no existe, y no hay otra matrícula con su tomo/foja donde esta persona sea titular. El WORKFLOW grabó la titularidad (2021-06-30), así que la matrícula probablemente existía en ese momento y se borró después.;;;;;CONSERVAR;E;2021-06-30 19:05:48;CRIDI;;1;
5190122-0;5438380;30837280;MORALES, VALERIA VIVIANA;5190122;;;5-ORIGINAL_CON_TITULARIDAD_EN_OTRA;HEREDADO_DE_MIGRACION;MEDIO;La fila ya existía en la migración (está en DIG_DOC_R00_B2_20170902). La matrícula 5190122 no llegó a R00 o se borró después. Es historia registral, no una copia.;;;;;CONSERVAR;E;2021-06-30 19:03:55;CRIDI;;1;2 filas, tipo A, representante 5190122-0
5190122-1;5438380;30837280;MORALES, VALERIA VIVIANA;5190122;;;3-COPIA_REGRABADO;COPIA_REGRABADO_A / MATRICULA_MIGRADA_SIN_R00;ALTO;"El ID es una matrícula registrada por la migración (V_PROCEDENCIA_DOMNIO_MIG) cuya cabecera R00 ya no existe, y no hay otra matrícula con su tomo/foja donde esta persona sea titular. El WORKFLOW grabó la titularidad (2021-06-30), así que la matrícula probablemente existía en ese momento y se borró después. Además es la copia n.º 2 de 2 de la misma titularidad en el mismo ID (tipo A: idénticas salvo DT_ALTA / TM_DESDE / NU_SEQUENCE); se conserva como representante 5190122-0.";;;;5190122-0;CANDIDATO_ELIMINACION;E;2021-06-30 19:05:04;CRIDI;;1;2 filas, tipo A, representante 5190122-0
5198683-0;5626371;3612503;CORDOBA DE BOERO, RAMONA OLGA;5198683;300581115;misma procedencia tomo/foja/inscripción;5-ORIGINAL_CON_TITULARIDAD_EN_OTRA;MATRICULA_MIGRADA_RE_MATRICULADA;MEDIO;El ID 5198683 es una matrícula de la migración (V_PROCEDENCIA_DOMNIO_MIG) que ya no tiene cabecera en R00. La matrícula ID 6351345 (300581115) tiene el mismo tomo/foja/inscripción/departamento: es la misma finca, re-matriculada. En esa matrícula otro registro de persona con el mismo documento y nombre compatible (CORDOBA DE BOERO, RAMONA OLGA) ya es titular ACTIVO. Es probable que sea la misma titularidad, pero mismo DNI no es misma persona.;6351345;5626373;;6351345-0;REVISAR;E;2022-03-31 12:00:01;MVILLADA;;1;
5198683-1;5626372;3612503;CORDOBA DE BOERO, RAMONA OLGA;5198683;300581115;misma procedencia tomo/foja/inscripción;5-ORIGINAL_CON_TITULARIDAD_EN_OTRA;MATRICULA_MIGRADA_RE_MATRICULADA;MEDIO;El ID 5198683 es una matrícula de la migración (V_PROCEDENCIA_DOMNIO_MIG) que ya no tiene cabecera en R00. La matrícula ID 6351345 (300581115) tiene el mismo tomo/foja/inscripción/departamento: es la misma finca, re-matriculada. En esa matrícula otro registro de persona con el mismo documento y nombre compatible (CORDOBA DE BOERO, RAMONA OLGA) ya es titular ACTIVO. Es probable que sea la misma titularidad, pero mismo DNI no es misma persona.;6351345;5626373;;6351345-0;REVISAR;E;2022-03-31 12:00:02;MVILLADA;;1;
5198683-2;5626373;3612503;CORDOBA DE BOERO, RAMONA OLGA;5198683;300581115;misma procedencia tomo/foja/inscripción;5-ORIGINAL_CON_TITULARIDAD_EN_OTRA;MATRICULA_MIGRADA_RE_MATRICULADA;MEDIO;El ID 5198683 es una matrícula de la migración (V_PROCEDENCIA_DOMNIO_MIG) que ya no tiene cabecera en R00. La matrícula ID 6351345 (300581115) tiene el mismo tomo/foja/inscripción/departamento: es la misma finca, re-matriculada. En esa matrícula la MISMA persona (CD_PERSONA) ya es titular ACTIVA: la fila huérfana repite una titularidad existente.;6351345;5626373;;6351345-0;CANDIDATO_ELIMINACION;E;2022-03-31 12:01:08;MVILLADA;;1;2 filas, tipo A, representante 5198683-2
5198683-3;5626373;3612503;CORDOBA DE BOERO, RAMONA OLGA;5198683;300581115;misma procedencia tomo/foja/inscripción;3-COPIA_REGRABADO;MATRICULA_MIGRADA_RE_MATRICULADA + COPIA_A;MEDIO;"El ID 5198683 es una matrícula de la migración (V_PROCEDENCIA_DOMNIO_MIG) que ya no tiene cabecera en R00. La matrícula ID 6351345 (300581115) tiene el mismo tomo/foja/inscripción/departamento: es la misma finca, re-matriculada. En esa matrícula la MISMA persona (CD_PERSONA) ya es titular ACTIVA: la fila huérfana repite una titularidad existente. Además es la copia n.º 2 de 2 de la misma titularidad en el mismo ID (tipo A: idénticas salvo DT_ALTA / TM_DESDE / NU_SEQUENCE); se conserva como representante 5198683-2.";6351345;5626373;;6351345-0;CANDIDATO_ELIMINACION;E;2022-03-31 12:01:08;MVILLADA;;1;2 filas, tipo A, representante 5198683-2
5240782-0;5621485;;CASTRO GOMEZ, JUAN;5240782;;;6-ORIGINAL_UNICO;MATRICULA_MIGRADA_SIN_R00;BAJO;El ID es una matrícula registrada por la migración (V_PROCEDENCIA_DOMNIO_MIG) cuya cabecera R00 ya no existe, y no hay otra matrícula con su tomo/foja donde esta persona sea titular. El WORKFLOW grabó la titularidad (2021-12-27), así que la matrícula probablemente existía en ese momento y se borró después.;;;;;CONSERVAR;E;2021-12-27 08:39:33;MVILLADA;;1;
5328419-3;5226145;11706751;DIAMBROGIO, SILVIA AMALIA;5328419;600333432;matrícula gemela por nomenclatura/padrón;4-LEGADO_SIN_ALTA;CABECERA_R00_FALTANTE_GEMELA_SIN_TITULAR;BAJO;Sin cabecera R00, con filas hijas. La matrícula ID 6379823 tiene la misma nomenclatura o padrón, pero esta persona no es titular ahí: puede ser otro inmueble del mismo parcelario o una titularidad que no se trasladó.;6379823;;;;REVISAR;E;;;;;
5328419-2;5226147;10037849;DIAMBROGIO, SONIA GRISELDA;5328419;600333432;matrícula gemela por nomenclatura/padrón;4-LEGADO_SIN_ALTA;CABECERA_R00_FALTANTE_GEMELA_SIN_TITULAR;BAJO;Sin cabecera R00, con filas hijas. La matrícula ID 6379823 tiene la misma nomenclatura o padrón, pero esta persona no es titular ahí: puede ser otro inmueble del mismo parcelario o una titularidad que no se trasladó.;6379823;;;;REVISAR;E;;;;;
5328419-0;5322382;5410357;DIAMBROGIO, MARIA CRISTINA;5328419;600333432;matrícula gemela por nomenclatura/padrón;4-LEGADO_SIN_ALTA;CABECERA_R00_FALTANTE_GEMELA_SIN_TITULAR;BAJO;Sin cabecera R00, con filas hijas. La matrícula ID 6379823 tiene la misma nomenclatura o padrón, pero esta persona no es titular ahí: puede ser otro inmueble del mismo parcelario o una titularidad que no se trasladó.;6379823;;;;REVISAR;E;;;;;
5328419-1;5322383;5458798;DIAMBROGIO, HILDA GLADYS;5328419;600333432;matrícula gemela por nomenclatura/padrón;4-LEGADO_SIN_ALTA;CABECERA_R00_FALTANTE_GEMELA_SIN_TITULAR;BAJO;Sin cabecera R00, con filas hijas. La matrícula ID 6379823 tiene la misma nomenclatura o padrón, pero esta persona no es titular ahí: puede ser otro inmueble del mismo parcelario o una titularidad que no se trasladó.;6379823;;;;REVISAR;E;;;;;
6003141-1;1000145;17160991;VOOS, RUT MARIA;6003141;;;4-LEGADO_SIN_ALTA;HEREDADO_DE_MIGRACION;MEDIO;La fila ya existía en la migración (está en DIG_DOC_R00_B2_20170902) y el ID conserva 6 filas hijas en R00. La matrícula 6003141 no llegó a R00 o se borró después. Es historia registral, no una copia.;;;;;CONSERVAR;E;;;;;
6003141-0;1456068;16868055;SOTO, JORGE WALTER;6003141;;;4-LEGADO_SIN_ALTA;HEREDADO_DE_MIGRACION;MEDIO;La fila ya existía en la migración (está en DIG_DOC_R00_B2_20170902) y el ID conserva 6 filas hijas en R00. La matrícula 6003141 no llegó a R00 o se borró después. Es historia registral, no una copia.;;;;;CONSERVAR;E;;;;;
6368052-2;5658918;05071446;FORTTE, LIDIA DELIA;6368052;700631865;matrícula gemela por nomenclatura/padrón;4-LEGADO_SIN_ALTA;CABECERA_R00_FALTANTE_GEMELA_SIN_TITULAR;BAJO;Sin cabecera R00, con filas hijas. La matrícula ID 6395884 tiene la misma nomenclatura o padrón, pero esta persona no es titular ahí: puede ser otro inmueble del mismo parcelario o una titularidad que no se trasladó.;6395884;;;;REVISAR;E;;;00CASO027547823000;;
6368052-3;5658919;28156848;VIDELA, MARIA ADELA;6368052;700631865;matrícula gemela por nomenclatura/padrón;4-LEGADO_SIN_ALTA;CABECERA_R00_FALTANTE_CON_GEMELA;MEDIO;El ID 6368052 no tiene cabecera en R00 pero conserva 6 filas hijas del formulario (procedencia, nomenclatura, padrón). La matrícula ID 6395884 (700631865) tiene la misma nomenclatura o padrón, y la misma persona es titular activo ahí. El trámite generó la matrícula dos veces y la primera quedó sin cabecera.;6395884;5658919;00CASO023496826000;6395884-1;CANDIDATO_ELIMINACION;E;;;00CASO027547823000;;
6368052-1;5658920;24631530;VIDELA, RUBEN RAMON;6368052;700631865;matrícula gemela por nomenclatura/padrón;4-LEGADO_SIN_ALTA;CABECERA_R00_FALTANTE_CON_GEMELA;MEDIO;El ID 6368052 no tiene cabecera en R00 pero conserva 6 filas hijas del formulario (procedencia, nomenclatura, padrón). La matrícula ID 6395884 (700631865) tiene la misma nomenclatura o padrón, y la misma persona es titular activo ahí. El trámite generó la matrícula dos veces y la primera quedó sin cabecera.;6395884;5658920;00CASO023496826000;6395884-4;CANDIDATO_ELIMINACION;E;;;00CASO027547823000;;
6368052-0;5658922;26830436;VIDELA, DANIEL SEBASTIAN;6368052;700631865;matrícula gemela por nomenclatura/padrón;4-LEGADO_SIN_ALTA;CABECERA_R00_FALTANTE_CON_GEMELA;MEDIO;El ID 6368052 no tiene cabecera en R00 pero conserva 6 filas hijas del formulario (procedencia, nomenclatura, padrón). La matrícula ID 6395884 (700631865) tiene la misma nomenclatura o padrón, y la misma persona es titular activo ahí. El trámite generó la matrícula dos veces y la primera quedó sin cabecera.;6395884;5658922;00CASO023496826000;6395884-2;CANDIDATO_ELIMINACION;E;;;00CASO027547823000;;
6368677-2;2058685;12233464;SARMIENTO, JULIO ANTONIO;6368677;;;4-LEGADO_SIN_ALTA;CABECERA_R00_FALTANTE_SIN_GEMELA;MEDIO;Sin cabecera R00, pero con 6 filas hijas del formulario y 1 filas en B4, y sin matrícula gemela ni titularidad equivalente. Parece una matrícula real a la que le falta la fila de R00: lo que falta es la cabecera, no sobra el titular.;;;;;CONSERVAR;E;;;00CASO030136023000;;
6368677-0;5660268;18837468;GOMERO ALFARO, EMELINA VICTORIA;6368677;;;4-LEGADO_SIN_ALTA;CABECERA_R00_FALTANTE_SIN_GEMELA;MEDIO;Sin cabecera R00, pero con 6 filas hijas del formulario y 1 filas en B4, y sin matrícula gemela ni titularidad equivalente. Parece una matrícula real a la que le falta la fila de R00: lo que falta es la cabecera, no sobra el titular.;;;;;CONSERVAR;E;;;00CASO030136023000;;
6368677-1;5660269;41794987;GOMERO CASTILLO, LUIS GABRIEL;6368677;;;4-LEGADO_SIN_ALTA;CABECERA_R00_FALTANTE_SIN_GEMELA;MEDIO;Sin cabecera R00, pero con 6 filas hijas del formulario y 1 filas en B4, y sin matrícula gemela ni titularidad equivalente. Parece una matrícula real a la que le falta la fila de R00: lo que falta es la cabecera, no sobra el titular.;;;;;CONSERVAR;E;;;00CASO030136023000;;
6368677-3;5660270;40373102;GOMERO CASTILLO, MAYRA ISABEL;6368677;;;4-LEGADO_SIN_ALTA;CABECERA_R00_FALTANTE_SIN_GEMELA;MEDIO;Sin cabecera R00, pero con 6 filas hijas del formulario y 1 filas en B4, y sin matrícula gemela ni titularidad equivalente. Parece una matrícula real a la que le falta la fila de R00: lo que falta es la cabecera, no sobra el titular.;;;;;CONSERVAR;E;;;00CASO030136023000;;
6369820-0;5554096;23095710;AGUERO, JORGE ALBERTO;6369820;500602331;matrícula gemela por nomenclatura/padrón;4-LEGADO_SIN_ALTA;CABECERA_R00_FALTANTE_CON_GEMELA;MEDIO;El ID 6369820 no tiene cabecera en R00 pero conserva 5 filas hijas del formulario (procedencia, nomenclatura, padrón). La matrícula ID 6369821 (500602331) tiene la misma nomenclatura o padrón, y la misma persona es titular activo ahí. El trámite generó la matrícula dos veces y la primera quedó sin cabecera.;6369821;5554096;00CASO035102923000;6369821-0;CANDIDATO_ELIMINACION;E;;;00CASO035095623000;;
6372206-0;5667505;30713570;LUCONI JURI, MAGALI MARIA BETSABE;6372206;1400610612;matrícula gemela por nomenclatura/padrón;4-LEGADO_SIN_ALTA;CABECERA_R00_FALTANTE_CON_GEMELA;MEDIO;El ID 6372206 no tiene cabecera en R00 pero conserva 5 filas hijas del formulario (procedencia, nomenclatura, padrón). La matrícula ID 6377109 (1400610612) tiene la misma nomenclatura o padrón, y la misma persona es titular activo ahí. El trámite generó la matrícula dos veces y la primera quedó sin cabecera.;6377109;5667505;00CASO024903724000;6377109-0;CANDIDATO_ELIMINACION;E;;;00CASO007194724000;;
6372231-0;5667555;16616535;PALACIO, MANUEL OSCAR;6372231;400605031;matrícula gemela por nomenclatura/padrón;2-BORRADOR_DE_TRAMITE;CABECERA_R00_FALTANTE_CON_GEMELA;ALTO;El ID 6372231 no tiene cabecera en R00 pero conserva 5 filas hijas del formulario (procedencia, nomenclatura, padrón). La matrícula ID 6372245 (400605031) tiene la misma nomenclatura o padrón y comparte el caso de origen, y la misma persona es titular activo ahí. El trámite generó la matrícula dos veces y la primera quedó sin cabecera.;6372245;5667555;00CASO007322424000;6372245-0;CANDIDATO_ELIMINACION;E;;;00CASO007322424000;;
6372232-0;5667564;16221355;VALDES, GONZALO RAÚL;6372232;400605032;matrícula gemela por nomenclatura/padrón;2-BORRADOR_DE_TRAMITE;CABECERA_R00_FALTANTE_CON_GEMELA;ALTO;El ID 6372232 no tiene cabecera en R00 pero conserva 5 filas hijas del formulario (procedencia, nomenclatura, padrón). La matrícula ID 6372246 (400605032) tiene la misma nomenclatura o padrón y comparte el caso de origen, y la misma persona es titular activo ahí. El trámite generó la matrícula dos veces y la primera quedó sin cabecera.;6372246;5667564;00CASO007322424000;6372246-0;CANDIDATO_ELIMINACION;E;;;00CASO007322424000;;
6372233-0;5667567;20449925;IBARZABAL, GERARDO ANTONIO;6372233;400605033;matrícula gemela por nomenclatura/padrón;2-BORRADOR_DE_TRAMITE;CABECERA_R00_FALTANTE_CON_GEMELA;ALTO;El ID 6372233 no tiene cabecera en R00 pero conserva 5 filas hijas del formulario (procedencia, nomenclatura, padrón). La matrícula ID 6372247 (400605033) tiene la misma nomenclatura o padrón y comparte el caso de origen, y la misma persona es titular activo ahí. El trámite generó la matrícula dos veces y la primera quedó sin cabecera.;6372247;5667567;00CASO007322424000;6372247-0;CANDIDATO_ELIMINACION;E;;;00CASO007322424000;;
6372233-1;5667569;24020668;RUIZ SAEZ, ANABELIA;6372233;400605033;matrícula gemela por nomenclatura/padrón;2-BORRADOR_DE_TRAMITE;CABECERA_R00_FALTANTE_CON_GEMELA;ALTO;El ID 6372233 no tiene cabecera en R00 pero conserva 5 filas hijas del formulario (procedencia, nomenclatura, padrón). La matrícula ID 6372247 (400605033) tiene la misma nomenclatura o padrón y comparte el caso de origen, y la misma persona es titular activo ahí. El trámite generó la matrícula dos veces y la primera quedó sin cabecera.;6372247;5667569;00CASO007322424000;6372247-1;CANDIDATO_ELIMINACION;E;;;00CASO007322424000;;
6372237-0;5667570;25936082;GARCIA, HÉCTOR MARTÍN;6372237;400605034;matrícula gemela por nomenclatura/padrón;2-BORRADOR_DE_TRAMITE;CABECERA_R00_FALTANTE_GEMELA_SIN_TITULAR;BAJO;Sin cabecera R00, con filas hijas. La matrícula ID 6372248 tiene la misma nomenclatura o padrón, pero esta persona no es titular ahí: puede ser otro inmueble del mismo parcelario o una titularidad que no se trasladó.;6372248;;;;REVISAR;E;;;00CASO007322424000;;
6372241-0;5667574;25158694;ÁLVAREZ, ROXANA LOURDES;6372241;400605035;matrícula gemela por nomenclatura/padrón;2-BORRADOR_DE_TRAMITE;CABECERA_R00_FALTANTE_GEMELA_SIN_TITULAR;BAJO;Sin cabecera R00, con filas hijas. La matrícula ID 6372249 tiene la misma nomenclatura o padrón, pero esta persona no es titular ahí: puede ser otro inmueble del mismo parcelario o una titularidad que no se trasladó.;6372249;;;;REVISAR;E;;;00CASO007322424000;;
6372242-0;5667581;30509138;GARRIDO, CARLOS HERNÁN;6372242;400605036;matrícula gemela por nomenclatura/padrón;2-BORRADOR_DE_TRAMITE;CABECERA_R00_FALTANTE_CON_GEMELA;ALTO;El ID 6372242 no tiene cabecera en R00 pero conserva 5 filas hijas del formulario (procedencia, nomenclatura, padrón). La matrícula ID 6372250 (400605036) tiene la misma nomenclatura o padrón y comparte el caso de origen, y la misma persona es titular activo ahí. El trámite generó la matrícula dos veces y la primera quedó sin cabecera.;6372250;5667581;00CASO007322424000;6372250-0;CANDIDATO_ELIMINACION;E;;;00CASO007322424000;;
6372242-1;5667582;30889222;COMERCI HERNANDEZ, ANDREA SOLEDAD;6372242;400605036;matrícula gemela por nomenclatura/padrón;2-BORRADOR_DE_TRAMITE;CABECERA_R00_FALTANTE_CON_GEMELA;ALTO;El ID 6372242 no tiene cabecera en R00 pero conserva 5 filas hijas del formulario (procedencia, nomenclatura, padrón). La matrícula ID 6372250 (400605036) tiene la misma nomenclatura o padrón y comparte el caso de origen, y la misma persona es titular activo ahí. El trámite generó la matrícula dos veces y la primera quedó sin cabecera.;6372250;5667582;00CASO007322424000;6372250-1;CANDIDATO_ELIMINACION;E;;;00CASO007322424000;;
6372243-1;5667583;36279414;VEDIA DELMAU, LUCAS DAVID;6372243;;;2-BORRADOR_DE_TRAMITE;CABECERA_R00_FALTANTE_SIN_GEMELA;MEDIO;Sin cabecera R00, pero con 5 filas hijas del formulario y 1 filas en B4, y sin matrícula gemela ni titularidad equivalente. Parece una matrícula real a la que le falta la fila de R00: lo que falta es la cabecera, no sobra el titular.;;;;;CONSERVAR;E;;;00CASO007322424000;;
6372243-0;5667591;39379961;CANO SARAPURA, CINTIA;6372243;;;2-BORRADOR_DE_TRAMITE;CABECERA_R00_FALTANTE_SIN_GEMELA;MEDIO;Sin cabecera R00, pero con 5 filas hijas del formulario y 1 filas en B4, y sin matrícula gemela ni titularidad equivalente. Parece una matrícula real a la que le falta la fila de R00: lo que falta es la cabecera, no sobra el titular.;;;;;CONSERVAR;E;;;00CASO007322424000;;
6372244-0;5667593;27580205;BELMONTE, MARÍA FERNANDA;6372244;400605038;matrícula gemela por nomenclatura/padrón;2-BORRADOR_DE_TRAMITE;CABECERA_R00_FALTANTE_CON_GEMELA;ALTO;El ID 6372244 no tiene cabecera en R00 pero conserva 5 filas hijas del formulario (procedencia, nomenclatura, padrón). La matrícula ID 6372252 (400605038) tiene la misma nomenclatura o padrón y comparte el caso de origen, y la misma persona es titular activo ahí. El trámite generó la matrícula dos veces y la primera quedó sin cabecera.;6372252;5667593;00CASO007322424000;6372252-0;CANDIDATO_ELIMINACION;E;;;00CASO007322424000;;
6372514-0;5667987;16294703;GARNICA, CLAUDIA BEATRIZ;6372514;600209422;matrícula gemela por nomenclatura/padrón;2-BORRADOR_DE_TRAMITE;CABECERA_R00_FALTANTE_CON_GEMELA;ALTO;El ID 6372514 no tiene cabecera en R00 pero conserva 5 filas hijas del formulario (procedencia, nomenclatura, padrón). La matrícula ID 1639606 (600209422) tiene la misma nomenclatura o padrón, y la misma persona es titular activo ahí. El trámite generó la matrícula dos veces y la primera quedó sin cabecera.;1639606;5667987;00CASO008059424000;1639606-216;CANDIDATO_ELIMINACION;E;;;00CASO008059424000;;
6372559-0;5363646;31432041;TORRE, MATIAS FELIPE;6372559;;;4-LEGADO_SIN_ALTA;CABECERA_R00_FALTANTE_SIN_GEMELA;MEDIO;Sin cabecera R00, pero con 5 filas hijas del formulario y 1 filas en B4, y sin matrícula gemela ni titularidad equivalente. Parece una matrícula real a la que le falta la fila de R00: lo que falta es la cabecera, no sobra el titular.;;;;;CONSERVAR;E;;;00CASO008169524000;;
6372766-0;5578890;30735874;AVILA, CARLOS JONATHAN;6372766;400604056;matrícula gemela por nomenclatura/padrón;4-LEGADO_SIN_ALTA;CABECERA_R00_FALTANTE_GEMELA_SIN_TITULAR;BAJO;Sin cabecera R00, con filas hijas. La matrícula ID 6371326 tiene la misma nomenclatura o padrón, pero esta persona no es titular ahí: puede ser otro inmueble del mismo parcelario o una titularidad que no se trasladó.;6371326;;;;REVISAR;E;;;00CASO008807224000;;
6374033-0;5670449;13469390;MIRANDA, CARLOS NARCISO;6374033;300607621;matrícula gemela por nomenclatura/padrón;4-LEGADO_SIN_ALTA;CABECERA_R00_FALTANTE_CON_GEMELA;MEDIO;El ID 6374033 no tiene cabecera en R00 pero conserva 5 filas hijas del formulario (procedencia, nomenclatura, padrón). La matrícula ID 6374499 (300607621) tiene la misma nomenclatura o padrón, y la misma persona es titular activo ahí. El trámite generó la matrícula dos veces y la primera quedó sin cabecera.;6374499;5670449;00CASO015691824000;6374499-0;CANDIDATO_ELIMINACION;E;;;00CASO012880424000;;
6374033-1;5670450;12117886;LUCERO, MERCEDES SUSANA;6374033;300607621;matrícula gemela por nomenclatura/padrón;4-LEGADO_SIN_ALTA;CABECERA_R00_FALTANTE_CON_GEMELA;MEDIO;El ID 6374033 no tiene cabecera en R00 pero conserva 5 filas hijas del formulario (procedencia, nomenclatura, padrón). La matrícula ID 6374499 (300607621) tiene la misma nomenclatura o padrón, y la misma persona es titular activo ahí. El trámite generó la matrícula dos veces y la primera quedó sin cabecera.;6374499;5670450;00CASO015691824000;6374499-1;CANDIDATO_ELIMINACION;E;;;00CASO012880424000;;
6374704-0;5671806;38416361;BENTO, LUCIANO EZEQUIEL;6374704;700608866;matrícula gemela por nomenclatura/padrón;4-LEGADO_SIN_ALTA;CABECERA_R00_FALTANTE_CON_GEMELA;MEDIO;El ID 6374704 no tiene cabecera en R00 pero conserva 5 filas hijas del formulario (procedencia, nomenclatura, padrón). La matrícula ID 6375567 (700608866) tiene la misma nomenclatura o padrón, y la misma persona es titular activo ahí. El trámite generó la matrícula dos veces y la primera quedó sin cabecera.;6375567;5671806;00CASO019846524000;6375567-0;CANDIDATO_ELIMINACION;E;;;00CASO016686324000;;
6374705-0;5671806;38416361;BENTO, LUCIANO EZEQUIEL;6374705;700608867;matrícula gemela por nomenclatura/padrón;4-LEGADO_SIN_ALTA;CABECERA_R00_FALTANTE_CON_GEMELA;MEDIO;El ID 6374705 no tiene cabecera en R00 pero conserva 5 filas hijas del formulario (procedencia, nomenclatura, padrón). La matrícula ID 6375568 (700608867) tiene la misma nomenclatura o padrón, y la misma persona es titular activo ahí. El trámite generó la matrícula dos veces y la primera quedó sin cabecera.;6375568;5671806;00CASO019846524000;6375568-0;CANDIDATO_ELIMINACION;E;;;00CASO016686324000;;
6374973-0;5519602;32019461;VANELLA, PABLO EXEQUIEL;6374973;;;4-LEGADO_SIN_ALTA;CABECERA_R00_FALTANTE_SIN_GEMELA;MEDIO;Sin cabecera R00, pero con 5 filas hijas del formulario y 1 filas en B4, y sin matrícula gemela ni titularidad equivalente. Parece una matrícula real a la que le falta la fila de R00: lo que falta es la cabecera, no sobra el titular.;;;;;CONSERVAR;E;;;00CASO018026324000;;
6375194-0;5434607;31645314;MASERA, IGNACIO DAVID;6375194;500176635;matrícula gemela por nomenclatura/padrón;4-LEGADO_SIN_ALTA;CABECERA_R00_FALTANTE_CON_GEMELA;MEDIO;El ID 6375194 no tiene cabecera en R00 pero conserva 5 filas hijas del formulario (procedencia, nomenclatura, padrón). La matrícula ID 1589056 (500176635) tiene la misma nomenclatura o padrón, y la misma persona es titular activo ahí. El trámite generó la matrícula dos veces y la primera quedó sin cabecera.;1589056;5434607;00CASO018834224000;1589056-0;CANDIDATO_ELIMINACION;E;;;00CASO018834224000;;
6375194-1;5445478;36962608;ZABALZA MARENGO, SOLEDAD;6375194;500176635;matrícula gemela por nomenclatura/padrón;4-LEGADO_SIN_ALTA;CABECERA_R00_FALTANTE_CON_GEMELA;MEDIO;El ID 6375194 no tiene cabecera en R00 pero conserva 5 filas hijas del formulario (procedencia, nomenclatura, padrón). La matrícula ID 1589056 (500176635) tiene la misma nomenclatura o padrón, y la misma persona es titular activo ahí. El trámite generó la matrícula dos veces y la primera quedó sin cabecera.;1589056;5445478;00CASO018834224000;1589056-1;CANDIDATO_ELIMINACION;E;;;00CASO018834224000;;
6378107-0;5678447;35998961;MARINO, MARCELA ALEJANDRA;6378107;600611740;matrícula gemela por nomenclatura/padrón;4-LEGADO_SIN_ALTA;CABECERA_R00_FALTANTE_CON_GEMELA;MEDIO;El ID 6378107 no tiene cabecera en R00 pero conserva 5 filas hijas del formulario (procedencia, nomenclatura, padrón). La matrícula ID 6378108 (600611740) tiene la misma nomenclatura o padrón, y la misma persona es titular activo ahí. El trámite generó la matrícula dos veces y la primera quedó sin cabecera.;6378108;5678447;00CASO028994024000;6378108-0;CANDIDATO_ELIMINACION;E;;;00CASO028992324000;;
6378107-1;5678448;34382307;CAROSSO, MARIAS HERNAN;6378107;600611740;matrícula gemela por nomenclatura/padrón;4-LEGADO_SIN_ALTA;CABECERA_R00_FALTANTE_CON_GEMELA;MEDIO;El ID 6378107 no tiene cabecera en R00 pero conserva 5 filas hijas del formulario (procedencia, nomenclatura, padrón). La matrícula ID 6378108 (600611740) tiene la misma nomenclatura o padrón, y la misma persona es titular activo ahí. El trámite generó la matrícula dos veces y la primera quedó sin cabecera.;6378108;5678448;00CASO028994024000;6378108-1;CANDIDATO_ELIMINACION;E;;;00CASO028992324000;;
6379111-0;5680304;32812362;ZERDAN, LUCAS JONATHAN;6379111;600612900;matrícula gemela por nomenclatura/padrón;4-LEGADO_SIN_ALTA;CABECERA_R00_FALTANTE_CON_GEMELA;MEDIO;El ID 6379111 no tiene cabecera en R00 pero conserva 5 filas hijas del formulario (procedencia, nomenclatura, padrón). La matrícula ID 6379112 (600612900) tiene la misma nomenclatura o padrón, y la misma persona es titular activo ahí. El trámite generó la matrícula dos veces y la primera quedó sin cabecera.;6379112;5680304;00CASO032824924000;6379112-0;CANDIDATO_ELIMINACION;E;;;00CASO032824524000;;
6380367-0;5683188;22821077;TORRENS, ANDRES OSVALDO;6380367;;;4-LEGADO_SIN_ALTA;CABECERA_R00_FALTANTE_SIN_GEMELA;MEDIO;Sin cabecera R00, pero con 5 filas hijas del formulario y 1 filas en B4, y sin matrícula gemela ni titularidad equivalente. Parece una matrícula real a la que le falta la fila de R00: lo que falta es la cabecera, no sobra el titular.;;;;;CONSERVAR;E;;;00CASO002602925000;;
6381314-0;5684945;303583;GOMEZ RODRIGUEZ, VICTOR SERVANDO;6381314;37164;matrícula gemela por nomenclatura/padrón;4-LEGADO_SIN_ALTA;CABECERA_R00_FALTANTE_GEMELA_SIN_TITULAR;BAJO;Sin cabecera R00, con filas hijas. La matrícula ID 1439283 tiene la misma nomenclatura o padrón, pero esta persona no es titular ahí: puede ser otro inmueble del mismo parcelario o una titularidad que no se trasladó.;1439283;;;;REVISAR;E;;;00CASO006461925000;;
6381328-0;2037894;27127882;RIVERO, GUILLERMO ANTONIO;6381328;100615563;matrícula gemela por nomenclatura/padrón;4-LEGADO_SIN_ALTA;CABECERA_R00_FALTANTE_CON_GEMELA;MEDIO;El ID 6381328 no tiene cabecera en R00 pero conserva 5 filas hijas del formulario (procedencia, nomenclatura, padrón). La matrícula ID 6381386 (100615563) tiene la misma nomenclatura o padrón, y la misma persona es titular activo ahí. El trámite generó la matrícula dos veces y la primera quedó sin cabecera.;6381386;2037894;00CASO006683025000;6381386-0;CANDIDATO_ELIMINACION;E;;;00CASO006508725000;;
6381352-0;5088698;29385622;COSTANTINO, MARIA LAURA CIAURRO;6381352;100172827;matrícula gemela por nomenclatura/padrón;4-LEGADO_SIN_ALTA;CABECERA_R00_FALTANTE_CON_GEMELA;MEDIO;El ID 6381352 no tiene cabecera en R00 pero conserva 4 filas hijas del formulario (procedencia, nomenclatura, padrón). La matrícula ID 1585649 (100172827) tiene la misma nomenclatura o padrón, y el mismo documento es titular activo ahí. El trámite generó la matrícula dos veces y la primera quedó sin cabecera.;1585649;5686118;00CASO006587925000;1585649-0;CANDIDATO_ELIMINACION;E;;;00CASO006587925000;;
6381398-0;5685071;11954663;GRACIELA, LILIANA ORTIZ;6381398;100615605;matrícula gemela por nomenclatura/padrón;4-LEGADO_SIN_ALTA;CABECERA_R00_FALTANTE_CON_GEMELA;MEDIO;El ID 6381398 no tiene cabecera en R00 pero conserva 5 filas hijas del formulario (procedencia, nomenclatura, padrón). La matrícula ID 6381426 (100615605) tiene la misma nomenclatura o padrón, y el mismo documento es titular activo ahí. El trámite generó la matrícula dos veces y la primera quedó sin cabecera.;6381426;5685096;00CASO006815025000;6381426-0;CANDIDATO_ELIMINACION;E;;;00CASO006745725000;;
6381403-0;5685074;38205401;AGUIRRE, IVANA FLORENCIA;6381403;100615606;matrícula gemela por nomenclatura/padrón;4-LEGADO_SIN_ALTA;CABECERA_R00_FALTANTE_CON_GEMELA;MEDIO;El ID 6381403 no tiene cabecera en R00 pero conserva 5 filas hijas del formulario (procedencia, nomenclatura, padrón). La matrícula ID 6381427 (100615606) tiene la misma nomenclatura o padrón, y la misma persona es titular activo ahí. El trámite generó la matrícula dos veces y la primera quedó sin cabecera.;6381427;5685074;00CASO006816225000;6381427-0;CANDIDATO_ELIMINACION;E;;;00CASO006753925000;;
6381409-0;5641463;22529803;LOPEZ, SONIA LOURDES;6381409;100615608;matrícula gemela por nomenclatura/padrón;4-LEGADO_SIN_ALTA;CABECERA_R00_FALTANTE_CON_GEMELA;MEDIO;El ID 6381409 no tiene cabecera en R00 pero conserva 5 filas hijas del formulario (procedencia, nomenclatura, padrón). La matrícula ID 6381429 (100615608) tiene la misma nomenclatura o padrón, y la misma persona es titular activo ahí. El trámite generó la matrícula dos veces y la primera quedó sin cabecera.;6381429;5641463;00CASO006816925000;6381429-0;CANDIDATO_ELIMINACION;E;;;00CASO006762725000;;
6381545-1;1652781;26524917;CARABALLO, MARIO ALBERTO DANIEL;6381545;;;4-LEGADO_SIN_ALTA;CABECERA_R00_FALTANTE_SIN_GEMELA;MEDIO;Sin cabecera R00, pero con 5 filas hijas del formulario y 1 filas en B4, y sin matrícula gemela ni titularidad equivalente. Parece una matrícula real a la que le falta la fila de R00: lo que falta es la cabecera, no sobra el titular.;;;;;CONSERVAR;E;;;00CASO007192325000;;
6381545-0;1653757;23957769;CARABALLO, JOSE CEFERINO;6381545;;;4-LEGADO_SIN_ALTA;CABECERA_R00_FALTANTE_SIN_GEMELA;MEDIO;Sin cabecera R00, pero con 5 filas hijas del formulario y 1 filas en B4, y sin matrícula gemela ni titularidad equivalente. Parece una matrícula real a la que le falta la fila de R00: lo que falta es la cabecera, no sobra el titular.;;;;;CONSERVAR;E;;;00CASO007192325000;;
6393217-0;5703747;29326729;CHIRINO VIOTTI, JUAN PABLO;6393217;;;4-LEGADO_SIN_ALTA;CABECERA_R00_FALTANTE_SIN_GEMELA;MEDIO;Sin cabecera R00, pero con 5 filas hijas del formulario y 1 filas en B4, y sin matrícula gemela ni titularidad equivalente. Parece una matrícula real a la que le falta la fila de R00: lo que falta es la cabecera, no sobra el titular.;;;;;CONSERVAR;E;;;00CASO013319126000;;
400013472-2;5358354;30308924;GARCIA, MARGARITA;400013472;400013472;ID = NU_MATRICULA de la matrícula real;6-ORIGINAL_UNICO;NU_MATRICULA_COMPLETO_SIN_TITULAR;BAJO;El ID 400013472 es el NU_MATRICULA de la matrícula ID 1559363 (estado ACT). Pero ni la persona ni el documento son titulares ahí (ni en B2 ni en B4): puede ser una coincidencia numérica o una titularidad que nunca se trasladó.;1559363;;;;REVISAR;F;2018-08-24 09:56:50;LUGONZALEZ;;0;
400013472-0;5560795;24263662;GARCIA, MARIA INES;400013472;400013472;ID = NU_MATRICULA de la matrícula real;6-ORIGINAL_UNICO;NU_MATRICULA_COMPLETO_SIN_TITULAR;BAJO;El ID 400013472 es el NU_MATRICULA de la matrícula ID 1559363 (estado ACT). Pero ni la persona ni el documento son titulares ahí (ni en B2 ni en B4): puede ser una coincidencia numérica o una titularidad que nunca se trasladó.;1559363;;;;REVISAR;F;2018-08-24 09:53:19;LUGONZALEZ;;0;
400013472-1;5560796;26297213;GARCIA, ANTONIO ANDRES;400013472;400013472;ID = NU_MATRICULA de la matrícula real;6-ORIGINAL_UNICO;NU_MATRICULA_COMPLETO_SIN_TITULAR;BAJO;El ID 400013472 es el NU_MATRICULA de la matrícula ID 1559363 (estado ACT). Pero ni la persona ni el documento son titulares ahí (ni en B2 ni en B4): puede ser una coincidencia numérica o una titularidad que nunca se trasladó.;1559363;;;;REVISAR;F;2018-08-24 09:55:07;LUGONZALEZ;;0;
800390493-0;1590942;14880514;GARAVAGLIA, DANIEL EDGARDO;800390493;800390493;matrícula generada por el R18 cuya procedencia es el ID;1-CLAVE_EQUIVOCADA;MATRICULACION_CON_NUMERO_DE_PROCEDENCIA;ALTO;"El trámite de matriculación (R18 9284, 2017-06-13, LUGONZALEZ) generó la matrícula ID 5750840 (800390493) desde la procedencia ""MAT 800390493"" del depto 08. La fila B2 quedó con ID_MATRICULA = 800390493 (número de procedencia) en vez de 5750840. En esa matrícula la MISMA persona (CD_PERSONA) ya es titular ACTIVA: la fila huérfana repite una titularidad existente.";5750840;1590942;R18 9284;5750840-19;CANDIDATO_ELIMINACION;F;2018-08-24 11:14:42;MEESPINOLA;;1;
800433207-0;1590942;14880514;GARAVAGLIA, DANIEL EDGARDO;800433207;800433207;matrícula generada por el R18 cuya procedencia es el ID;1-CLAVE_EQUIVOCADA;MATRICULACION_CON_NUMERO_DE_PROCEDENCIA;ALTO;"El trámite de matriculación (R18 19446, 2017-08-31, SRAMIREZ) generó la matrícula ID 5953069 (800433207) desde la procedencia ""MAT 800433207"" del depto 08. La fila B2 quedó con ID_MATRICULA = 800433207 (número de procedencia) en vez de 5953069. En esa matrícula la MISMA persona (CD_PERSONA) ya es titular ACTIVA: la fila huérfana repite una titularidad existente.";5953069;1590942;R18 19446;5953069-0;CANDIDATO_ELIMINACION;F;2018-08-24 11:05:01;MEESPINOLA;;1;2 filas, tipo A, representante 800433207-0
800433207-1;1590942;14880514;GARAVAGLIA, DANIEL EDGARDO;800433207;800433207;matrícula generada por el R18 cuya procedencia es el ID;1-CLAVE_EQUIVOCADA;MATRICULACION_CON_NUMERO_DE_PROCEDENCIA + COPIA_A;ALTO;"El trámite de matriculación (R18 19446, 2017-08-31, SRAMIREZ) generó la matrícula ID 5953069 (800433207) desde la procedencia ""MAT 800433207"" del depto 08. La fila B2 quedó con ID_MATRICULA = 800433207 (número de procedencia) en vez de 5953069. En esa matrícula la MISMA persona (CD_PERSONA) ya es titular ACTIVA: la fila huérfana repite una titularidad existente. Además es la copia n.º 2 de 2 de la misma titularidad en el mismo ID (tipo A: idénticas salvo DT_ALTA / TM_DESDE / NU_SEQUENCE); se conserva como representante 800433207-0.";5953069;1590942;R18 19446;5953069-0;CANDIDATO_ELIMINACION;F;2018-08-24 11:05:38;MEESPINOLA;;1;2 filas, tipo A, representante 800433207-0